date_time,"albany,ny_maxtempC","albany,ny_mintempC","albany,ny_totalSnow_cm","albany,ny_sunHour","albany,ny_uvIndex","albany,ny_uvIndex","albany,ny_moon_illumination","albany,ny_moonrise","albany,ny_moonset","albany,ny_sunrise","albany,ny_sunset","albany,ny_DewPointC","albany,ny_FeelsLikeC","albany,ny_HeatIndexC","albany,ny_WindChillC","albany,ny_WindGustKmph","albany,ny_cloudcover","albany,ny_humidity","albany,ny_precipMM","albany,ny_pressure","albany,ny_tempC","albany,ny_visibility","albany,ny_winddirDegree","albany,ny_windspeedKmph"
2018-12-11 00:00:00,-2,-8,0.0,8.7,2,0,21,10:31 AM,08:22 PM,07:15 AM,04:21 PM,-10,-5,-5,-5,2,9,67,0.0,1023,-5,10,309,1
2018-12-11 03:00:00,-2,-8,0.0,8.7,2,0,21,10:31 AM,08:22 PM,07:15 AM,04:21 PM,-11,-6,-6,-6,4,18,68,0.0,1023,-6,10,173,2
2018-12-11 06:00:00,-2,-8,0.0,8.7,2,0,21,10:31 AM,08:22 PM,07:15 AM,04:21 PM,-12,-7,-7,-7,2,14,68,0.0,1023,-8,10,168,1
2018-12-11 09:00:00,-2,-8,0.0,8.7,2,2,21,10:31 AM,08:22 PM,07:15 AM,04:21 PM,-11,-3,-3,-3,3,8,55,0.0,1021,-4,10,207,3
2018-12-11 12:00:00,-2,-8,0.0,8.7,2,2,21,10:31 AM,08:22 PM,07:15 AM,04:21 PM,-10,-2,-1,-2,4,3,50,0.0,1017,-2,10,189,3
2018-12-11 15:00:00,-2,-8,0.0,8.7,2,2,21,10:31 AM,08:22 PM,07:15 AM,04:21 PM,-9,-2,-2,-2,1,3,58,0.0,1016,-3,10,79,1
2018-12-11 18:00:00,-2,-8,0.0,8.7,2,0,21,10:31 AM,08:22 PM,07:15 AM,04:21 PM,-10,-4,-4,-4,2,94,62,0.0,1016,-4,10,354,1
2018-12-11 21:00:00,-2,-8,0.0,8.7,2,0,21,10:31 AM,08:22 PM,07:15 AM,04:21 PM,-8,-4,-4,-4,3,66,70,0.0,1016,-4,10,220,2
2018-12-12 00:00:00,0,-5,0.1,6.9,1,0,29,11:07 AM,09:20 PM,07:16 AM,04:21 PM,-6,-6,-4,-6,7,81,83,0.0,1015,-4,10,294,4
2018-12-12 03:00:00,0,-5,0.1,6.9,1,0,29,11:07 AM,09:20 PM,07:16 AM,04:21 PM,-6,-7,-3,-7,12,63,83,0.1,1016,-3,7,299,8
2018-12-12 06:00:00,0,-5,0.1,6.9,1,0,29,11:07 AM,09:20 PM,07:16 AM,04:21 PM,-7,-7,-4,-7,13,49,82,0.0,1018,-4,10,296,8
2018-12-12 09:00:00,0,-5,0.1,6.9,1,1,29,11:07 AM,09:20 PM,07:16 AM,04:21 PM,-8,-6,-2,-6,17,77,62,0.0,1020,-2,10,331,13
2018-12-12 12:00:00,0,-5,0.1,6.9,1,2,29,11:07 AM,09:20 PM,07:16 AM,04:21 PM,-8,-3,0,-3,11,28,55,0.0,1020,0,10,331,9
2018-12-12 15:00:00,0,-5,0.1,6.9,1,2,29,11:07 AM,09:20 PM,07:16 AM,04:21 PM,-8,-4,-2,-4,8,6,64,0.0,1022,-2,10,11,5
2018-12-12 18:00:00,0,-5,0.1,6.9,1,0,29,11:07 AM,09:20 PM,07:16 AM,04:21 PM,-11,-8,-4,-8,13,86,59,0.0,1025,-4,10,44,9
2018-12-12 21:00:00,0,-5,0.1,6.9,1,0,29,11:07 AM,09:20 PM,07:16 AM,04:21 PM,-13,-8,-5,-8,9,73,52,0.0,1026,-5,10,40,6
2018-12-13 00:00:00,-3,-7,0.2,3.4,2,0,36,11:38 AM,10:19 PM,07:17 AM,04:21 PM,-17,-7,-6,-7,4,16,42,0.0,1028,-6,10,60,3
2018-12-13 03:00:00,-3,-7,0.2,3.4,2,0,36,11:38 AM,10:19 PM,07:17 AM,04:21 PM,-17,-8,-5,-8,8,62,41,0.0,1029,-5,10,101,5
2018-12-13 06:00:00,-3,-7,0.2,3.4,2,0,36,11:38 AM,10:19 PM,07:17 AM,04:21 PM,-18,-10,-7,-10,8,49,42,0.0,1031,-7,10,131,6
2018-12-13 09:00:00,-3,-7,0.2,3.4,2,1,36,11:38 AM,10:19 PM,07:17 AM,04:21 PM,-14,-7,-4,-7,9,62,46,0.1,1031,-4,10,129,7
2018-12-13 12:00:00,-3,-7,0.2,3.4,2,1,36,11:38 AM,10:19 PM,07:17 AM,04:21 PM,-9,-7,-4,-7,9,100,70,0.0,1032,-4,10,148,7
2018-12-13 15:00:00,-3,-7,0.2,3.4,2,1,36,11:38 AM,10:19 PM,07:17 AM,04:21 PM,-7,-6,-3,-6,11,92,75,0.2,1032,-3,5,141,8
2018-12-13 18:00:00,-3,-7,0.2,3.4,2,0,36,11:38 AM,10:19 PM,07:17 AM,04:21 PM,-7,-6,-4,-6,7,82,82,0.0,1034,-4,10,120,4
2018-12-13 21:00:00,-3,-7,0.2,3.4,2,0,36,11:38 AM,10:19 PM,07:17 AM,04:21 PM,-6,-5,-3,-5,6,88,82,0.0,1034,-3,10,134,4
2018-12-14 00:00:00,4,-3,0.0,3.4,1,0,43,12:06 PM,11:18 PM,07:18 AM,04:22 PM,-5,-6,-3,-6,12,95,85,0.0,1033,-3,10,154,7
2018-12-14 03:00:00,4,-3,0.0,3.4,1,0,43,12:06 PM,11:18 PM,07:18 AM,04:22 PM,-4,-4,-3,-4,9,75,90,0.0,1032,-3,10,146,5
2018-12-14 06:00:00,4,-3,0.0,3.4,1,0,43,12:06 PM,11:18 PM,07:18 AM,04:22 PM,-3,-6,-2,-6,16,60,94,0.0,1032,-2,10,161,8
2018-12-14 09:00:00,4,-3,0.0,3.4,1,1,43,12:06 PM,11:18 PM,07:18 AM,04:22 PM,0,-1,2,-1,19,76,85,0.0,1031,2,10,173,13
2018-12-14 12:00:00,4,-3,0.0,3.4,1,1,43,12:06 PM,11:18 PM,07:18 AM,04:22 PM,1,0,4,0,25,100,83,0.0,1028,4,10,179,16
2018-12-14 15:00:00,4,-3,0.0,3.4,1,1,43,12:06 PM,11:18 PM,07:18 AM,04:22 PM,2,0,3,0,21,71,91,0.0,1026,3,10,167,12
2018-12-14 18:00:00,4,-3,0.0,3.4,1,0,43,12:06 PM,11:18 PM,07:18 AM,04:22 PM,2,0,3,0,24,57,94,0.0,1025,3,10,175,12
2018-12-14 21:00:00,4,-3,0.0,3.4,1,0,43,12:06 PM,11:18 PM,07:18 AM,04:22 PM,2,1,3,1,18,56,95,0.0,1024,3,2,190,9
2018-12-15 00:00:00,6,0,0.0,6.9,2,0,51,12:32 PM,No moonset,07:18 AM,04:22 PM,2,1,3,1,18,37,93,0.0,1022,3,10,189,9
2018-12-15 03:00:00,6,0,0.0,6.9,2,0,51,12:32 PM,No moonset,07:18 AM,04:22 PM,1,1,2,1,11,18,92,0.0,1022,2,10,204,5
2018-12-15 06:00:00,6,0,0.0,6.9,2,0,51,12:32 PM,No moonset,07:18 AM,04:22 PM,1,3,3,3,5,37,93,0.0,1023,2,10,141,2
2018-12-15 09:00:00,6,0,0.0,6.9,2,2,51,12:32 PM,No moonset,07:18 AM,04:22 PM,3,5,5,5,3,22,89,0.0,1023,5,10,310,2
2018-12-15 12:00:00,6,0,0.0,6.9,2,2,51,12:32 PM,No moonset,07:18 AM,04:22 PM,3,6,6,6,5,100,85,0.0,1022,6,10,340,3
2018-12-15 15:00:00,6,0,0.0,6.9,2,2,51,12:32 PM,No moonset,07:18 AM,04:22 PM,2,1,3,1,12,12,92,0.0,1023,3,10,3,6
2018-12-15 18:00:00,6,0,0.0,6.9,2,0,51,12:32 PM,No moonset,07:18 AM,04:22 PM,1,-0,2,-0,16,12,92,0.0,1023,2,10,21,8
2018-12-15 21:00:00,6,0,0.0,6.9,2,0,51,12:32 PM,No moonset,07:18 AM,04:22 PM,-1,-2,0,-2,13,3,93,0.0,1024,0,10,24,6
2018-12-16 00:00:00,0,-2,0.0,3.4,2,0,58,12:59 PM,12:18 AM,07:19 AM,04:22 PM,-2,-3,-1,-3,13,3,91,0.0,1023,-1,10,36,6
2018-12-16 03:00:00,0,-2,0.0,3.4,2,0,58,12:59 PM,12:18 AM,07:19 AM,04:22 PM,-3,-4,-2,-4,12,11,90,0.0,1022,-2,10,43,6
2018-12-16 06:00:00,0,-2,0.0,3.4,2,0,58,12:59 PM,12:18 AM,07:19 AM,04:22 PM,-3,-2,-1,-2,7,87,85,0.0,1022,-1,10,24,4
2018-12-16 09:00:00,0,-2,0.0,3.4,2,1,58,12:59 PM,12:18 AM,07:19 AM,04:22 PM,-2,-2,0,-2,9,95,85,0.9,1020,0,9,36,6
2018-12-16 12:00:00,0,-2,0.0,3.4,2,1,58,12:59 PM,12:18 AM,07:19 AM,04:22 PM,-1,-2,1,-2,9,100,90,0.0,1017,0,10,11,6
2018-12-16 15:00:00,0,-2,0.0,3.4,2,1,58,12:59 PM,12:18 AM,07:19 AM,04:22 PM,-0,-2,0,-2,11,100,94,3.4,1015,0,6,10,7
2018-12-16 18:00:00,0,-2,0.0,3.4,2,0,58,12:59 PM,12:18 AM,07:19 AM,04:22 PM,-1,-4,0,-4,18,100,95,0.0,1014,0,2,4,12
2018-12-16 21:00:00,0,-2,0.0,3.4,2,0,58,12:59 PM,12:18 AM,07:19 AM,04:22 PM,-0,-2,0,-2,11,100,97,7.8,1012,0,6,14,7
2018-12-17 00:00:00,2,-2,0.3,5.2,1,0,65,01:25 PM,01:20 AM,07:20 AM,04:23 PM,-1,-2,0,-2,12,100,95,0.0,1010,0,2,349,8
2018-12-17 03:00:00,2,-2,0.3,5.2,1,0,65,01:25 PM,01:20 AM,07:20 AM,04:23 PM,-1,0,0,0,5,100,96,0.5,1009,-0,9,317,3
2018-12-17 06:00:00,2,-2,0.3,5.2,1,0,65,01:25 PM,01:20 AM,07:20 AM,04:23 PM,-2,-3,-2,-3,7,86,95,0.0,1008,-2,2,249,4
2018-12-17 09:00:00,2,-2,0.3,5.2,1,1,65,01:25 PM,01:20 AM,07:20 AM,04:23 PM,1,-1,1,-1,12,56,95,0.0,1005,1,2,278,9
2018-12-17 12:00:00,2,-2,0.3,5.2,1,1,65,01:25 PM,01:20 AM,07:20 AM,04:23 PM,1,-2,2,-2,22,80,90,0.0,1004,2,10,269,15
2018-12-17 15:00:00,2,-2,0.3,5.2,1,1,65,01:25 PM,01:20 AM,07:20 AM,04:23 PM,-2,-4,1,-4,28,85,80,0.2,1004,1,7,295,18
2018-12-17 18:00:00,2,-2,0.3,5.2,1,0,65,01:25 PM,01:20 AM,07:20 AM,04:23 PM,-3,-4,-1,-4,17,71,86,0.0,1006,-1,10,292,9
2018-12-17 21:00:00,2,-2,0.3,5.2,1,0,65,01:25 PM,01:20 AM,07:20 AM,04:23 PM,-6,-8,-2,-8,33,100,75,0.1,1007,-2,5,309,22
2018-12-18 00:00:00,-5,-9,0.0,8.7,1,0,72,01:54 PM,02:24 AM,07:20 AM,04:23 PM,-9,-12,-5,-12,29,100,74,0.0,1010,-5,10,313,20
2018-12-18 03:00:00,-5,-9,0.0,8.7,1,0,72,01:54 PM,02:24 AM,07:20 AM,04:23 PM,-11,-14,-7,-14,35,95,69,0.1,1013,-7,10,315,23
2018-12-18 06:00:00,-5,-9,0.0,8.7,1,0,72,01:54 PM,02:24 AM,07:20 AM,04:23 PM,-12,-16,-9,-16,28,54,73,0.0,1016,-9,10,316,18
2018-12-18 09:00:00,-5,-9,0.0,8.7,1,2,72,01:54 PM,02:24 AM,07:20 AM,04:23 PM,-12,-15,-7,-15,31,5,65,0.0,1018,-7,10,321,24
2018-12-18 12:00:00,-5,-9,0.0,8.7,1,2,72,01:54 PM,02:24 AM,07:20 AM,04:23 PM,-11,-11,-5,-11,22,3,64,0.0,1018,-5,10,311,18
2018-12-18 15:00:00,-5,-9,0.0,8.7,1,2,72,01:54 PM,02:24 AM,07:20 AM,04:23 PM,-10,-12,-6,-12,23,2,71,0.0,1020,-6,10,304,15
2018-12-18 18:00:00,-5,-9,0.0,8.7,1,0,72,01:54 PM,02:24 AM,07:20 AM,04:23 PM,-11,-13,-8,-13,18,16,76,0.0,1022,-7,10,305,11
2018-12-18 21:00:00,-5,-9,0.0,8.7,1,0,72,01:54 PM,02:24 AM,07:20 AM,04:23 PM,-12,-13,-8,-13,16,3,77,0.0,1022,-8,10,291,9
2018-12-19 00:00:00,0,-9,0.0,6.9,2,0,80,02:25 PM,03:31 AM,07:21 AM,04:23 PM,-11,-11,-9,-11,8,6,84,0.0,1021,-9,10,315,5
2018-12-19 03:00:00,0,-9,0.0,6.9,2,0,80,02:25 PM,03:31 AM,07:21 AM,04:23 PM,-10,-10,-9,-10,6,6,86,0.0,1021,-9,10,277,3
2018-12-19 06:00:00,0,-9,0.0,6.9,2,0,80,02:25 PM,03:31 AM,07:21 AM,04:23 PM,-10,-8,-8,-8,5,8,89,0.0,1022,-9,10,154,3
2018-12-19 09:00:00,0,-9,0.0,6.9,2,2,80,02:25 PM,03:31 AM,07:21 AM,04:23 PM,-8,-4,-4,-4,3,32,73,0.0,1020,-4,10,206,3
2018-12-19 12:00:00,0,-9,0.0,6.9,2,1,80,02:25 PM,03:31 AM,07:21 AM,04:23 PM,-6,-1,0,-1,5,92,61,0.0,1018,0,10,176,4
2018-12-19 15:00:00,0,-9,0.0,6.9,2,2,80,02:25 PM,03:31 AM,07:21 AM,04:23 PM,-6,-3,-2,-3,10,6,72,0.0,1018,-2,10,143,5
2018-12-19 18:00:00,0,-9,0.0,6.9,2,0,80,02:25 PM,03:31 AM,07:21 AM,04:23 PM,-7,-5,-2,-5,15,6,68,0.0,1019,-2,10,165,7
2018-12-19 21:00:00,0,-9,0.0,6.9,2,0,80,02:25 PM,03:31 AM,07:21 AM,04:23 PM,-7,-4,-3,-4,8,10,71,0.0,1019,-3,10,158,4
2018-12-20 00:00:00,5,-3,0.0,8.7,2,0,87,03:02 PM,04:39 AM,07:22 AM,04:24 PM,-7,-4,-2,-4,9,4,73,0.0,1019,-3,10,159,4
2018-12-20 03:00:00,5,-3,0.0,8.7,2,0,87,03:02 PM,04:39 AM,07:22 AM,04:24 PM,-6,-3,-2,-3,7,3,75,0.0,1019,-3,10,155,3
2018-12-20 06:00:00,5,-3,0.0,8.7,2,0,87,03:02 PM,04:39 AM,07:22 AM,04:24 PM,-7,-6,-3,-6,11,5,76,0.0,1019,-3,10,150,5
2018-12-20 09:00:00,5,-3,0.0,8.7,2,2,87,03:02 PM,04:39 AM,07:22 AM,04:24 PM,-3,1,2,1,5,1,70,0.0,1019,1,10,154,4
2018-12-20 12:00:00,5,-3,0.0,8.7,2,2,87,03:02 PM,04:39 AM,07:22 AM,04:24 PM,0,3,5,3,9,3,72,0.0,1017,5,10,143,6
2018-12-20 15:00:00,5,-3,0.0,8.7,2,2,87,03:02 PM,04:39 AM,07:22 AM,04:24 PM,-0,1,2,1,11,47,83,0.0,1017,2,10,128,5
2018-12-20 18:00:00,5,-3,0.0,8.7,2,0,87,03:02 PM,04:39 AM,07:22 AM,04:24 PM,0,0,3,0,17,100,84,0.0,1016,2,10,150,8
2018-12-20 21:00:00,5,-3,0.0,8.7,2,0,87,03:02 PM,04:39 AM,07:22 AM,04:24 PM,2,1,2,1,12,100,95,3.9,1014,2,7,106,6
2018-12-21 00:00:00,13,3,0.0,5.2,2,0,94,03:47 PM,05:51 AM,07:22 AM,04:24 PM,2,2,3,2,12,100,95,0.0,1010,3,2,86,6
2018-12-21 03:00:00,13,3,0.0,5.2,2,0,94,03:47 PM,05:51 AM,07:22 AM,04:24 PM,6,4,7,4,32,100,94,0.9,1005,7,9,117,16
2018-12-21 06:00:00,13,3,0.0,5.2,2,0,94,03:47 PM,05:51 AM,07:22 AM,04:24 PM,8,7,10,7,30,100,92,6.8,1000,9,7,128,14
2018-12-21 09:00:00,13,3,0.0,5.2,2,3,94,03:47 PM,05:51 AM,07:22 AM,04:24 PM,11,13,13,13,35,100,85,5.7,998,13,7,141,17
2018-12-21 12:00:00,13,3,0.0,5.2,2,3,94,03:47 PM,05:51 AM,07:22 AM,04:24 PM,10,9,10,9,20,100,98,0.0,995,10,0,118,9
2018-12-21 15:00:00,13,3,0.0,5.2,2,2,94,03:47 PM,05:51 AM,07:22 AM,04:24 PM,9,9,10,9,14,55,97,1.7,993,10,9,134,7
2018-12-21 18:00:00,13,3,0.0,5.2,2,0,94,03:47 PM,05:51 AM,07:22 AM,04:24 PM,10,9,11,9,27,68,96,0.0,991,10,10,141,13
2018-12-21 21:00:00,13,3,0.0,5.2,2,0,94,03:47 PM,05:51 AM,07:22 AM,04:24 PM,11,10,12,10,25,84,94,0.3,990,12,10,149,13
2018-12-22 00:00:00,11,-0,0.5,3.4,1,0,100,04:39 PM,07:00 AM,07:23 AM,04:25 PM,10,9,11,9,25,100,95,0.0,988,11,10,164,14
2018-12-22 03:00:00,11,-0,0.5,3.4,1,0,100,04:39 PM,07:00 AM,07:23 AM,04:25 PM,9,8,9,8,12,78,96,3.9,989,9,7,196,7
2018-12-22 06:00:00,11,-0,0.5,3.4,1,0,100,04:39 PM,07:00 AM,07:23 AM,04:25 PM,-2,-3,2,-3,26,95,75,0.0,992,2,10,291,20
2018-12-22 09:00:00,11,-0,0.5,3.4,1,1,100,04:39 PM,07:00 AM,07:23 AM,04:25 PM,-3,-4,1,-4,28,94,73,0.6,997,1,2,289,21
2018-12-22 12:00:00,11,-0,0.5,3.4,1,1,100,04:39 PM,07:00 AM,07:23 AM,04:25 PM,-4,-4,1,-4,25,100,68,0.0,1000,1,10,287,22
2018-12-22 15:00:00,11,-0,0.5,3.4,1,1,100,04:39 PM,07:00 AM,07:23 AM,04:25 PM,-5,-6,-0,-6,33,93,70,0.0,1005,-0,10,289,24
2018-12-22 18:00:00,11,-0,0.5,3.4,1,0,100,04:39 PM,07:00 AM,07:23 AM,04:25 PM,-4,-5,0,-5,25,100,72,0.0,1010,0,10,297,18
2018-12-22 21:00:00,11,-0,0.5,3.4,1,0,100,04:39 PM,07:00 AM,07:23 AM,04:25 PM,-6,-6,-0,-6,30,17,67,0.0,1012,-0,10,292,21
2018-12-23 00:00:00,1,-3,0.0,8.7,2,0,100,05:42 PM,08:06 AM,07:23 AM,04:25 PM,-6,-6,-1,-6,20,28,68,0.0,1015,-1,10,303,13
2018-12-23 03:00:00,1,-3,0.0,8.7,2,0,100,05:42 PM,08:06 AM,07:23 AM,04:25 PM,-7,-7,-2,-7,24,7,66,0.0,1018,-2,10,304,16
2018-12-23 06:00:00,1,-3,0.0,8.7,2,0,100,05:42 PM,08:06 AM,07:23 AM,04:25 PM,-8,-7,-3,-7,17,14,67,0.0,1020,-3,10,311,12
2018-12-23 09:00:00,1,-3,0.0,8.7,2,2,100,05:42 PM,08:06 AM,07:23 AM,04:25 PM,-8,-5,-1,-5,17,4,57,0.0,1020,-1,10,290,14
2018-12-23 12:00:00,1,-3,0.0,8.7,2,2,100,05:42 PM,08:06 AM,07:23 AM,04:25 PM,-8,-3,1,-3,13,2,53,0.0,1020,1,10,301,12
2018-12-23 15:00:00,1,-3,0.0,8.7,2,2,100,05:42 PM,08:06 AM,07:23 AM,04:25 PM,-6,-1,-0,-1,5,0,62,0.0,1020,-1,10,296,4
2018-12-23 18:00:00,1,-3,0.0,8.7,2,0,100,05:42 PM,08:06 AM,07:23 AM,04:25 PM,-6,-2,-2,-2,3,12,74,0.0,1020,-3,10,88,2
2018-12-23 21:00:00,1,-3,0.0,8.7,2,0,100,05:42 PM,08:06 AM,07:23 AM,04:25 PM,-6,-2,-2,-2,4,100,73,0.0,1020,-2,10,136,3
2018-12-24 00:00:00,2,-8,0.8,5.2,1,0,84,06:51 PM,09:04 AM,07:24 AM,04:26 PM,-6,-4,-2,-4,8,100,73,0.0,1019,-2,10,151,5
2018-12-24 03:00:00,2,-8,0.8,5.2,1,0,84,06:51 PM,09:04 AM,07:24 AM,04:26 PM,-5,-4,-2,-4,6,100,80,0.3,1018,-2,2,138,4
2018-12-24 06:00:00,2,-8,0.8,5.2,1,0,84,06:51 PM,09:04 AM,07:24 AM,04:26 PM,-4,-3,-2,-3,6,100,85,0.0,1017,-2,10,177,4
2018-12-24 09:00:00,2,-8,0.8,5.2,1,1,84,06:51 PM,09:04 AM,07:24 AM,04:26 PM,-3,-2,-0,-2,7,100,83,0.6,1017,-0,2,224,5
2018-12-24 12:00:00,2,-8,0.8,5.2,1,1,84,06:51 PM,09:04 AM,07:24 AM,04:26 PM,-4,-1,2,-1,13,83,65,0.0,1015,2,10,269,10
2018-12-24 15:00:00,2,-8,0.8,5.2,1,2,84,06:51 PM,09:04 AM,07:24 AM,04:26 PM,-4,-2,1,-2,15,36,69,0.0,1016,1,10,270,9
2018-12-24 18:00:00,2,-8,0.8,5.2,1,0,84,06:51 PM,09:04 AM,07:24 AM,04:26 PM,-4,-4,-1,-4,14,74,81,0.0,1017,-1,10,272,8
2018-12-24 21:00:00,2,-8,0.8,5.2,1,0,84,06:51 PM,09:04 AM,07:24 AM,04:26 PM,-4,-8,-5,-8,19,91,73,0.0,1019,-8,9,280,7
2018-12-25 00:00:00,-1,-5,0.0,8.7,1,0,77,08:05 PM,09:54 AM,07:24 AM,04:27 PM,-3,-5,-1,-5,18,75,84,0.0,1020,-1,10,305,11
2018-12-25 03:00:00,-1,-5,0.0,8.7,1,0,77,08:05 PM,09:54 AM,07:24 AM,04:27 PM,-6,-7,-3,-7,20,31,75,0.0,1022,-2,10,303,13
2018-12-25 06:00:00,-1,-5,0.0,8.7,1,0,77,08:05 PM,09:54 AM,07:24 AM,04:27 PM,-8,-8,-4,-8,16,5,69,0.0,1024,-4,10,304,10
2018-12-25 09:00:00,-1,-5,0.0,8.7,1,2,77,08:05 PM,09:54 AM,07:24 AM,04:27 PM,-12,-7,-2,-7,16,3,47,0.0,1026,-2,10,307,13
2018-12-25 12:00:00,-1,-5,0.0,8.7,1,2,77,08:05 PM,09:54 AM,07:24 AM,04:27 PM,-14,-5,-1,-5,13,14,35,0.0,1025,-1,10,306,12
2018-12-25 15:00:00,-1,-5,0.0,8.7,1,2,77,08:05 PM,09:54 AM,07:24 AM,04:27 PM,-13,-6,-2,-6,13,2,43,0.0,1026,-2,10,301,9
2018-12-25 18:00:00,-1,-5,0.0,8.7,1,0,77,08:05 PM,09:54 AM,07:24 AM,04:27 PM,-10,-8,-4,-8,15,6,63,0.0,1028,-4,10,293,9
2018-12-25 21:00:00,-1,-5,0.0,8.7,1,0,77,08:05 PM,09:54 AM,07:24 AM,04:27 PM,-10,-8,-5,-8,10,23,65,0.0,1028,-5,10,290,6
2018-12-26 00:00:00,-0,-6,0.0,5.2,2,0,69,09:19 PM,10:36 AM,07:24 AM,04:27 PM,-12,-9,-5,-9,13,17,61,0.0,1029,-5,10,287,8
2018-12-26 03:00:00,-0,-6,0.0,5.2,2,0,69,09:19 PM,10:36 AM,07:24 AM,04:27 PM,-12,-8,-6,-8,8,32,61,0.0,1029,-6,10,280,5
2018-12-26 06:00:00,-0,-6,0.0,5.2,2,0,69,09:19 PM,10:36 AM,07:24 AM,04:27 PM,-12,-8,-6,-8,6,25,64,0.0,1031,-6,10,213,4
2018-12-26 09:00:00,-0,-6,0.0,5.2,2,2,69,09:19 PM,10:36 AM,07:24 AM,04:27 PM,-9,-4,-3,-4,5,60,60,0.0,1031,-3,10,248,4
2018-12-26 12:00:00,-0,-6,0.0,5.2,2,1,69,09:19 PM,10:36 AM,07:24 AM,04:27 PM,-6,-2,-0,-2,8,100,65,0.0,1030,-0,10,258,6
2018-12-26 15:00:00,-0,-6,0.0,5.2,2,1,69,09:19 PM,10:36 AM,07:24 AM,04:27 PM,-5,-3,-1,-3,9,63,74,0.0,1030,-1,10,271,6
2018-12-26 18:00:00,-0,-6,0.0,5.2,2,0,69,09:19 PM,10:36 AM,07:24 AM,04:27 PM,-5,-4,-3,-4,8,100,85,0.0,1031,-3,10,198,4
2018-12-26 21:00:00,-0,-6,0.0,5.2,2,0,69,09:19 PM,10:36 AM,07:24 AM,04:27 PM,-4,-4,-2,-4,11,83,83,0.0,1031,-2,10,252,6
2018-12-27 00:00:00,-1,-5,0.0,6.9,2,0,62,10:31 PM,11:13 AM,07:25 AM,04:28 PM,-4,-5,-1,-5,19,36,83,0.0,1033,-1,10,316,11
2018-12-27 03:00:00,-1,-5,0.0,6.9,2,0,62,10:31 PM,11:13 AM,07:25 AM,04:28 PM,-7,-7,-4,-7,14,5,78,0.0,1035,-4,10,329,8
2018-12-27 06:00:00,-1,-5,0.0,6.9,2,0,62,10:31 PM,11:13 AM,07:25 AM,04:28 PM,-9,-8,-5,-8,10,5,79,0.0,1038,-5,10,2,6
2018-12-27 09:00:00,-1,-5,0.0,6.9,2,2,62,10:31 PM,11:13 AM,07:25 AM,04:28 PM,-11,-6,-4,-6,8,8,58,0.0,1038,-4,10,23,6
2018-12-27 12:00:00,-1,-5,0.0,6.9,2,2,62,10:31 PM,11:13 AM,07:25 AM,04:28 PM,-12,-1,-1,-1,3,47,43,0.0,1037,-1,10,29,3
2018-12-27 15:00:00,-1,-5,0.0,6.9,2,1,62,10:31 PM,11:13 AM,07:25 AM,04:28 PM,-12,-3,-2,-3,6,85,48,0.0,1036,-2,10,69,4
2018-12-27 18:00:00,-1,-5,0.0,6.9,2,0,62,10:31 PM,11:13 AM,07:25 AM,04:28 PM,-12,-4,-3,-4,5,99,51,0.0,1035,-3,10,74,3
2018-12-27 21:00:00,-1,-5,0.0,6.9,2,0,62,10:31 PM,11:13 AM,07:25 AM,04:28 PM,-11,-6,-2,-6,20,45,49,0.0,1033,-2,10,138,12
2018-12-28 00:00:00,7,-1,0.0,3.4,1,0,55,11:42 PM,11:44 AM,07:25 AM,04:29 PM,-8,-6,-1,-6,30,88,59,0.0,1029,-1,10,156,19
2018-12-28 03:00:00,7,-1,0.0,3.4,1,0,55,11:42 PM,11:44 AM,07:25 AM,04:29 PM,-1,-4,1,-4,31,100,86,2.3,1026,1,9,156,20
2018-12-28 06:00:00,7,-1,0.0,3.4,1,0,55,11:42 PM,11:44 AM,07:25 AM,04:29 PM,0,-3,2,-3,41,100,88,0.0,1022,2,10,166,25
2018-12-28 09:00:00,7,-1,0.0,3.4,1,2,55,11:42 PM,11:44 AM,07:25 AM,04:29 PM,5,3,6,3,29,100,92,4.4,1018,6,7,174,16
2018-12-28 12:00:00,7,-1,0.0,3.4,1,2,55,11:42 PM,11:44 AM,07:25 AM,04:29 PM,5,4,6,4,26,100,94,0.0,1013,6,10,169,14
2018-12-28 15:00:00,7,-1,0.0,3.4,1,2,55,11:42 PM,11:44 AM,07:25 AM,04:29 PM,6,5,7,5,19,91,97,2.5,1011,7,9,175,9
2018-12-28 18:00:00,7,-1,0.0,3.4,1,0,55,11:42 PM,11:44 AM,07:25 AM,04:29 PM,6,5,7,5,21,68,96,0.0,1009,7,2,158,10
2018-12-28 21:00:00,7,-1,0.0,3.4,1,0,55,11:42 PM,11:44 AM,07:25 AM,04:29 PM,6,5,6,5,16,73,97,0.0,1009,6,2,195,8
2018-12-29 00:00:00,6,-4,0.0,5.2,1,0,48,No moonrise,12:14 PM,07:25 AM,04:29 PM,6,5,6,5,19,50,97,0.0,1008,6,2,174,9
2018-12-29 03:00:00,6,-4,0.0,5.2,1,0,48,No moonrise,12:14 PM,07:25 AM,04:29 PM,5,4,7,4,19,50,93,0.1,1010,6,10,247,10
2018-12-29 06:00:00,6,-4,0.0,5.2,1,0,48,No moonrise,12:14 PM,07:25 AM,04:29 PM,-1,1,2,1,11,30,80,0.0,1013,2,10,296,6
2018-12-29 09:00:00,6,-4,0.0,5.2,1,2,48,No moonrise,12:14 PM,07:25 AM,04:29 PM,-0,-0,4,-0,25,59,73,0.0,1015,4,10,281,19
2018-12-29 12:00:00,6,-4,0.0,5.2,1,1,48,No moonrise,12:14 PM,07:25 AM,04:29 PM,-1,-1,3,-1,29,100,72,0.0,1016,3,10,292,21
2018-12-29 15:00:00,6,-4,0.0,5.2,1,1,48,No moonrise,12:14 PM,07:25 AM,04:29 PM,-4,-4,1,-4,25,74,70,0.0,1019,1,10,297,17
2018-12-29 18:00:00,6,-4,0.0,5.2,1,0,48,No moonrise,12:14 PM,07:25 AM,04:29 PM,-6,-6,-2,-6,22,21,72,0.0,1022,-2,10,305,15
2018-12-29 21:00:00,6,-4,0.0,5.2,1,0,48,No moonrise,12:14 PM,07:25 AM,04:29 PM,-9,-9,-4,-9,20,0,69,0.0,1023,-4,10,304,13
2018-12-30 00:00:00,-1,-5,0.0,3.4,2,0,40,12:49 AM,12:42 PM,07:25 AM,04:30 PM,-10,-8,-5,-8,9,32,67,0.0,1023,-5,10,336,6
2018-12-30 03:00:00,-1,-5,0.0,3.4,2,0,40,12:49 AM,12:42 PM,07:25 AM,04:30 PM,-11,-6,-4,-6,5,45,60,0.0,1023,-4,10,324,4
2018-12-30 06:00:00,-1,-5,0.0,3.4,2,0,40,12:49 AM,12:42 PM,07:25 AM,04:30 PM,-10,-5,-5,-5,1,81,65,0.0,1024,-5,10,49,1
2018-12-30 09:00:00,-1,-5,0.0,3.4,2,1,40,12:49 AM,12:42 PM,07:25 AM,04:30 PM,-9,-4,-3,-4,5,100,64,0.0,1023,-3,10,170,4
2018-12-30 12:00:00,-1,-5,0.0,3.4,2,1,40,12:49 AM,12:42 PM,07:25 AM,04:30 PM,-7,-3,-1,-3,7,100,66,0.0,1022,-1,10,157,6
2018-12-30 15:00:00,-1,-5,0.0,3.4,2,1,40,12:49 AM,12:42 PM,07:25 AM,04:30 PM,-6,-4,-1,-4,10,86,72,0.0,1022,-1,10,150,7
2018-12-30 18:00:00,-1,-5,0.0,3.4,2,0,40,12:49 AM,12:42 PM,07:25 AM,04:30 PM,-5,-5,-2,-5,11,100,83,0.0,1024,-2,10,166,7
2018-12-30 21:00:00,-1,-5,0.0,3.4,2,0,40,12:49 AM,12:42 PM,07:25 AM,04:30 PM,-4,-4,-2,-4,12,46,86,0.0,1024,-2,10,167,7
2018-12-31 00:00:00,3,-6,0.0,5.2,2,0,36,01:56 AM,01:12 PM,07:25 AM,04:31 PM,-3,-5,-2,-5,12,5,91,0.0,1025,-2,10,171,6
2018-12-31 03:00:00,3,-6,0.0,5.2,2,0,36,01:56 AM,01:12 PM,07:25 AM,04:31 PM,-4,-5,-2,-5,12,6,90,0.0,1026,-2,10,154,6
2018-12-31 06:00:00,3,-6,0.0,5.2,2,0,36,01:56 AM,01:12 PM,07:25 AM,04:31 PM,-4,-6,-2,-6,17,27,87,0.0,1027,-2,10,158,9
2018-12-31 09:00:00,3,-6,0.0,5.2,2,1,36,01:56 AM,01:12 PM,07:25 AM,04:31 PM,-3,-2,1,-2,14,83,77,0.0,1027,1,10,164,10
2018-12-31 12:00:00,3,-6,0.0,5.2,2,2,36,01:56 AM,01:12 PM,07:25 AM,04:31 PM,-1,-0,3,-0,19,58,72,0.0,1024,3,10,174,14
2018-12-31 15:00:00,3,-6,0.0,5.2,2,1,36,01:56 AM,01:12 PM,07:25 AM,04:31 PM,-0,-1,2,-1,20,80,84,0.0,1023,2,10,154,13
2018-12-31 18:00:00,3,-6,0.0,5.2,2,0,36,01:56 AM,01:12 PM,07:25 AM,04:31 PM,0,-2,2,-2,24,100,90,2.3,1020,2,9,148,15
2018-12-31 21:00:00,3,-6,0.0,5.2,2,0,36,01:56 AM,01:12 PM,07:25 AM,04:31 PM,2,-6,-2,-6,38,100,81,3.9,1015,-6,8,152,19
2019-01-01 00:00:00,7,4,0.0,5.2,2,0,26,03:01 AM,01:43 PM,07:26 AM,04:32 PM,4,-4,-1,-4,44,100,82,12.6,1008,-4,5,156,20
2019-01-01 03:00:00,7,4,0.0,5.2,2,0,26,03:01 AM,01:43 PM,07:26 AM,04:32 PM,5,5,8,5,42,89,86,13.1,1002,7,5,167,18
2019-01-01 06:00:00,7,4,0.0,5.2,2,0,26,03:01 AM,01:43 PM,07:26 AM,04:32 PM,5,5,7,5,38,74,89,0.3,1000,7,4,201,12
2019-01-01 09:00:00,7,4,0.0,5.2,2,3,26,03:01 AM,01:43 PM,07:26 AM,04:32 PM,5,5,7,5,33,66,87,0.3,1003,6,5,261,12
2019-01-01 12:00:00,7,4,0.0,5.2,2,1,26,03:01 AM,01:43 PM,07:26 AM,04:32 PM,3,3,5,3,36,40,83,0.0,1007,5,10,294,13
2019-01-01 15:00:00,7,4,0.0,5.2,2,2,26,03:01 AM,01:43 PM,07:26 AM,04:32 PM,2,3,6,3,27,81,75,0.0,1008,5,10,302,15
2019-01-01 18:00:00,7,4,0.0,5.2,2,0,26,03:01 AM,01:43 PM,07:26 AM,04:32 PM,2,3,6,3,26,74,80,0.0,1007,5,10,305,8
2019-01-01 21:00:00,7,4,0.0,5.2,2,0,26,03:01 AM,01:43 PM,07:26 AM,04:32 PM,0,1,4,1,23,16,76,0.0,1011,4,10,311,10
2019-01-02 00:00:00,0,-6,0.0,8.7,2,0,19,04:05 AM,02:16 PM,07:26 AM,04:33 PM,-4,-2,1,-2,17,2,70,0.0,1016,1,10,303,12
2019-01-02 03:00:00,0,-6,0.0,8.7,2,0,19,04:05 AM,02:16 PM,07:26 AM,04:33 PM,-10,-7,-3,-7,13,15,62,0.0,1023,-4,10,304,12
2019-01-02 06:00:00,0,-6,0.0,8.7,2,0,19,04:05 AM,02:16 PM,07:26 AM,04:33 PM,-12,-8,-6,-8,10,27,64,0.0,1027,-7,10,308,8
2019-01-02 09:00:00,0,-6,0.0,8.7,2,2,19,04:05 AM,02:16 PM,07:26 AM,04:33 PM,-12,-6,-4,-6,7,5,59,0.0,1028,-5,10,319,7
2019-01-02 12:00:00,0,-6,0.0,8.7,2,2,19,04:05 AM,02:16 PM,07:26 AM,04:33 PM,-12,-6,-2,-6,5,3,44,0.0,1025,-3,10,226,10
2019-01-02 15:00:00,0,-6,0.0,8.7,2,2,19,04:05 AM,02:16 PM,07:26 AM,04:33 PM,-11,-4,0,-4,4,6,44,0.0,1022,-1,10,48,13
2019-01-02 18:00:00,0,-6,0.0,8.7,2,0,19,04:05 AM,02:16 PM,07:26 AM,04:33 PM,-12,-5,-1,-5,9,19,46,0.0,1024,-2,10,114,12
2019-01-02 21:00:00,0,-6,0.0,8.7,2,0,19,04:05 AM,02:16 PM,07:26 AM,04:33 PM,-12,-5,-2,-5,14,64,49,0.0,1024,-3,10,136,8
2019-01-03 00:00:00,2,-4,0.2,5.2,2,0,11,05:07 AM,02:55 PM,07:26 AM,04:34 PM,-12,-6,-3,-6,23,83,51,0.0,1024,-4,10,158,5
2019-01-03 03:00:00,2,-4,0.2,5.2,2,0,11,05:07 AM,02:55 PM,07:26 AM,04:34 PM,-10,-6,-3,-6,30,64,58,0.1,1021,-4,7,165,7
2019-01-03 06:00:00,2,-4,0.2,5.2,2,0,11,05:07 AM,02:55 PM,07:26 AM,04:34 PM,-9,-6,-3,-6,25,87,64,0.2,1018,-4,5,172,9
2019-01-03 09:00:00,2,-4,0.2,5.2,2,1,11,05:07 AM,02:55 PM,07:26 AM,04:34 PM,-9,-5,-2,-5,15,96,58,0.1,1019,-3,7,212,8
2019-01-03 12:00:00,2,-4,0.2,5.2,2,2,11,05:07 AM,02:55 PM,07:26 AM,04:34 PM,-8,-2,1,-2,21,63,51,0.2,1017,0,5,288,9
2019-01-03 15:00:00,2,-4,0.2,5.2,2,1,11,05:07 AM,02:55 PM,07:26 AM,04:34 PM,-7,-1,1,-1,20,34,54,0.0,1016,1,10,291,9
2019-01-03 18:00:00,2,-4,0.2,5.2,2,0,11,05:07 AM,02:55 PM,07:26 AM,04:34 PM,-6,-6,-2,-6,19,54,63,0.0,1016,-4,10,280,9
2019-01-03 21:00:00,2,-4,0.2,5.2,2,0,11,05:07 AM,02:55 PM,07:26 AM,04:34 PM,-3,-8,-4,-8,19,34,73,0.0,1016,-8,10,270,6
2019-01-04 00:00:00,6,0,0.0,8.7,1,0,4,06:05 AM,03:38 PM,07:26 AM,04:35 PM,-3,-8,-4,-8,11,54,75,0.0,1016,-7,10,233,6
2019-01-04 03:00:00,6,0,0.0,8.7,1,0,4,06:05 AM,03:38 PM,07:26 AM,04:35 PM,-3,-2,1,-2,13,24,74,0.0,1012,-0,10,190,8
2019-01-04 06:00:00,6,0,0.0,8.7,1,0,4,06:05 AM,03:38 PM,07:26 AM,04:35 PM,-3,-3,0,-3,16,32,79,0.0,1011,-1,10,170,9
2019-01-04 09:00:00,6,0,0.0,8.7,1,2,4,06:05 AM,03:38 PM,07:26 AM,04:35 PM,-4,-2,2,-2,16,7,67,0.0,1014,1,10,163,11
2019-01-04 12:00:00,6,0,0.0,8.7,1,2,4,06:05 AM,03:38 PM,07:26 AM,04:35 PM,-3,2,5,2,12,7,58,0.0,1013,4,10,170,10
2019-01-04 15:00:00,6,0,0.0,8.7,1,2,4,06:05 AM,03:38 PM,07:26 AM,04:35 PM,-2,3,6,3,10,5,62,0.0,1007,5,10,161,9
2019-01-04 18:00:00,6,0,0.0,8.7,1,0,4,06:05 AM,03:38 PM,07:26 AM,04:35 PM,-1,-1,2,-1,12,4,73,0.0,1001,1,10,142,10
2019-01-04 21:00:00,6,0,0.0,8.7,1,0,4,06:05 AM,03:38 PM,07:26 AM,04:35 PM,-1,-4,-2,-4,12,3,72,0.0,1010,-4,10,139,7
2019-01-05 00:00:00,3,1,0.0,3.4,2,0,0,06:59 AM,04:25 PM,07:26 AM,04:36 PM,-1,-5,-3,-5,13,3,77,0.0,1009,-5,10,141,5
2019-01-05 03:00:00,3,1,0.0,3.4,2,0,0,06:59 AM,04:25 PM,07:26 AM,04:36 PM,-1,0,2,0,9,23,81,0.0,1007,1,10,141,5
2019-01-05 06:00:00,3,1,0.0,3.4,2,0,0,06:59 AM,04:25 PM,07:26 AM,04:36 PM,-1,0,2,0,6,70,85,0.1,1006,1,8,109,6
2019-01-05 09:00:00,3,1,0.0,3.4,2,1,0,06:59 AM,04:25 PM,07:26 AM,04:36 PM,-2,-0,2,-0,6,73,78,0.3,1006,2,7,158,11
2019-01-05 12:00:00,3,1,0.0,3.4,2,1,0,06:59 AM,04:25 PM,07:26 AM,04:36 PM,-2,0,3,0,10,70,72,0.2,1005,3,7,340,13
2019-01-05 15:00:00,3,1,0.0,3.4,2,1,0,06:59 AM,04:25 PM,07:26 AM,04:36 PM,-1,1,4,1,11,85,76,0.9,1005,3,4,321,8
2019-01-05 18:00:00,3,1,0.0,3.4,2,0,0,06:59 AM,04:25 PM,07:26 AM,04:36 PM,-3,0,3,0,13,75,68,2.1,1010,2,9,310,10
2019-01-05 21:00:00,3,1,0.0,3.4,2,0,0,06:59 AM,04:25 PM,07:26 AM,04:36 PM,0,0,3,0,18,64,84,1.4,1004,2,9,307,8
2019-01-06 00:00:00,3,2,0.4,3.4,1,0,0,07:48 AM,05:18 PM,07:25 AM,04:37 PM,-1,-1,2,-1,22,59,81,0.0,1006,1,10,289,12
2019-01-06 03:00:00,3,2,0.4,3.4,1,0,0,07:48 AM,05:18 PM,07:25 AM,04:37 PM,-1,0,2,0,14,81,81,0.0,1007,1,10,267,8
2019-01-06 06:00:00,3,2,0.4,3.4,1,0,0,07:48 AM,05:18 PM,07:25 AM,04:37 PM,-1,-0,2,-0,10,94,81,0.1,1009,2,7,250,8
2019-01-06 09:00:00,3,2,0.4,3.4,1,1,0,07:48 AM,05:18 PM,07:25 AM,04:37 PM,-1,-1,3,-1,22,80,74,0.2,1015,2,3,284,15
2019-01-06 12:00:00,3,2,0.4,3.4,1,1,0,07:48 AM,05:18 PM,07:25 AM,04:37 PM,-3,-1,3,-1,26,84,64,0.1,1018,3,5,310,15
2019-01-06 15:00:00,3,2,0.4,3.4,1,1,0,07:48 AM,05:18 PM,07:25 AM,04:37 PM,-2,0,4,0,27,89,63,0.2,1019,3,6,315,14
2019-01-06 18:00:00,3,2,0.4,3.4,1,0,0,07:48 AM,05:18 PM,07:25 AM,04:37 PM,-6,0,3,0,30,71,59,0.1,1021,2,8,322,15
2019-01-06 21:00:00,3,2,0.4,3.4,1,0,0,07:48 AM,05:18 PM,07:25 AM,04:37 PM,-12,-1,2,-1,34,51,48,0.1,1024,-1,10,328,23
2019-01-07 00:00:00,-2,-9,0.0,5.2,2,0,3,08:30 AM,06:13 PM,07:25 AM,04:38 PM,-11,-5,-1,-5,32,0,53,0.0,1025,-4,10,330,19
2019-01-07 03:00:00,-2,-9,0.0,5.2,2,0,3,08:30 AM,06:13 PM,07:25 AM,04:38 PM,-9,-7,-3,-7,26,4,61,0.0,1025,-4,10,332,10
2019-01-07 06:00:00,-2,-9,0.0,5.2,2,0,3,08:30 AM,06:13 PM,07:25 AM,04:38 PM,-12,-10,-5,-10,19,39,56,0.0,1028,-6,10,337,9
2019-01-07 09:00:00,-2,-9,0.0,5.2,2,2,3,08:30 AM,06:13 PM,07:25 AM,04:38 PM,-16,-11,-6,-11,13,65,47,0.0,1030,-7,10,341,10
2019-01-07 12:00:00,-2,-9,0.0,5.2,2,1,3,08:30 AM,06:13 PM,07:25 AM,04:38 PM,-13,-7,-2,-7,8,30,44,0.0,1028,-3,10,230,11
2019-01-07 15:00:00,-2,-9,0.0,5.2,2,2,3,08:30 AM,06:13 PM,07:25 AM,04:38 PM,-14,-4,-1,-4,8,68,38,0.0,1026,-2,10,25,10
2019-01-07 18:00:00,-2,-9,0.0,5.2,2,0,3,08:30 AM,06:13 PM,07:25 AM,04:38 PM,-14,-5,-1,-5,8,64,38,0.0,1024,-2,10,92,9
2019-01-07 21:00:00,-2,-9,0.0,5.2,2,0,3,08:30 AM,06:13 PM,07:25 AM,04:38 PM,-13,-5,-1,-5,17,72,41,0.0,1025,-2,10,152,13
2019-01-08 00:00:00,4,0,0.9,5.2,1,0,10,09:07 AM,07:11 PM,07:25 AM,04:39 PM,-13,-6,-1,-6,30,84,38,0.0,1023,-2,8,154,22
2019-01-08 03:00:00,4,0,0.9,5.2,1,0,10,09:07 AM,07:11 PM,07:25 AM,04:39 PM,-10,-6,0,-6,36,100,51,1.0,1021,-1,4,159,23
2019-01-08 06:00:00,4,0,0.9,5.2,1,0,10,09:07 AM,07:11 PM,07:25 AM,04:39 PM,-4,-5,1,-5,33,99,72,3.0,1018,-0,4,166,21
2019-01-08 09:00:00,4,0,0.9,5.2,1,1,10,09:07 AM,07:11 PM,07:25 AM,04:39 PM,-1,-3,2,-3,28,97,78,2.4,1015,1,5,166,17
2019-01-08 12:00:00,4,0,0.9,5.2,1,2,10,09:07 AM,07:11 PM,07:25 AM,04:39 PM,-1,-1,2,-1,20,75,81,0.2,1012,2,5,166,13
2019-01-08 15:00:00,4,0,0.9,5.2,1,2,10,09:07 AM,07:11 PM,07:25 AM,04:39 PM,1,1,4,1,19,36,81,0.0,1010,3,10,150,12
2019-01-08 18:00:00,4,0,0.9,5.2,1,0,10,09:07 AM,07:11 PM,07:25 AM,04:39 PM,-1,-3,0,-3,18,66,83,2.5,1006,-1,8,134,11
2019-01-08 21:00:00,4,0,0.9,5.2,1,0,10,09:07 AM,07:11 PM,07:25 AM,04:39 PM,2,-6,-4,-6,17,82,84,5.3,1003,-6,4,140,13
2019-01-09 00:00:00,1,-2,0.0,3.4,1,0,18,09:40 AM,08:09 PM,07:25 AM,04:40 PM,2,-6,-4,-6,18,84,85,1.7,999,-5,4,156,11
2019-01-09 03:00:00,1,-2,0.0,3.4,1,0,18,09:40 AM,08:09 PM,07:25 AM,04:40 PM,2,2,4,2,15,100,87,3.9,999,3,7,177,9
2019-01-09 06:00:00,1,-2,0.0,3.4,1,0,18,09:40 AM,08:09 PM,07:25 AM,04:40 PM,0,-1,2,-1,19,100,88,5.3,1004,1,6,236,7
2019-01-09 09:00:00,1,-2,0.0,3.4,1,1,18,09:40 AM,08:09 PM,07:25 AM,04:40 PM,-1,-3,1,-3,33,92,84,5.6,1005,0,6,284,10
2019-01-09 12:00:00,1,-2,0.0,3.4,1,1,18,09:40 AM,08:09 PM,07:25 AM,04:40 PM,-3,-5,0,-5,32,85,76,2.0,1007,-1,6,285,16
2019-01-09 15:00:00,1,-2,0.0,3.4,1,1,18,09:40 AM,08:09 PM,07:25 AM,04:40 PM,-3,-3,1,-3,32,82,75,1.5,1010,0,3,287,17
2019-01-09 18:00:00,1,-2,0.0,3.4,1,0,18,09:40 AM,08:09 PM,07:25 AM,04:40 PM,-5,-6,-2,-6,32,59,71,0.0,1007,-3,10,288,20
2019-01-09 21:00:00,1,-2,0.0,3.4,1,0,18,09:40 AM,08:09 PM,07:25 AM,04:40 PM,-5,-7,-5,-7,35,82,63,0.1,1000,-7,10,288,23
2019-01-10 00:00:00,-1,-3,1.8,3.4,1,0,25,10:09 AM,09:08 PM,07:25 AM,04:41 PM,-5,-8,-5,-8,32,83,66,0.0,999,-7,8,290,22
2019-01-10 03:00:00,-1,-3,1.8,3.4,1,0,25,10:09 AM,09:08 PM,07:25 AM,04:41 PM,-5,-5,0,-5,32,100,69,0.2,1002,-1,4,293,19
2019-01-10 06:00:00,-1,-3,1.8,3.4,1,0,25,10:09 AM,09:08 PM,07:25 AM,04:41 PM,-6,-6,-1,-6,34,100,72,0.4,1008,-2,2,300,16
2019-01-10 09:00:00,-1,-3,1.8,3.4,1,1,25,10:09 AM,09:08 PM,07:25 AM,04:41 PM,-8,-6,-1,-6,32,100,61,0.5,1006,-2,3,312,23
2019-01-10 12:00:00,-1,-3,1.8,3.4,1,1,25,10:09 AM,09:08 PM,07:25 AM,04:41 PM,-10,-9,-2,-9,26,100,54,0.3,1005,-3,4,311,29
2019-01-10 15:00:00,-1,-3,1.8,3.4,1,1,25,10:09 AM,09:08 PM,07:25 AM,04:41 PM,-10,-8,-2,-8,26,99,56,0.3,1010,-3,3,306,24
2019-01-10 18:00:00,-1,-3,1.8,3.4,1,0,25,10:09 AM,09:08 PM,07:25 AM,04:41 PM,-10,-9,-3,-9,28,92,59,0.2,1017,-4,4,307,17
2019-01-10 21:00:00,-1,-3,1.8,3.4,1,0,25,10:09 AM,09:08 PM,07:25 AM,04:41 PM,-13,-12,-5,-12,33,82,55,0.2,1017,-6,5,307,18
2019-01-11 00:00:00,-8,-10,0.0,8.7,1,0,32,10:35 AM,10:07 PM,07:24 AM,04:42 PM,-14,-12,-6,-12,32,76,56,0.0,1018,-7,10,307,17
2019-01-11 03:00:00,-8,-10,0.0,8.7,1,0,32,10:35 AM,10:07 PM,07:24 AM,04:42 PM,-15,-15,-7,-15,32,60,56,0.1,1018,-8,10,306,21
2019-01-11 06:00:00,-8,-10,0.0,8.7,1,0,32,10:35 AM,10:07 PM,07:24 AM,04:42 PM,-18,-17,-10,-17,32,34,54,0.0,1020,-11,10,303,22
2019-01-11 09:00:00,-8,-10,0.0,8.7,1,2,32,10:35 AM,10:07 PM,07:24 AM,04:42 PM,-18,-16,-9,-16,28,3,50,0.0,1023,-10,9,302,21
2019-01-11 12:00:00,-8,-10,0.0,8.7,1,2,32,10:35 AM,10:07 PM,07:24 AM,04:42 PM,-18,-16,-8,-16,24,5,46,0.0,1024,-9,10,301,21
2019-01-11 15:00:00,-8,-10,0.0,8.7,1,2,32,10:35 AM,10:07 PM,07:24 AM,04:42 PM,-17,-14,-7,-14,26,17,46,0.0,1026,-8,10,302,21
2019-01-11 18:00:00,-8,-10,0.0,8.7,1,0,32,10:35 AM,10:07 PM,07:24 AM,04:42 PM,-17,-14,-8,-14,27,24,47,0.0,1029,-9,10,306,15
2019-01-11 21:00:00,-8,-10,0.0,8.7,1,0,32,10:35 AM,10:07 PM,07:24 AM,04:42 PM,-18,-15,-9,-15,27,3,48,0.0,1029,-10,10,309,13
2019-01-12 00:00:00,-6,-12,0.0,6.9,2,0,39,11:01 AM,11:07 PM,07:24 AM,04:43 PM,-19,-16,-10,-16,23,10,47,0.0,1030,-11,10,307,11
2019-01-12 03:00:00,-6,-12,0.0,6.9,2,0,39,11:01 AM,11:07 PM,07:24 AM,04:43 PM,-19,-15,-10,-15,19,20,49,0.0,1032,-11,10,303,9
2019-01-12 06:00:00,-6,-12,0.0,6.9,2,0,39,11:01 AM,11:07 PM,07:24 AM,04:43 PM,-20,-14,-11,-14,17,21,50,0.0,1034,-12,10,297,8
2019-01-12 09:00:00,-6,-12,0.0,6.9,2,2,39,11:01 AM,11:07 PM,07:24 AM,04:43 PM,-19,-12,-10,-12,16,16,46,0.0,1036,-11,10,300,6
2019-01-12 12:00:00,-6,-12,0.0,6.9,2,1,39,11:01 AM,11:07 PM,07:24 AM,04:43 PM,-19,-12,-7,-12,15,40,39,0.0,1034,-8,10,299,6
2019-01-12 15:00:00,-6,-12,0.0,6.9,2,2,39,11:01 AM,11:07 PM,07:24 AM,04:43 PM,-18,-9,-5,-9,17,69,36,0.0,1033,-6,10,301,5
2019-01-12 18:00:00,-6,-12,0.0,6.9,2,0,39,11:01 AM,11:07 PM,07:24 AM,04:43 PM,-18,-8,-5,-8,16,24,40,0.0,1034,-6,10,303,5
2019-01-12 21:00:00,-6,-12,0.0,6.9,2,0,39,11:01 AM,11:07 PM,07:24 AM,04:43 PM,-16,-9,-6,-9,14,54,45,0.0,1034,-7,10,304,9
2019-01-13 00:00:00,-5,-13,0.0,7.0,2,0,47,11:27 AM,No moonset,07:24 AM,04:44 PM,-15,-11,-7,-11,10,67,52,0.0,1035,-8,10,324,8
2019-01-13 03:00:00,-5,-13,0.0,7.0,2,0,47,11:27 AM,No moonset,07:24 AM,04:44 PM,-16,-16,-10,-16,10,35,59,0.0,1035,-11,10,348,9
2019-01-13 06:00:00,-5,-13,0.0,7.0,2,0,47,11:27 AM,No moonset,07:24 AM,04:44 PM,-16,-16,-11,-16,11,90,64,0.0,1034,-12,10,237,8
2019-01-13 09:00:00,-5,-13,0.0,7.0,2,1,47,11:27 AM,No moonset,07:24 AM,04:44 PM,-15,-15,-10,-15,11,87,63,0.0,1034,-11,10,1,9
2019-01-13 12:00:00,-5,-13,0.0,7.0,2,2,47,11:27 AM,No moonset,07:24 AM,04:44 PM,-12,-9,-5,-9,10,53,58,0.0,1033,-6,10,2,10
2019-01-13 15:00:00,-5,-13,0.0,7.0,2,2,47,11:27 AM,No moonset,07:24 AM,04:44 PM,-14,-9,-5,-9,11,8,52,0.0,1031,-6,10,1,9
2019-01-13 18:00:00,-5,-13,0.0,7.0,2,0,47,11:27 AM,No moonset,07:24 AM,04:44 PM,-15,-13,-8,-13,13,5,58,0.0,1030,-9,10,3,8
2019-01-13 21:00:00,-5,-13,0.0,7.0,2,0,47,11:27 AM,No moonset,07:24 AM,04:44 PM,-14,-14,-9,-14,13,5,66,0.0,1030,-10,10,119,8
2019-01-14 00:00:00,-4,-14,0.0,8.7,2,0,54,11:53 AM,12:08 AM,07:23 AM,04:45 PM,-15,-15,-11,-15,8,0,71,0.0,1030,-12,10,346,7
2019-01-14 03:00:00,-4,-14,0.0,8.7,2,0,54,11:53 AM,12:08 AM,07:23 AM,04:45 PM,-15,-17,-12,-17,8,2,75,0.0,1029,-13,10,345,5
2019-01-14 06:00:00,-4,-14,0.0,8.7,2,0,54,11:53 AM,12:08 AM,07:23 AM,04:45 PM,-16,-15,-12,-15,7,15,74,0.0,1028,-13,10,338,4
2019-01-14 09:00:00,-4,-14,0.0,8.7,2,2,54,11:53 AM,12:08 AM,07:23 AM,04:45 PM,-16,-12,-11,-12,6,23,68,0.0,1026,-12,10,331,5
2019-01-14 12:00:00,-4,-14,0.0,8.7,2,2,54,11:53 AM,12:08 AM,07:23 AM,04:45 PM,-15,-10,-6,-10,7,8,48,0.0,1024,-7,10,328,7
2019-01-14 15:00:00,-4,-14,0.0,8.7,2,2,54,11:53 AM,12:08 AM,07:23 AM,04:45 PM,-14,-7,-3,-7,8,16,42,0.0,1023,-4,10,329,7
2019-01-14 18:00:00,-4,-14,0.0,8.7,2,0,54,11:53 AM,12:08 AM,07:23 AM,04:45 PM,-13,-7,-5,-7,6,32,49,0.0,1022,-6,10,321,4
2019-01-14 21:00:00,-4,-14,0.0,8.7,2,0,54,11:53 AM,12:08 AM,07:23 AM,04:45 PM,-12,-8,-7,-8,6,49,60,0.0,1021,-9,10,304,4
2019-01-15 00:00:00,-2,-10,0.0,3.5,2,0,61,12:22 PM,01:12 AM,07:23 AM,04:46 PM,-12,-11,-9,-11,8,48,63,0.0,1021,-11,10,304,5
2019-01-15 03:00:00,-2,-10,0.0,3.5,2,0,61,12:22 PM,01:12 AM,07:23 AM,04:46 PM,-12,-8,-8,-8,9,43,74,0.0,1021,-9,10,296,6
2019-01-15 06:00:00,-2,-10,0.0,3.5,2,0,61,12:22 PM,01:12 AM,07:23 AM,04:46 PM,-13,-9,-9,-9,9,52,75,0.0,1021,-10,10,296,7
2019-01-15 09:00:00,-2,-10,0.0,3.5,2,2,61,12:22 PM,01:12 AM,07:23 AM,04:46 PM,-12,-7,-6,-7,9,74,68,0.0,1020,-7,10,298,7
2019-01-15 12:00:00,-2,-10,0.0,3.5,2,1,61,12:22 PM,01:12 AM,07:23 AM,04:46 PM,-10,-5,-1,-5,8,62,50,0.0,1018,-2,10,300,9
2019-01-15 15:00:00,-2,-10,0.0,3.5,2,1,61,12:22 PM,01:12 AM,07:23 AM,04:46 PM,-9,-6,-1,-6,8,75,54,0.0,1018,-2,10,297,12
2019-01-15 18:00:00,-2,-10,0.0,3.5,2,0,61,12:22 PM,01:12 AM,07:23 AM,04:46 PM,-8,-6,-2,-6,5,59,63,0.0,1019,-3,10,277,9
2019-01-15 21:00:00,-2,-10,0.0,3.5,2,0,61,12:22 PM,01:12 AM,07:23 AM,04:46 PM,-9,-7,-4,-7,4,43,67,0.0,1017,-5,10,222,7
2019-01-16 00:00:00,0,-3,0.0,3.5,2,0,69,12:55 PM,02:17 AM,07:22 AM,04:48 PM,-9,-8,-4,-8,8,31,67,0.0,1017,-5,10,173,9
2019-01-16 03:00:00,0,-3,0.0,3.5,2,0,69,12:55 PM,02:17 AM,07:22 AM,04:48 PM,-7,-6,-2,-6,10,41,70,0.0,1017,-3,10,164,10
2019-01-16 06:00:00,0,-3,0.0,3.5,2,0,69,12:55 PM,02:17 AM,07:22 AM,04:48 PM,-7,-7,-3,-7,12,83,73,0.0,1016,-4,10,178,9
2019-01-16 09:00:00,0,-3,0.0,3.5,2,1,69,12:55 PM,02:17 AM,07:22 AM,04:48 PM,-7,-5,-1,-5,16,96,67,0.0,1016,-2,10,206,9
2019-01-16 12:00:00,0,-3,0.0,3.5,2,1,69,12:55 PM,02:17 AM,07:22 AM,04:48 PM,-7,-3,1,-3,20,100,57,0.0,1015,0,10,242,12
2019-01-16 15:00:00,0,-3,0.0,3.5,2,1,69,12:55 PM,02:17 AM,07:22 AM,04:48 PM,-9,-4,0,-4,23,99,53,0.0,1014,-1,9,276,14
2019-01-16 18:00:00,0,-3,0.0,3.5,2,0,69,12:55 PM,02:17 AM,07:22 AM,04:48 PM,-10,-6,-1,-6,26,68,54,0.1,1017,-3,8,290,15
2019-01-16 21:00:00,0,-3,0.0,3.5,2,0,69,12:55 PM,02:17 AM,07:22 AM,04:48 PM,-9,-6,-3,-6,27,7,56,0.0,1020,-6,10,300,19
2019-01-17 00:00:00,-4,-8,0.0,8.7,2,0,76,01:35 PM,03:26 AM,07:22 AM,04:49 PM,-10,-9,-5,-9,21,2,61,0.0,1020,-8,10,313,17
2019-01-17 03:00:00,-4,-8,0.0,8.7,2,0,76,01:35 PM,03:26 AM,07:22 AM,04:49 PM,-13,-12,-6,-12,17,4,58,0.0,1022,-7,10,312,15
2019-01-17 06:00:00,-4,-8,0.0,8.7,2,0,76,01:35 PM,03:26 AM,07:22 AM,04:49 PM,-16,-14,-8,-14,14,13,56,0.0,1026,-9,10,312,14
2019-01-17 09:00:00,-4,-8,0.0,8.7,2,2,76,01:35 PM,03:26 AM,07:22 AM,04:49 PM,-11,-11,-6,-11,10,23,68,0.0,1027,-7,10,313,12
2019-01-17 12:00:00,-4,-8,0.0,8.7,2,2,76,01:35 PM,03:26 AM,07:22 AM,04:49 PM,-11,-9,-4,-9,5,20,59,0.0,1027,-5,10,295,11
2019-01-17 15:00:00,-4,-8,0.0,8.7,2,1,76,01:35 PM,03:26 AM,07:22 AM,04:49 PM,-11,-7,-3,-7,4,59,52,0.0,1027,-4,10,214,9
2019-01-17 18:00:00,-4,-8,0.0,8.7,2,0,76,01:35 PM,03:26 AM,07:22 AM,04:49 PM,-12,-8,-4,-8,8,79,52,0.0,1027,-5,10,124,6
2019-01-17 21:00:00,-4,-8,0.0,8.7,2,0,76,01:35 PM,03:26 AM,07:22 AM,04:49 PM,-13,-10,-7,-10,15,85,52,0.0,1025,-8,10,140,6
2019-01-18 00:00:00,2,-3,0.3,3.5,1,0,83,02:21 PM,04:35 AM,07:21 AM,04:50 PM,-12,-11,-8,-11,19,100,52,0.0,1021,-9,10,153,10
2019-01-18 03:00:00,2,-3,0.3,3.5,1,0,83,02:21 PM,04:35 AM,07:21 AM,04:50 PM,-9,-7,-3,-7,24,100,64,0.0,1018,-4,8,162,12
2019-01-18 06:00:00,2,-3,0.3,3.5,1,0,83,02:21 PM,04:35 AM,07:21 AM,04:50 PM,-6,-6,-2,-6,22,100,77,0.1,1016,-3,5,163,9
2019-01-18 09:00:00,2,-3,0.3,3.5,1,1,83,02:21 PM,04:35 AM,07:21 AM,04:50 PM,-5,-5,-1,-5,17,100,80,0.1,1016,-2,7,164,8
2019-01-18 12:00:00,2,-3,0.3,3.5,1,1,83,02:21 PM,04:35 AM,07:21 AM,04:50 PM,-4,-3,1,-3,13,100,73,0.1,1015,0,8,170,9
2019-01-18 15:00:00,2,-3,0.3,3.5,1,1,83,02:21 PM,04:35 AM,07:21 AM,04:50 PM,-3,-1,3,-1,8,100,69,0.2,1014,2,5,185,10
2019-01-18 18:00:00,2,-3,0.3,3.5,1,0,83,02:21 PM,04:35 AM,07:21 AM,04:50 PM,-4,-3,1,-3,8,100,72,0.1,1016,0,7,232,13
2019-01-18 21:00:00,2,-3,0.3,3.5,1,0,83,02:21 PM,04:35 AM,07:21 AM,04:50 PM,-6,-5,-2,-5,17,72,70,0.0,1020,-3,10,293,13
2019-01-19 00:00:00,-5,-9,3.2,5.2,2,0,90,03:19 PM,05:43 AM,07:21 AM,04:51 PM,-7,-6,-3,-6,14,20,68,0.0,1022,-5,10,309,15
2019-01-19 03:00:00,-5,-9,3.2,5.2,2,0,90,03:19 PM,05:43 AM,07:21 AM,04:51 PM,-9,-7,-3,-7,11,25,67,0.0,1024,-4,10,328,14
2019-01-19 06:00:00,-5,-9,3.2,5.2,2,0,90,03:19 PM,05:43 AM,07:21 AM,04:51 PM,-12,-11,-6,-11,11,31,65,0.0,1026,-7,10,222,11
2019-01-19 09:00:00,-5,-9,3.2,5.2,2,1,90,03:19 PM,05:43 AM,07:21 AM,04:51 PM,-12,-11,-6,-11,14,59,61,0.0,1027,-7,10,19,9
2019-01-19 12:00:00,-5,-9,3.2,5.2,2,1,90,03:19 PM,05:43 AM,07:21 AM,04:51 PM,-12,-9,-5,-9,11,80,59,0.0,1028,-6,10,16,11
2019-01-19 15:00:00,-5,-9,3.2,5.2,2,1,90,03:19 PM,05:43 AM,07:21 AM,04:51 PM,-13,-10,-5,-10,9,88,54,0.2,1026,-6,7,17,10
2019-01-19 18:00:00,-5,-9,3.2,5.2,2,0,90,03:19 PM,05:43 AM,07:21 AM,04:51 PM,-12,-12,-8,-12,10,100,68,1.2,1023,-10,2,30,9
2019-01-19 21:00:00,-5,-9,3.2,5.2,2,0,90,03:19 PM,05:43 AM,07:21 AM,04:51 PM,-8,-12,-9,-12,12,100,80,2.4,1022,-12,2,61,10
2019-01-20 00:00:00,-7,-10,37.5,3.5,1,0,98,04:25 PM,06:46 AM,07:20 AM,04:53 PM,-8,-15,-11,-15,13,100,85,4.3,1017,-13,2,61,12
2019-01-20 03:00:00,-7,-10,37.5,3.5,1,0,98,04:25 PM,06:46 AM,07:20 AM,04:53 PM,-9,-13,-7,-13,17,100,87,8.3,1009,-8,2,76,14
2019-01-20 06:00:00,-7,-10,37.5,3.5,1,0,98,04:25 PM,06:46 AM,07:20 AM,04:53 PM,-8,-12,-6,-12,18,100,83,10.7,1004,-7,2,53,14
2019-01-20 09:00:00,-7,-10,37.5,3.5,1,1,98,04:25 PM,06:46 AM,07:20 AM,04:53 PM,-9,-14,-7,-14,19,100,89,12.9,998,-8,2,125,13
2019-01-20 12:00:00,-7,-10,37.5,3.5,1,1,98,04:25 PM,06:46 AM,07:20 AM,04:53 PM,-9,-14,-7,-14,23,100,82,9.6,997,-8,3,339,20
2019-01-20 15:00:00,-7,-10,37.5,3.5,1,1,98,04:25 PM,06:46 AM,07:20 AM,04:53 PM,-12,-17,-9,-17,21,100,80,9.5,999,-10,2,328,22
2019-01-20 18:00:00,-7,-10,37.5,3.5,1,0,98,04:25 PM,06:46 AM,07:20 AM,04:53 PM,-14,-19,-10,-19,27,100,75,1.7,1002,-11,2,310,24
2019-01-20 21:00:00,-7,-10,37.5,3.5,1,0,98,04:25 PM,06:46 AM,07:20 AM,04:53 PM,-19,-23,-13,-23,38,98,66,1.5,1007,-14,5,317,25
2019-01-21 00:00:00,-13,-19,0.6,3.5,1,0,100,05:39 PM,07:41 AM,07:19 AM,04:54 PM,-23,-25,-15,-25,37,96,54,0.0,1007,-16,10,308,21
2019-01-21 03:00:00,-13,-19,0.6,3.5,1,0,100,05:39 PM,07:41 AM,07:19 AM,04:54 PM,-24,-27,-17,-27,35,100,54,0.1,1010,-18,10,307,20
2019-01-21 06:00:00,-13,-19,0.6,3.5,1,0,100,05:39 PM,07:41 AM,07:19 AM,04:54 PM,-25,-28,-18,-28,36,100,56,0.1,1012,-19,8,305,21
2019-01-21 09:00:00,-13,-19,0.6,3.5,1,1,100,05:39 PM,07:41 AM,07:19 AM,04:54 PM,-25,-28,-18,-28,33,100,52,0.1,1015,-19,5,305,22
2019-01-21 12:00:00,-13,-19,0.6,3.5,1,1,100,05:39 PM,07:41 AM,07:19 AM,04:54 PM,-23,-27,-16,-27,28,100,56,0.1,1017,-17,5,306,25
2019-01-21 15:00:00,-13,-19,0.6,3.5,1,1,100,05:39 PM,07:41 AM,07:19 AM,04:54 PM,-21,-23,-14,-23,31,100,55,0.2,1019,-15,5,307,21
2019-01-21 18:00:00,-13,-19,0.6,3.5,1,0,100,05:39 PM,07:41 AM,07:19 AM,04:54 PM,-21,-22,-13,-22,33,96,52,0.1,1021,-14,6,311,18
2019-01-21 21:00:00,-13,-19,0.6,3.5,1,0,100,05:39 PM,07:41 AM,07:19 AM,04:54 PM,-23,-25,-15,-25,36,59,52,0.1,1025,-16,8,314,20
2019-01-22 00:00:00,-8,-19,0.0,7.0,2,0,88,06:55 PM,08:28 AM,07:19 AM,04:55 PM,-24,-25,-16,-25,36,0,52,0.0,1029,-17,10,314,14
2019-01-22 03:00:00,-8,-19,0.0,7.0,2,0,88,06:55 PM,08:28 AM,07:19 AM,04:55 PM,-24,-25,-17,-25,30,0,55,0.0,1032,-18,10,311,11
2019-01-22 06:00:00,-8,-19,0.0,7.0,2,0,88,06:55 PM,08:28 AM,07:19 AM,04:55 PM,-24,-22,-18,-22,22,0,56,0.0,1034,-19,10,306,6
2019-01-22 09:00:00,-8,-19,0.0,7.0,2,2,88,06:55 PM,08:28 AM,07:19 AM,04:55 PM,-23,-16,-16,-16,15,3,54,0.0,1037,-17,10,300,4
2019-01-22 12:00:00,-8,-19,0.0,7.0,2,1,88,06:55 PM,08:28 AM,07:19 AM,04:55 PM,-19,-12,-10,-12,8,39,50,0.0,1036,-11,10,292,4
2019-01-22 15:00:00,-8,-19,0.0,7.0,2,2,88,06:55 PM,08:28 AM,07:19 AM,04:55 PM,-17,-11,-8,-11,4,80,47,0.0,1035,-9,10,206,5
2019-01-22 18:00:00,-8,-19,0.0,7.0,2,0,88,06:55 PM,08:28 AM,07:19 AM,04:55 PM,-17,-11,-10,-11,4,60,55,0.0,1035,-11,10,84,3
2019-01-22 21:00:00,-8,-19,0.0,7.0,2,0,88,06:55 PM,08:28 AM,07:19 AM,04:55 PM,-16,-15,-11,-15,12,73,57,0.0,1033,-13,10,131,7
2019-01-23 00:00:00,3,-5,0.0,3.5,2,0,81,08:11 PM,09:09 AM,07:18 AM,04:56 PM,-15,-15,-11,-15,17,42,55,0.0,1031,-13,10,147,13
2019-01-23 03:00:00,3,-5,0.0,3.5,2,0,81,08:11 PM,09:09 AM,07:18 AM,04:56 PM,-12,-12,-5,-12,20,39,62,0.0,1027,-6,10,152,19
2019-01-23 06:00:00,3,-5,0.0,3.5,2,0,81,08:11 PM,09:09 AM,07:18 AM,04:56 PM,-9,-10,-4,-10,18,66,71,0.0,1022,-5,10,157,19
2019-01-23 09:00:00,3,-5,0.0,3.5,2,1,81,08:11 PM,09:09 AM,07:18 AM,04:56 PM,-7,-9,-3,-9,19,91,74,0.0,1020,-4,9,161,20
2019-01-23 12:00:00,3,-5,0.0,3.5,2,1,81,08:11 PM,09:09 AM,07:18 AM,04:56 PM,-1,-3,1,-3,21,95,84,0.1,1013,1,6,162,17
2019-01-23 15:00:00,3,-5,0.0,3.5,2,1,81,08:11 PM,09:09 AM,07:18 AM,04:56 PM,0,0,4,0,21,78,81,0.2,1012,3,3,167,14
2019-01-23 18:00:00,3,-5,0.0,3.5,2,0,81,08:11 PM,09:09 AM,07:18 AM,04:56 PM,1,-0,4,-0,25,71,80,2.1,1012,2,6,173,18
2019-01-23 21:00:00,3,-5,0.0,3.5,2,0,81,08:11 PM,09:09 AM,07:18 AM,04:56 PM,1,-3,1,-3,34,93,73,6.9,1012,-3,6,167,24
2019-01-24 00:00:00,9,2,8.6,3.5,2,0,73,09:26 PM,09:44 AM,07:17 AM,04:58 PM,4,-3,-1,-3,36,92,77,12.2,1010,-2,5,168,25
2019-01-24 03:00:00,9,2,8.6,3.5,2,0,73,09:26 PM,09:44 AM,07:17 AM,04:58 PM,6,6,9,6,35,93,81,12.8,1007,8,6,169,23
2019-01-24 06:00:00,9,2,8.6,3.5,2,0,73,09:26 PM,09:44 AM,07:17 AM,04:58 PM,7,10,10,10,33,100,84,4.1,1003,9,7,167,21
2019-01-24 09:00:00,9,2,8.6,3.5,2,2,73,09:26 PM,09:44 AM,07:17 AM,04:58 PM,7,8,9,8,37,100,88,5.1,999,8,7,175,18
2019-01-24 12:00:00,9,2,8.6,3.5,2,2,73,09:26 PM,09:44 AM,07:17 AM,04:58 PM,6,4,7,4,35,100,91,5.6,997,6,6,217,15
2019-01-24 15:00:00,9,2,8.6,3.5,2,1,73,09:26 PM,09:44 AM,07:17 AM,04:58 PM,4,2,5,2,25,100,93,10.5,995,4,5,290,13
2019-01-24 18:00:00,9,2,8.6,3.5,2,0,73,09:26 PM,09:44 AM,07:17 AM,04:58 PM,0,-1,2,-1,30,95,83,10.1,999,2,6,290,14
2019-01-24 21:00:00,9,2,8.6,3.5,2,0,73,09:26 PM,09:44 AM,07:17 AM,04:58 PM,-5,-4,1,-4,31,65,69,7.1,1003,-0,7,291,18
2019-01-25 00:00:00,-2,-7,0.4,3.5,1,0,66,10:37 PM,10:15 AM,07:16 AM,04:59 PM,-6,-5,-1,-5,24,41,66,0.0,1006,-2,10,290,15
2019-01-25 03:00:00,-2,-7,0.4,3.5,1,0,66,10:37 PM,10:15 AM,07:16 AM,04:59 PM,-7,-6,-2,-6,17,76,71,0.0,1008,-3,10,287,10
2019-01-25 06:00:00,-2,-7,0.4,3.5,1,0,66,10:37 PM,10:15 AM,07:16 AM,04:59 PM,-6,-6,-2,-6,17,79,75,0.0,1009,-3,10,252,9
2019-01-25 09:00:00,-2,-7,0.4,3.5,1,1,66,10:37 PM,10:15 AM,07:16 AM,04:59 PM,-7,-5,-1,-5,19,81,65,0.0,1012,-2,10,233,15
2019-01-25 12:00:00,-2,-7,0.4,3.5,1,1,66,10:37 PM,10:15 AM,07:16 AM,04:59 PM,-8,-6,-1,-6,20,97,58,0.1,1012,-2,8,254,21
2019-01-25 15:00:00,-2,-7,0.4,3.5,1,1,66,10:37 PM,10:15 AM,07:16 AM,04:59 PM,-10,-9,-3,-9,22,94,55,0.2,1014,-4,6,263,17
2019-01-25 18:00:00,-2,-7,0.4,3.5,1,0,66,10:37 PM,10:15 AM,07:16 AM,04:59 PM,-13,-12,-7,-12,22,90,60,0.2,1019,-8,7,267,13
2019-01-25 21:00:00,-2,-7,0.4,3.5,1,0,66,10:37 PM,10:15 AM,07:16 AM,04:59 PM,-14,-14,-9,-14,18,58,66,0.2,1021,-10,8,274,10
2019-01-26 00:00:00,-7,-10,0.1,3.7,2,0,59,11:47 PM,10:45 AM,07:15 AM,05:00 PM,-16,-17,-11,-17,12,33,69,0.0,1021,-12,10,280,11
2019-01-26 03:00:00,-7,-10,0.1,3.7,2,0,59,11:47 PM,10:45 AM,07:15 AM,05:00 PM,-18,-20,-15,-20,10,58,73,0.0,1025,-16,10,242,7
2019-01-26 06:00:00,-7,-10,0.1,3.7,2,0,59,11:47 PM,10:45 AM,07:15 AM,05:00 PM,-17,-18,-13,-18,15,75,71,0.0,1025,-14,10,233,6
2019-01-26 09:00:00,-7,-10,0.1,3.7,2,1,59,11:47 PM,10:45 AM,07:15 AM,05:00 PM,-14,-13,-8,-13,12,73,60,0.0,1025,-9,10,229,9
2019-01-26 12:00:00,-7,-10,0.1,3.7,2,1,59,11:47 PM,10:45 AM,07:15 AM,05:00 PM,-14,-13,-8,-13,8,85,63,0.0,1027,-9,10,245,10
2019-01-26 15:00:00,-7,-10,0.1,3.7,2,1,59,11:47 PM,10:45 AM,07:15 AM,05:00 PM,-13,-11,-6,-11,5,100,57,0.1,1026,-7,8,244,10
2019-01-26 18:00:00,-7,-10,0.1,3.7,2,0,59,11:47 PM,10:45 AM,07:15 AM,05:00 PM,-13,-11,-7,-11,4,100,59,0.1,1025,-8,7,180,7
2019-01-26 21:00:00,-7,-10,0.1,3.7,2,0,59,11:47 PM,10:45 AM,07:15 AM,05:00 PM,-14,-13,-9,-13,9,91,59,0.0,1023,-10,10,90,7
2019-01-27 00:00:00,2,-7,2.0,3.7,2,0,51,No moonrise,11:15 AM,07:15 AM,05:02 PM,-12,-13,-9,-13,11,60,65,0.0,1022,-11,10,116,11
2019-01-27 03:00:00,2,-7,2.0,3.7,2,0,51,No moonrise,11:15 AM,07:15 AM,05:02 PM,-11,-11,-6,-11,14,29,68,0.0,1021,-7,10,137,14
2019-01-27 06:00:00,2,-7,2.0,3.7,2,0,51,No moonrise,11:15 AM,07:15 AM,05:02 PM,-10,-10,-5,-10,21,35,68,0.0,1018,-6,10,145,11
2019-01-27 09:00:00,2,-7,2.0,3.7,2,1,51,No moonrise,11:15 AM,07:15 AM,05:02 PM,-9,-9,-4,-9,33,71,72,0.0,1015,-5,7,159,13
2019-01-27 12:00:00,2,-7,2.0,3.7,2,1,51,No moonrise,11:15 AM,07:15 AM,05:02 PM,-7,-4,0,-4,37,73,60,0.0,1014,-1,5,182,17
2019-01-27 15:00:00,2,-7,2.0,3.7,2,1,51,No moonrise,11:15 AM,07:15 AM,05:02 PM,-5,-2,2,-2,28,100,59,0.3,1013,1,7,211,17
2019-01-27 18:00:00,2,-7,2.0,3.7,2,0,51,No moonrise,11:15 AM,07:15 AM,05:02 PM,-6,-6,-1,-6,20,93,66,1.1,1014,-2,3,272,15
2019-01-27 21:00:00,2,-7,2.0,3.7,2,0,51,No moonrise,11:15 AM,07:15 AM,05:02 PM,-9,-8,-3,-8,21,86,64,1.0,1018,-4,5,319,14
2019-01-28 00:00:00,-8,-11,0.2,8.7,1,0,44,12:53 AM,11:46 AM,07:14 AM,05:03 PM,-12,-11,-6,-11,21,91,62,0.2,1019,-7,6,315,11
2019-01-28 03:00:00,-8,-11,0.2,8.7,1,0,44,12:53 AM,11:46 AM,07:14 AM,05:03 PM,-13,-12,-8,-12,16,49,67,0.1,1019,-9,8,307,8
2019-01-28 06:00:00,-8,-11,0.2,8.7,1,0,44,12:53 AM,11:46 AM,07:14 AM,05:03 PM,-13,-11,-8,-11,15,15,68,0.0,1020,-9,10,310,5
2019-01-28 09:00:00,-8,-11,0.2,8.7,1,2,44,12:53 AM,11:46 AM,07:14 AM,05:03 PM,-15,-11,-9,-11,13,38,61,0.0,1021,-10,10,325,9
2019-01-28 12:00:00,-8,-11,0.2,8.7,1,2,44,12:53 AM,11:46 AM,07:14 AM,05:03 PM,-15,-13,-7,-13,12,21,53,0.0,1021,-8,10,230,14
2019-01-28 15:00:00,-8,-11,0.2,8.7,1,2,44,12:53 AM,11:46 AM,07:14 AM,05:03 PM,-16,-13,-7,-13,9,11,48,0.0,1022,-8,10,119,12
2019-01-28 18:00:00,-8,-11,0.2,8.7,1,0,44,12:53 AM,11:46 AM,07:14 AM,05:03 PM,-16,-14,-9,-14,9,24,54,0.0,1023,-10,10,240,9
2019-01-28 21:00:00,-8,-11,0.2,8.7,1,0,44,12:53 AM,11:46 AM,07:14 AM,05:03 PM,-17,-16,-11,-16,8,10,61,0.0,1024,-12,10,16,8
2019-01-29 00:00:00,0,-7,10.4,3.7,2,0,37,01:58 AM,12:18 PM,07:13 AM,05:04 PM,-16,-15,-11,-15,6,23,66,0.0,1021,-12,10,59,6
2019-01-29 03:00:00,0,-7,10.4,3.7,2,0,37,01:58 AM,12:18 PM,07:13 AM,05:04 PM,-15,-12,-11,-12,11,55,67,0.0,1018,-12,10,120,4
2019-01-29 06:00:00,0,-7,10.4,3.7,2,0,37,01:58 AM,12:18 PM,07:13 AM,05:04 PM,-12,-12,-7,-12,23,83,69,0.0,1016,-8,10,140,9
2019-01-29 09:00:00,0,-7,10.4,3.7,2,1,37,01:58 AM,12:18 PM,07:13 AM,05:04 PM,-8,-9,-4,-9,28,100,79,0.2,1014,-5,7,146,9
2019-01-29 12:00:00,0,-7,10.4,3.7,2,1,37,01:58 AM,12:18 PM,07:13 AM,05:04 PM,-5,-5,-0,-5,26,100,73,0.9,1012,-1,2,149,15
2019-01-29 15:00:00,0,-7,10.4,3.7,2,1,37,01:58 AM,12:18 PM,07:13 AM,05:04 PM,-4,-4,1,-4,22,100,72,1.6,1009,0,2,144,21
2019-01-29 18:00:00,0,-7,10.4,3.7,2,0,37,01:58 AM,12:18 PM,07:13 AM,05:04 PM,-2,-3,1,-3,15,100,79,3.3,1008,0,2,130,15
2019-01-29 21:00:00,0,-7,10.4,3.7,2,0,37,01:58 AM,12:18 PM,07:13 AM,05:04 PM,-2,-3,0,-3,10,100,81,6.2,1008,-1,2,117,10
2019-01-30 00:00:00,-7,-12,6.0,7.0,1,0,30,03:01 AM,12:55 PM,07:12 AM,05:06 PM,-5,-7,-2,-7,11,96,76,4.8,1006,-3,2,173,17
2019-01-30 03:00:00,-7,-12,6.0,7.0,1,0,30,03:01 AM,12:55 PM,07:12 AM,05:06 PM,-9,-10,-4,-10,22,61,71,3.7,1009,-5,4,282,16
2019-01-30 06:00:00,-7,-12,6.0,7.0,1,0,30,03:01 AM,12:55 PM,07:12 AM,05:06 PM,-13,-11,-7,-11,14,13,60,0.0,1012,-8,9,288,10
2019-01-30 09:00:00,-7,-12,6.0,7.0,1,2,30,03:01 AM,12:55 PM,07:12 AM,05:06 PM,-16,-10,-8,-10,4,15,52,0.0,1012,-9,10,240,9
2019-01-30 12:00:00,-7,-12,6.0,7.0,1,1,30,03:01 AM,12:55 PM,07:12 AM,05:06 PM,-16,-14,-7,-14,6,36,45,0.1,1010,-8,8,159,19
2019-01-30 15:00:00,-7,-12,6.0,7.0,1,1,30,03:01 AM,12:55 PM,07:12 AM,05:06 PM,-17,-16,-8,-16,19,100,47,0.6,1011,-9,4,211,25
2019-01-30 18:00:00,-7,-12,6.0,7.0,1,0,30,03:01 AM,12:55 PM,07:12 AM,05:06 PM,-21,-22,-12,-22,28,97,48,1.5,1016,-13,2,269,24
2019-01-30 21:00:00,-7,-12,6.0,7.0,1,0,30,03:01 AM,12:55 PM,07:12 AM,05:06 PM,-23,-23,-15,-23,22,65,49,1.1,1019,-16,5,263,17
2019-01-31 00:00:00,-14,-19,0.0,5.4,2,0,26,04:00 AM,01:37 PM,07:11 AM,05:07 PM,-23,-24,-16,-24,22,11,54,0.0,1018,-17,10,263,13
2019-01-31 03:00:00,-14,-19,0.0,5.4,2,0,26,04:00 AM,01:37 PM,07:11 AM,05:07 PM,-21,-24,-15,-24,20,11,62,0.0,1016,-16,10,245,14
2019-01-31 06:00:00,-14,-19,0.0,5.4,2,0,26,04:00 AM,01:37 PM,07:11 AM,05:07 PM,-24,-24,-16,-24,18,17,53,0.0,1022,-17,10,226,12
2019-01-31 09:00:00,-14,-19,0.0,5.4,2,2,26,04:00 AM,01:37 PM,07:11 AM,05:07 PM,-25,-24,-16,-24,19,31,47,0.0,1025,-17,10,230,13
2019-01-31 12:00:00,-14,-19,0.0,5.4,2,1,26,04:00 AM,01:37 PM,07:11 AM,05:07 PM,-22,-22,-13,-22,22,73,48,0.0,1022,-14,10,253,19
2019-01-31 15:00:00,-14,-19,0.0,5.4,2,2,26,04:00 AM,01:37 PM,07:11 AM,05:07 PM,-23,-23,-14,-23,21,78,45,0.0,1022,-15,10,256,22
2019-01-31 18:00:00,-14,-19,0.0,5.4,2,0,26,04:00 AM,01:37 PM,07:11 AM,05:07 PM,-22,-22,-15,-22,19,23,47,0.0,1024,-16,10,251,17
2019-01-31 21:00:00,-14,-19,0.0,5.4,2,0,26,04:00 AM,01:37 PM,07:11 AM,05:07 PM,-23,-21,-18,-21,16,4,44,0.0,1027,-21,10,228,8
2019-02-01 00:00:00,-8,-17,0.0,7.0,2,0,8,04:55 AM,02:22 PM,07:10 AM,05:08 PM,-22,-24,-19,-24,15,8,54,0.0,1028,-22,10,218,9
2019-02-01 03:00:00,-8,-17,0.0,7.0,2,0,8,04:55 AM,02:22 PM,07:10 AM,05:08 PM,-23,-23,-16,-23,13,16,58,0.0,1029,-17,10,224,8
2019-02-01 06:00:00,-8,-17,0.0,7.0,2,0,8,04:55 AM,02:22 PM,07:10 AM,05:08 PM,-24,-21,-17,-21,7,32,56,0.0,1030,-18,10,229,5
2019-02-01 09:00:00,-8,-17,0.0,7.0,2,2,8,04:55 AM,02:22 PM,07:10 AM,05:08 PM,-22,-16,-14,-16,4,35,52,0.0,1031,-15,10,243,4
2019-02-01 12:00:00,-8,-17,0.0,7.0,2,1,8,04:55 AM,02:22 PM,07:10 AM,05:08 PM,-18,-15,-10,-15,6,47,51,0.0,1029,-11,10,277,9
2019-02-01 15:00:00,-8,-17,0.0,7.0,2,2,8,04:55 AM,02:22 PM,07:10 AM,05:08 PM,-15,-14,-8,-14,8,72,56,0.0,1025,-9,10,285,13
2019-02-01 18:00:00,-8,-17,0.0,7.0,2,0,8,04:55 AM,02:22 PM,07:10 AM,05:08 PM,-17,-15,-10,-15,8,36,58,0.0,1027,-11,10,301,10
2019-02-01 21:00:00,-8,-17,0.0,7.0,2,0,8,04:55 AM,02:22 PM,07:10 AM,05:08 PM,-19,-17,-12,-17,8,1,59,0.0,1027,-13,10,315,9
2019-02-02 00:00:00,-3,-14,0.0,8.7,2,0,1,05:45 AM,03:13 PM,07:09 AM,05:10 PM,-18,-20,-14,-20,5,21,72,0.0,1026,-15,10,285,9
2019-02-02 03:00:00,-3,-14,0.0,8.7,2,0,1,05:45 AM,03:13 PM,07:09 AM,05:10 PM,-19,-20,-15,-20,2,46,76,0.0,1030,-16,10,201,5
2019-02-02 06:00:00,-3,-14,0.0,8.7,2,0,1,05:45 AM,03:13 PM,07:09 AM,05:10 PM,-20,-20,-15,-20,6,15,69,0.0,1029,-16,10,144,5
2019-02-02 09:00:00,-3,-14,0.0,8.7,2,2,1,05:45 AM,03:13 PM,07:09 AM,05:10 PM,-18,-16,-11,-16,8,18,54,0.0,1025,-12,10,150,8
2019-02-02 12:00:00,-3,-14,0.0,8.7,2,2,1,05:45 AM,03:13 PM,07:09 AM,05:10 PM,-15,-11,-6,-11,8,26,50,0.0,1022,-7,10,173,11
2019-02-02 15:00:00,-3,-14,0.0,8.7,2,1,1,05:45 AM,03:13 PM,07:09 AM,05:10 PM,-11,-7,-3,-7,8,59,58,0.0,1019,-4,10,208,10
2019-02-02 18:00:00,-3,-14,0.0,8.7,2,0,1,05:45 AM,03:13 PM,07:09 AM,05:10 PM,-8,-7,-3,-7,9,92,67,0.0,1016,-4,10,230,11
2019-02-02 21:00:00,-3,-14,0.0,8.7,2,0,1,05:45 AM,03:13 PM,07:09 AM,05:10 PM,-7,-8,-5,-8,12,100,74,0.0,1018,-6,8,226,10
2019-02-03 00:00:00,1,-2,0.0,3.8,1,0,0,06:29 AM,04:07 PM,07:07 AM,05:11 PM,-6,-7,-6,-7,8,98,76,0.1,1020,-8,7,271,6
2019-02-03 03:00:00,1,-2,0.0,3.8,1,0,0,06:29 AM,04:07 PM,07:07 AM,05:11 PM,-6,-3,-3,-3,4,93,80,0.0,1021,-4,10,218,4
2019-02-03 06:00:00,1,-2,0.0,3.8,1,0,0,06:29 AM,04:07 PM,07:07 AM,05:11 PM,-5,-2,-2,-2,4,92,80,0.0,1020,-3,10,90,5
2019-02-03 09:00:00,1,-2,0.0,3.8,1,1,0,06:29 AM,04:07 PM,07:07 AM,05:11 PM,-3,-1,0,-1,8,89,78,0.0,1021,-1,7,138,5
2019-02-03 12:00:00,1,-2,0.0,3.8,1,1,0,06:29 AM,04:07 PM,07:07 AM,05:11 PM,-3,-1,1,-1,8,90,74,0.0,1023,1,2,152,6
2019-02-03 15:00:00,1,-2,0.0,3.8,1,1,0,06:29 AM,04:07 PM,07:07 AM,05:11 PM,-4,0,2,0,12,77,69,0.0,1024,1,2,157,7
2019-02-03 18:00:00,1,-2,0.0,3.8,1,0,0,06:29 AM,04:07 PM,07:07 AM,05:11 PM,-2,-1,2,-1,17,49,69,0.0,1021,0,5,164,8
2019-02-03 21:00:00,1,-2,0.0,3.8,1,0,0,06:29 AM,04:07 PM,07:07 AM,05:11 PM,-1,-3,1,-3,19,59,68,0.0,1018,-3,10,164,12
2019-02-04 00:00:00,11,5,0.0,5.4,2,0,0,07:08 AM,05:04 PM,07:06 AM,05:12 PM,0,-4,0,-4,21,74,78,0.0,1018,-3,7,159,11
2019-02-04 03:00:00,11,5,0.0,5.4,2,0,0,07:08 AM,05:04 PM,07:06 AM,05:12 PM,0,0,3,0,16,73,80,0.0,1017,2,5,151,12
2019-02-04 06:00:00,11,5,0.0,5.4,2,0,0,07:08 AM,05:04 PM,07:06 AM,05:12 PM,-1,0,3,0,15,88,77,0.0,1017,2,10,152,11
2019-02-04 09:00:00,11,5,0.0,5.4,2,2,0,07:08 AM,05:04 PM,07:06 AM,05:12 PM,1,6,7,6,13,94,68,0.0,1018,6,7,157,7
2019-02-04 12:00:00,11,5,0.0,5.4,2,3,0,07:08 AM,05:04 PM,07:06 AM,05:12 PM,3,10,10,10,9,72,65,0.0,1017,9,5,161,6
2019-02-04 15:00:00,11,5,0.0,5.4,2,3,0,07:08 AM,05:04 PM,07:06 AM,05:12 PM,4,11,11,11,6,42,62,0.0,1016,11,7,157,8
2019-02-04 18:00:00,11,5,0.0,5.4,2,0,0,07:08 AM,05:04 PM,07:06 AM,05:12 PM,3,10,10,10,8,27,65,0.0,1015,9,2,141,8
2019-02-04 21:00:00,11,5,0.0,5.4,2,0,0,07:08 AM,05:04 PM,07:06 AM,05:12 PM,2,8,8,8,15,33,68,0.0,1015,8,7,151,9
2019-02-05 00:00:00,9,3,0.0,3.8,3,0,0,07:42 AM,06:02 PM,07:05 AM,05:14 PM,3,5,7,5,22,31,77,0.0,1013,6,18,159,10
2019-02-05 03:00:00,9,3,0.0,3.8,3,0,0,07:42 AM,06:02 PM,07:05 AM,05:14 PM,2,4,7,4,24,42,77,0.2,1012,6,15,163,12
2019-02-05 06:00:00,9,3,0.0,3.8,3,0,0,07:42 AM,06:02 PM,07:05 AM,05:14 PM,3,4,7,4,21,82,80,1.3,1012,6,6,162,11
2019-02-05 09:00:00,9,3,0.0,3.8,3,3,0,07:42 AM,06:02 PM,07:05 AM,05:14 PM,4,7,9,7,15,88,73,1.7,1013,8,8,173,9
2019-02-05 12:00:00,9,3,0.0,3.8,3,2,0,07:42 AM,06:02 PM,07:05 AM,05:14 PM,4,8,9,8,14,70,71,0.0,1013,9,10,224,13
2019-02-05 15:00:00,9,3,0.0,3.8,3,3,0,07:42 AM,06:02 PM,07:05 AM,05:14 PM,1,3,7,3,18,67,68,0.0,1015,6,10,290,21
2019-02-05 18:00:00,9,3,0.0,3.8,3,0,0,07:42 AM,06:02 PM,07:05 AM,05:14 PM,-3,-1,3,-1,22,21,66,0.0,1018,2,10,292,19
2019-02-05 21:00:00,9,3,0.0,3.8,3,0,0,07:42 AM,06:02 PM,07:05 AM,05:14 PM,-6,-4,1,-4,24,6,64,0.0,1021,0,10,301,17
2019-02-06 00:00:00,5,-3,0.0,7.1,2,0,7,08:12 AM,07:01 PM,07:04 AM,05:15 PM,-7,-5,-1,-5,18,9,67,0.0,1022,-2,10,312,17
2019-02-06 03:00:00,5,-3,0.0,7.1,2,0,7,08:12 AM,07:01 PM,07:04 AM,05:15 PM,-9,-8,-3,-8,13,12,67,0.0,1022,-4,10,332,17
2019-02-06 06:00:00,5,-3,0.0,7.1,2,0,7,08:12 AM,07:01 PM,07:04 AM,05:15 PM,-10,-9,-4,-9,13,43,66,0.0,1024,-5,10,351,15
2019-02-06 09:00:00,5,-3,0.0,7.1,2,2,7,08:12 AM,07:01 PM,07:04 AM,05:15 PM,-10,-8,-3,-8,11,68,61,0.0,1026,-4,10,355,11
2019-02-06 12:00:00,5,-3,0.0,7.1,2,2,7,08:12 AM,07:01 PM,07:04 AM,05:15 PM,-9,-2,1,-2,6,27,52,0.0,1025,0,10,280,7
2019-02-06 15:00:00,5,-3,0.0,7.1,2,2,7,08:12 AM,07:01 PM,07:04 AM,05:15 PM,-6,0,2,0,2,30,56,0.0,1023,1,10,103,6
2019-02-06 18:00:00,5,-3,0.0,7.1,2,0,7,08:12 AM,07:01 PM,07:04 AM,05:15 PM,-2,-1,2,-1,5,67,71,0.2,1022,1,7,75,7
2019-02-06 21:00:00,5,-3,0.0,7.1,2,0,7,08:12 AM,07:01 PM,07:04 AM,05:15 PM,-6,-3,1,-3,12,100,69,1.8,1024,-1,4,108,9
2019-02-07 00:00:00,7,2,0.0,3.8,1,0,14,08:39 AM,08:00 PM,07:03 AM,05:16 PM,-9,-4,-1,-4,15,100,65,5.3,1025,-4,6,143,6
2019-02-07 03:00:00,7,2,0.0,3.8,1,0,14,08:39 AM,08:00 PM,07:03 AM,05:16 PM,-5,-4,-2,-4,12,100,72,5.7,1023,-3,6,131,9
2019-02-07 06:00:00,7,2,0.0,3.8,1,0,14,08:39 AM,08:00 PM,07:03 AM,05:16 PM,-4,-3,-1,-3,9,100,77,1.6,1022,-2,9,103,9
2019-02-07 09:00:00,7,2,0.0,3.8,1,1,14,08:39 AM,08:00 PM,07:03 AM,05:16 PM,-1,1,2,1,7,100,76,1.0,1021,1,9,88,7
2019-02-07 12:00:00,7,2,0.0,3.8,1,1,14,08:39 AM,08:00 PM,07:03 AM,05:16 PM,2,5,5,5,6,99,81,0.1,1019,5,10,99,6
2019-02-07 15:00:00,7,2,0.0,3.8,1,1,14,08:39 AM,08:00 PM,07:03 AM,05:16 PM,3,3,5,3,8,96,83,0.0,1018,5,10,138,10
2019-02-07 18:00:00,7,2,0.0,3.8,1,0,14,08:39 AM,08:00 PM,07:03 AM,05:16 PM,3,5,7,5,12,92,72,0.0,1019,7,10,127,9
2019-02-07 21:00:00,7,2,0.0,3.8,1,0,14,08:39 AM,08:00 PM,07:03 AM,05:16 PM,2,3,5,3,22,92,80,0.5,1017,4,10,139,9
2019-02-08 00:00:00,13,7,0.0,3.8,3,0,22,09:05 AM,08:59 PM,07:02 AM,05:18 PM,2,1,3,1,28,100,89,4.7,1015,3,8,139,5
2019-02-08 03:00:00,13,7,0.0,3.8,3,0,22,09:05 AM,08:59 PM,07:02 AM,05:18 PM,3,3,5,3,21,100,90,8.9,1012,4,6,132,10
2019-02-08 06:00:00,13,7,0.0,3.8,3,0,22,09:05 AM,08:59 PM,07:02 AM,05:18 PM,6,4,7,4,18,98,90,4.5,1009,7,7,136,16
2019-02-08 09:00:00,13,7,0.0,3.8,3,2,22,09:05 AM,08:59 PM,07:02 AM,05:18 PM,4,4,7,4,29,95,82,3.5,1009,6,5,189,16
2019-02-08 12:00:00,13,7,0.0,3.8,3,1,22,09:05 AM,08:59 PM,07:02 AM,05:18 PM,-1,0,5,0,26,91,66,0.4,1011,4,4,236,26
2019-02-08 15:00:00,13,7,0.0,3.8,3,1,22,09:05 AM,08:59 PM,07:02 AM,05:18 PM,-5,-3,3,-3,27,71,54,0.3,1014,2,9,274,32
2019-02-08 18:00:00,13,7,0.0,3.8,3,0,22,09:05 AM,08:59 PM,07:02 AM,05:18 PM,-10,-6,1,-6,30,70,45,0.0,1017,0,10,285,29
2019-02-08 21:00:00,13,7,0.0,3.8,3,0,22,09:05 AM,08:59 PM,07:02 AM,05:18 PM,-11,-8,-1,-8,31,72,46,0.0,1020,-2,12,282,23
2019-02-09 00:00:00,-5,-7,0.0,7.1,1,0,29,09:30 AM,09:59 PM,07:00 AM,05:19 PM,-14,-12,-5,-12,31,71,48,0.0,1024,-6,17,280,26
2019-02-09 03:00:00,-5,-7,0.0,7.1,1,0,29,09:30 AM,09:59 PM,07:00 AM,05:19 PM,-15,-13,-6,-13,34,78,48,0.1,1026,-7,18,283,26
2019-02-09 06:00:00,-5,-7,0.0,7.1,1,0,29,09:30 AM,09:59 PM,07:00 AM,05:19 PM,-16,-14,-6,-14,36,93,47,0.0,1029,-7,18,290,30
2019-02-09 09:00:00,-5,-7,0.0,7.1,1,2,29,09:30 AM,09:59 PM,07:00 AM,05:19 PM,-16,-14,-6,-14,35,81,46,0.0,1032,-7,19,300,30
2019-02-09 12:00:00,-5,-7,0.0,7.1,1,2,29,09:30 AM,09:59 PM,07:00 AM,05:19 PM,-17,-12,-5,-12,36,31,39,0.0,1033,-6,20,302,20
2019-02-09 15:00:00,-5,-7,0.0,7.1,1,2,29,09:30 AM,09:59 PM,07:00 AM,05:19 PM,-17,-10,-4,-10,31,7,38,0.0,1034,-5,20,303,21
2019-02-09 18:00:00,-5,-7,0.0,7.1,1,0,29,09:30 AM,09:59 PM,07:00 AM,05:19 PM,-16,-12,-6,-12,23,0,42,0.0,1036,-7,20,304,18
2019-02-09 21:00:00,-5,-7,0.0,7.1,1,0,29,09:30 AM,09:59 PM,07:00 AM,05:19 PM,-17,-13,-8,-13,22,1,45,0.0,1037,-9,20,303,12
2019-02-10 00:00:00,0,-6,0.0,4.0,2,0,37,09:56 AM,11:00 PM,06:59 AM,05:20 PM,-18,-15,-9,-15,18,5,49,0.0,1037,-10,20,298,9
2019-02-10 03:00:00,0,-6,0.0,4.0,2,0,37,09:56 AM,11:00 PM,06:59 AM,05:20 PM,-18,-16,-10,-16,15,33,51,0.0,1037,-11,10,293,8
2019-02-10 06:00:00,0,-6,0.0,4.0,2,0,37,09:56 AM,11:00 PM,06:59 AM,05:20 PM,-16,-14,-9,-14,12,83,55,0.0,1038,-10,10,289,6
2019-02-10 09:00:00,0,-6,0.0,4.0,2,1,37,09:56 AM,11:00 PM,06:59 AM,05:20 PM,-13,-8,-4,-8,15,100,53,0.0,1037,-5,10,289,8
2019-02-10 12:00:00,0,-6,0.0,4.0,2,1,37,09:56 AM,11:00 PM,06:59 AM,05:20 PM,-12,-5,-1,-5,17,93,45,0.0,1035,-2,13,295,14
2019-02-10 15:00:00,0,-6,0.0,4.0,2,2,37,09:56 AM,11:00 PM,06:59 AM,05:20 PM,-12,-3,0,-3,15,66,40,0.0,1032,-1,20,289,13
2019-02-10 18:00:00,0,-6,0.0,4.0,2,0,37,09:56 AM,11:00 PM,06:59 AM,05:20 PM,-12,-3,0,-3,13,45,40,0.0,1029,-1,20,296,8
2019-02-10 21:00:00,0,-6,0.0,4.0,2,0,37,09:56 AM,11:00 PM,06:59 AM,05:20 PM,-13,-5,-2,-5,11,59,49,0.0,1031,-3,17,308,7
2019-02-11 00:00:00,1,-5,0.0,5.6,2,0,44,10:22 AM,No moonset,06:58 AM,05:22 PM,-13,-6,-3,-6,6,68,57,0.0,1033,-5,10,219,9
2019-02-11 03:00:00,1,-5,0.0,5.6,2,0,44,10:22 AM,No moonset,06:58 AM,05:22 PM,-10,-6,-2,-6,3,55,61,0.0,1026,-3,10,35,9
2019-02-11 06:00:00,1,-5,0.0,5.6,2,0,44,10:22 AM,No moonset,06:58 AM,05:22 PM,-9,-6,-3,-6,3,73,65,0.0,1026,-4,10,39,5
2019-02-11 09:00:00,1,-5,0.0,5.6,2,1,44,10:22 AM,No moonset,06:58 AM,05:22 PM,-11,-6,-3,-6,5,88,53,0.0,1029,-4,10,24,8
2019-02-11 12:00:00,1,-5,0.0,5.6,2,2,44,10:22 AM,No moonset,06:58 AM,05:22 PM,-12,-4,0,-4,9,83,40,0.0,1027,-1,13,13,11
2019-02-11 15:00:00,1,-5,0.0,5.6,2,2,44,10:22 AM,No moonset,06:58 AM,05:22 PM,-9,-2,2,-2,12,37,45,0.0,1025,1,20,14,11
2019-02-11 18:00:00,1,-5,0.0,5.6,2,0,44,10:22 AM,No moonset,06:58 AM,05:22 PM,-11,-3,1,-3,14,11,47,0.0,1028,-1,20,16,10
2019-02-11 21:00:00,1,-5,0.0,5.6,2,0,44,10:22 AM,No moonset,06:58 AM,05:22 PM,-16,-3,-1,-3,16,36,41,0.0,1031,-3,17,18,10
2019-02-12 00:00:00,-4,-10,11.5,4.0,2,0,52,10:53 AM,12:03 AM,06:56 AM,05:23 PM,-18,-8,-5,-8,16,64,42,0.0,1032,-7,10,13,9
2019-02-12 03:00:00,-4,-10,11.5,4.0,2,0,52,10:53 AM,12:03 AM,06:56 AM,05:23 PM,-19,-12,-8,-12,12,15,41,0.0,1032,-9,10,7,8
2019-02-12 06:00:00,-4,-10,11.5,4.0,2,0,52,10:53 AM,12:03 AM,06:56 AM,05:23 PM,-19,-13,-9,-13,8,48,45,0.0,1031,-10,10,18,6
2019-02-12 09:00:00,-4,-10,11.5,4.0,2,1,52,10:53 AM,12:03 AM,06:56 AM,05:23 PM,-17,-11,-8,-11,7,86,44,0.0,1030,-9,10,72,6
2019-02-12 12:00:00,-4,-10,11.5,4.0,2,1,52,10:53 AM,12:03 AM,06:56 AM,05:23 PM,-14,-8,-5,-8,11,100,48,0.6,1027,-6,7,131,8
2019-02-12 15:00:00,-4,-10,11.5,4.0,2,1,52,10:53 AM,12:03 AM,06:56 AM,05:23 PM,-10,-9,-4,-9,19,100,63,3.6,1023,-5,4,128,13
2019-02-12 18:00:00,-4,-10,11.5,4.0,2,0,52,10:53 AM,12:03 AM,06:56 AM,05:23 PM,-7,-7,-3,-7,23,100,74,9.3,1019,-5,6,123,15
2019-02-12 21:00:00,-4,-10,11.5,4.0,2,0,52,10:53 AM,12:03 AM,06:56 AM,05:23 PM,-5,-8,-5,-8,22,100,75,11.2,1014,-8,2,113,13
2019-02-13 00:00:00,5,1,8.5,4.0,1,0,60,11:28 AM,01:08 AM,06:55 AM,05:24 PM,-4,-10,-7,-10,14,100,82,7.7,1007,-10,4,118,8
2019-02-13 03:00:00,5,1,8.5,4.0,1,0,60,11:28 AM,01:08 AM,06:55 AM,05:24 PM,-4,-5,-2,-5,5,100,92,8.3,1001,-3,6,111,8
2019-02-13 06:00:00,5,1,8.5,4.0,1,0,60,11:28 AM,01:08 AM,06:55 AM,05:24 PM,-1,-1,1,-1,8,95,84,5.4,996,1,8,106,8
2019-02-13 09:00:00,5,1,8.5,4.0,1,1,60,11:28 AM,01:08 AM,06:55 AM,05:24 PM,0,0,2,0,15,82,81,3.1,996,2,8,208,7
2019-02-13 12:00:00,5,1,8.5,4.0,1,1,60,11:28 AM,01:08 AM,06:55 AM,05:24 PM,-2,1,4,1,22,69,68,0.2,998,3,7,262,12
2019-02-13 15:00:00,5,1,8.5,4.0,1,1,60,11:28 AM,01:08 AM,06:55 AM,05:24 PM,-4,1,5,1,20,74,53,0.3,1002,4,9,262,18
2019-02-13 18:00:00,5,1,8.5,4.0,1,0,60,11:28 AM,01:08 AM,06:55 AM,05:24 PM,-6,-4,1,-4,18,100,60,0.5,1004,1,14,260,19
2019-02-13 21:00:00,5,1,8.5,4.0,1,0,60,11:28 AM,01:08 AM,06:55 AM,05:24 PM,-8,-6,-1,-6,20,100,63,0.5,1004,-2,11,247,17
2019-02-14 00:00:00,3,-4,0.4,5.6,1,0,67,12:09 PM,02:15 AM,06:54 AM,05:26 PM,-9,-9,-3,-9,26,100,65,0.1,1008,-4,7,233,13
2019-02-14 03:00:00,3,-4,0.4,5.6,1,0,67,12:09 PM,02:15 AM,06:54 AM,05:26 PM,-9,-9,-3,-9,26,100,64,0.1,1009,-4,8,236,16
2019-02-14 06:00:00,3,-4,0.4,5.6,1,0,67,12:09 PM,02:15 AM,06:54 AM,05:26 PM,-9,-8,-2,-8,24,89,63,0.1,1010,-3,9,263,16
2019-02-14 09:00:00,3,-4,0.4,5.6,1,1,67,12:09 PM,02:15 AM,06:54 AM,05:26 PM,-8,-7,-1,-7,22,74,63,0.2,1014,-2,10,290,17
2019-02-14 12:00:00,3,-4,0.4,5.6,1,1,67,12:09 PM,02:15 AM,06:54 AM,05:26 PM,-6,-1,3,-1,21,80,53,0.1,1013,2,13,282,17
2019-02-14 15:00:00,3,-4,0.4,5.6,1,2,67,12:09 PM,02:15 AM,06:54 AM,05:26 PM,-5,1,4,1,15,53,52,0.1,1013,3,11,285,14
2019-02-14 18:00:00,3,-4,0.4,5.6,1,0,67,12:09 PM,02:15 AM,06:54 AM,05:26 PM,-5,-1,2,-1,10,27,61,0.0,1014,1,20,240,12
2019-02-14 21:00:00,3,-4,0.4,5.6,1,0,67,12:09 PM,02:15 AM,06:54 AM,05:26 PM,-6,-3,0,-3,15,37,66,0.0,1015,-1,17,124,9
2019-02-15 00:00:00,8,4,0.7,4.0,3,0,75,01:00 PM,03:22 AM,06:52 AM,05:27 PM,-5,-3,1,-3,17,47,66,0.0,1015,0,10,130,12
2019-02-15 03:00:00,8,4,0.7,4.0,3,0,75,01:00 PM,03:22 AM,06:52 AM,05:27 PM,-2,0,3,0,27,57,70,0.0,1011,3,10,143,14
2019-02-15 06:00:00,8,4,0.7,4.0,3,0,75,01:00 PM,03:22 AM,06:52 AM,05:27 PM,-1,1,4,1,41,84,69,0.2,1008,4,7,158,16
2019-02-15 09:00:00,8,4,0.7,4.0,3,1,75,01:00 PM,03:22 AM,06:52 AM,05:27 PM,-1,2,5,2,41,86,67,0.9,1007,5,5,158,21
2019-02-15 12:00:00,8,4,0.7,4.0,3,2,75,01:00 PM,03:22 AM,06:52 AM,05:27 PM,2,5,7,5,33,64,74,1.9,1004,6,10,164,17
2019-02-15 15:00:00,8,4,0.7,4.0,3,2,75,01:00 PM,03:22 AM,06:52 AM,05:27 PM,3,8,9,8,30,75,70,2.0,1003,8,9,179,17
2019-02-15 18:00:00,8,4,0.7,4.0,3,0,75,01:00 PM,03:22 AM,06:52 AM,05:27 PM,3,5,8,5,26,84,76,0.5,1004,6,11,212,15
2019-02-15 21:00:00,8,4,0.7,4.0,3,0,75,01:00 PM,03:22 AM,06:52 AM,05:27 PM,-1,2,6,2,19,93,74,0.8,1007,3,11,288,13
2019-02-16 00:00:00,2,-2,0.0,8.7,1,0,82,02:00 PM,04:25 AM,06:51 AM,05:28 PM,-4,-4,0,-4,15,56,68,0.1,1008,-1,8,295,13
2019-02-16 03:00:00,2,-2,0.0,8.7,1,0,82,02:00 PM,04:25 AM,06:51 AM,05:28 PM,-5,-5,-1,-5,15,18,72,0.0,1009,-2,9,295,14
2019-02-16 06:00:00,2,-2,0.0,8.7,1,0,82,02:00 PM,04:25 AM,06:51 AM,05:28 PM,-6,-5,-1,-5,15,29,71,0.0,1010,-2,13,294,13
2019-02-16 09:00:00,2,-2,0.0,8.7,1,1,82,02:00 PM,04:25 AM,06:51 AM,05:28 PM,-7,-5,0,-5,18,38,64,0.0,1011,-1,17,293,13
2019-02-16 12:00:00,2,-2,0.0,8.7,1,2,82,02:00 PM,04:25 AM,06:51 AM,05:28 PM,-3,-2,2,-2,23,59,68,0.0,1011,1,13,295,13
2019-02-16 15:00:00,2,-2,0.0,8.7,1,2,82,02:00 PM,04:25 AM,06:51 AM,05:28 PM,-4,-2,2,-2,22,43,64,0.0,1009,1,18,297,17
2019-02-16 18:00:00,2,-2,0.0,8.7,1,0,82,02:00 PM,04:25 AM,06:51 AM,05:28 PM,-7,-6,-1,-6,22,45,62,0.0,1013,-2,20,305,19
2019-02-16 21:00:00,2,-2,0.0,8.7,1,0,82,02:00 PM,04:25 AM,06:51 AM,05:28 PM,-8,-8,-3,-8,21,29,66,0.0,1013,-4,17,314,17
2019-02-17 00:00:00,-1,-8,0.0,8.7,2,0,90,03:09 PM,05:24 AM,06:49 AM,05:29 PM,-10,-9,-4,-9,18,4,69,0.0,1014,-5,10,310,14
2019-02-17 03:00:00,-1,-8,0.0,8.7,2,0,90,03:09 PM,05:24 AM,06:49 AM,05:29 PM,-12,-12,-8,-12,17,3,75,0.0,1019,-9,10,311,11
2019-02-17 06:00:00,-1,-8,0.0,8.7,2,0,90,03:09 PM,05:24 AM,06:49 AM,05:29 PM,-13,-13,-9,-13,12,2,75,0.0,1019,-10,10,326,8
2019-02-17 09:00:00,-1,-8,0.0,8.7,2,2,90,03:09 PM,05:24 AM,06:49 AM,05:29 PM,-12,-10,-6,-10,9,5,63,0.0,1017,-7,13,337,7
2019-02-17 12:00:00,-1,-8,0.0,8.7,2,1,90,03:09 PM,05:24 AM,06:49 AM,05:29 PM,-11,-6,-2,-6,8,25,50,0.0,1016,-3,20,344,8
2019-02-17 15:00:00,-1,-8,0.0,8.7,2,2,90,03:09 PM,05:24 AM,06:49 AM,05:29 PM,-10,-4,0,-4,6,60,49,0.0,1016,-1,20,239,9
2019-02-17 18:00:00,-1,-8,0.0,8.7,2,0,90,03:09 PM,05:24 AM,06:49 AM,05:29 PM,-10,-6,-2,-6,6,28,56,0.0,1014,-3,20,40,9
2019-02-17 21:00:00,-1,-8,0.0,8.7,2,0,90,03:09 PM,05:24 AM,06:49 AM,05:29 PM,-11,-9,-4,-9,6,35,61,0.0,1013,-5,17,73,12
2019-02-18 00:00:00,-3,-5,5.4,4.1,1,0,97,04:24 PM,06:15 AM,06:48 AM,05:31 PM,-9,-9,-4,-9,8,79,68,0.2,1016,-5,7,110,9
2019-02-18 03:00:00,-3,-5,5.4,4.1,1,0,97,04:24 PM,06:15 AM,06:48 AM,05:31 PM,-8,-6,-3,-6,12,100,74,0.7,1014,-4,2,115,5
2019-02-18 06:00:00,-3,-5,5.4,4.1,1,0,97,04:24 PM,06:15 AM,06:48 AM,05:31 PM,-7,-7,-3,-7,10,100,76,1.3,1013,-4,2,88,7
2019-02-18 09:00:00,-3,-5,5.4,4.1,1,1,97,04:24 PM,06:15 AM,06:48 AM,05:31 PM,-7,-7,-3,-7,7,100,77,1.5,1013,-4,2,49,7
2019-02-18 12:00:00,-3,-5,5.4,4.1,1,1,97,04:24 PM,06:15 AM,06:48 AM,05:31 PM,-7,-5,-2,-5,9,100,70,0.8,1014,-3,2,127,9
2019-02-18 15:00:00,-3,-5,5.4,4.1,1,1,97,04:24 PM,06:15 AM,06:48 AM,05:31 PM,-10,-7,-3,-7,15,100,58,1.0,1019,-4,2,343,15
2019-02-18 18:00:00,-3,-5,5.4,4.1,1,0,97,04:24 PM,06:15 AM,06:48 AM,05:31 PM,-11,-11,-5,-11,17,100,66,0.5,1019,-6,6,333,16
2019-02-18 21:00:00,-3,-5,5.4,4.1,1,0,97,04:24 PM,06:15 AM,06:48 AM,05:31 PM,-13,-14,-8,-14,21,93,68,0.4,1026,-9,12,322,13
2019-02-19 00:00:00,-5,-12,0.1,8.7,1,0,100,05:42 PM,06:59 AM,06:46 AM,05:32 PM,-14,-15,-10,-15,21,77,69,0.1,1029,-11,7,310,12
2019-02-19 03:00:00,-5,-12,0.1,8.7,1,0,100,05:42 PM,06:59 AM,06:46 AM,05:32 PM,-15,-16,-11,-16,17,49,74,0.1,1030,-12,8,306,10
2019-02-19 06:00:00,-5,-12,0.1,8.7,1,0,100,05:42 PM,06:59 AM,06:46 AM,05:32 PM,-15,-16,-11,-16,16,0,74,0.0,1030,-12,10,303,7
2019-02-19 09:00:00,-5,-12,0.1,8.7,1,2,100,05:42 PM,06:59 AM,06:46 AM,05:32 PM,-15,-13,-9,-13,16,0,61,0.0,1032,-10,10,305,7
2019-02-19 12:00:00,-5,-12,0.1,8.7,1,2,100,05:42 PM,06:59 AM,06:46 AM,05:32 PM,-14,-9,-4,-9,18,2,48,0.0,1033,-5,10,301,11
2019-02-19 15:00:00,-5,-12,0.1,8.7,1,2,100,05:42 PM,06:59 AM,06:46 AM,05:32 PM,-15,-11,-5,-11,19,5,45,0.0,1034,-6,10,296,17
2019-02-19 18:00:00,-5,-12,0.1,8.7,1,0,100,05:42 PM,06:59 AM,06:46 AM,05:32 PM,-14,-11,-6,-11,19,7,49,0.0,1034,-7,10,292,12
2019-02-19 21:00:00,-5,-12,0.1,8.7,1,0,100,05:42 PM,06:59 AM,06:46 AM,05:32 PM,-15,-11,-8,-11,15,21,58,0.0,1037,-9,10,291,7
2019-02-20 00:00:00,-1,-12,0.8,5.6,2,0,88,07:00 PM,07:37 AM,06:45 AM,05:33 PM,-16,-10,-10,-10,9,24,68,0.0,1037,-11,10,305,4
2019-02-20 03:00:00,-1,-12,0.8,5.6,2,0,88,07:00 PM,07:37 AM,06:45 AM,05:33 PM,-15,-11,-11,-11,7,15,72,0.0,1037,-12,10,317,5
2019-02-20 06:00:00,-1,-12,0.8,5.6,2,0,88,07:00 PM,07:37 AM,06:45 AM,05:33 PM,-15,-10,-10,-10,4,28,71,0.0,1036,-11,10,252,4
2019-02-20 09:00:00,-1,-12,0.8,5.6,2,1,88,07:00 PM,07:37 AM,06:45 AM,05:33 PM,-13,-7,-7,-7,4,46,64,0.0,1033,-8,10,146,4
2019-02-20 12:00:00,-1,-12,0.8,5.6,2,1,88,07:00 PM,07:37 AM,06:45 AM,05:33 PM,-10,-4,-3,-4,6,82,57,0.0,1028,-4,10,150,7
2019-02-20 15:00:00,-1,-12,0.8,5.6,2,1,88,07:00 PM,07:37 AM,06:45 AM,05:33 PM,-8,-5,0,-5,13,78,56,0.0,1025,-1,10,152,14
2019-02-20 18:00:00,-1,-12,0.8,5.6,2,0,88,07:00 PM,07:37 AM,06:45 AM,05:33 PM,-8,-6,-1,-6,20,82,61,0.1,1026,-2,8,152,12
2019-02-20 21:00:00,-1,-12,0.8,5.6,2,0,88,07:00 PM,07:37 AM,06:45 AM,05:33 PM,-7,-7,-2,-7,23,100,67,0.8,1024,-3,6,146,13
2019-02-21 00:00:00,6,-1,0.0,4.1,1,0,80,08:15 PM,08:11 AM,06:43 AM,05:35 PM,-5,-7,-1,-7,21,100,75,3.2,1019,-2,6,152,18
2019-02-21 03:00:00,6,-1,0.0,4.1,1,0,80,08:15 PM,08:11 AM,06:43 AM,05:35 PM,-3,-4,0,-4,21,100,80,4.3,1015,-1,5,166,15
2019-02-21 06:00:00,6,-1,0.0,4.1,1,0,80,08:15 PM,08:11 AM,06:43 AM,05:35 PM,-2,-2,1,-2,17,94,81,1.5,1015,0,9,166,9
2019-02-21 09:00:00,6,-1,0.0,4.1,1,1,80,08:15 PM,08:11 AM,06:43 AM,05:35 PM,0,1,4,1,18,83,79,0.7,1014,3,9,203,8
2019-02-21 12:00:00,6,-1,0.0,4.1,1,2,80,08:15 PM,08:11 AM,06:43 AM,05:35 PM,0,3,6,3,26,76,69,0.1,1013,5,10,287,12
2019-02-21 15:00:00,6,-1,0.0,4.1,1,2,80,08:15 PM,08:11 AM,06:43 AM,05:35 PM,-1,4,7,4,24,64,60,0.0,1014,6,10,288,18
2019-02-21 18:00:00,6,-1,0.0,4.1,1,0,80,08:15 PM,08:11 AM,06:43 AM,05:35 PM,0,2,5,2,21,68,70,0.1,1017,5,10,289,14
2019-02-21 21:00:00,6,-1,0.0,4.1,1,0,80,08:15 PM,08:11 AM,06:43 AM,05:35 PM,-2,0,4,0,19,37,70,0.0,1020,3,10,286,15
2019-02-22 00:00:00,3,-5,0.0,7.2,2,0,73,09:28 PM,08:43 AM,06:42 AM,05:36 PM,-3,-1,3,-1,20,21,67,0.0,1021,2,10,281,15
2019-02-22 03:00:00,3,-5,0.0,7.2,2,0,73,09:28 PM,08:43 AM,06:42 AM,05:36 PM,-3,-3,1,-3,20,26,69,0.0,1022,1,10,291,12
2019-02-22 06:00:00,3,-5,0.0,7.2,2,0,73,09:28 PM,08:43 AM,06:42 AM,05:36 PM,-4,-4,0,-4,21,22,69,0.0,1024,-1,10,291,9
2019-02-22 09:00:00,3,-5,0.0,7.2,2,2,73,09:28 PM,08:43 AM,06:42 AM,05:36 PM,-5,-2,1,-2,20,22,62,0.0,1027,1,10,299,11
2019-02-22 12:00:00,3,-5,0.0,7.2,2,2,73,09:28 PM,08:43 AM,06:42 AM,05:36 PM,-5,0,3,0,17,34,59,0.0,1027,2,10,315,10
2019-02-22 15:00:00,3,-5,0.0,7.2,2,1,73,09:28 PM,08:43 AM,06:42 AM,05:36 PM,-3,1,4,1,14,63,59,0.0,1028,3,10,313,11
2019-02-22 18:00:00,3,-5,0.0,7.2,2,0,73,09:28 PM,08:43 AM,06:42 AM,05:36 PM,-3,-2,2,-2,15,64,69,0.0,1030,1,10,303,10
2019-02-22 21:00:00,3,-5,0.0,7.2,2,0,73,09:28 PM,08:43 AM,06:42 AM,05:36 PM,-6,-6,-2,-6,15,22,69,0.0,1030,-3,13,300,8
2019-02-23 00:00:00,6,-7,0.0,8.7,2,0,65,10:39 PM,09:14 AM,06:40 AM,05:37 PM,-9,-6,-4,-6,12,0,72,0.0,1029,-5,19,313,5
2019-02-23 03:00:00,6,-7,0.0,8.7,2,0,65,10:39 PM,09:14 AM,06:40 AM,05:37 PM,-8,-5,-5,-5,8,1,80,0.0,1034,-6,19,332,3
2019-02-23 06:00:00,6,-7,0.0,8.7,2,0,65,10:39 PM,09:14 AM,06:40 AM,05:37 PM,-9,-6,-5,-6,3,2,78,0.0,1031,-6,19,245,4
2019-02-23 09:00:00,6,-7,0.0,8.7,2,2,65,10:39 PM,09:14 AM,06:40 AM,05:37 PM,-7,-5,-2,-5,2,1,69,0.0,1024,-3,20,39,8
2019-02-23 12:00:00,6,-7,0.0,8.7,2,2,65,10:39 PM,09:14 AM,06:40 AM,05:37 PM,-3,2,4,2,1,4,58,0.0,1024,3,20,85,7
2019-02-23 15:00:00,6,-7,0.0,8.7,2,3,65,10:39 PM,09:14 AM,06:40 AM,05:37 PM,-2,4,6,4,5,4,56,0.0,1023,5,20,141,9
2019-02-23 18:00:00,6,-7,0.0,8.7,2,0,65,10:39 PM,09:14 AM,06:40 AM,05:37 PM,-3,0,3,0,11,28,62,0.0,1019,3,20,131,10
2019-02-23 21:00:00,6,-7,0.0,8.7,2,0,65,10:39 PM,09:14 AM,06:40 AM,05:37 PM,-4,-1,2,-1,18,74,66,0.0,1025,1,20,129,9
2019-02-24 00:00:00,7,2,1.1,4.1,2,0,57,11:47 PM,09:45 AM,06:39 AM,05:38 PM,-2,-1,2,-1,21,78,74,0.5,1020,2,18,140,10
2019-02-24 03:00:00,7,2,1.1,4.1,2,0,57,11:47 PM,09:45 AM,06:39 AM,05:38 PM,1,0,3,0,22,100,83,1.5,1014,2,8,136,9
2019-02-24 06:00:00,7,2,1.1,4.1,2,0,57,11:47 PM,09:45 AM,06:39 AM,05:38 PM,1,0,4,0,21,100,80,2.8,1011,3,7,125,13
2019-02-24 09:00:00,7,2,1.1,4.1,2,1,57,11:47 PM,09:45 AM,06:39 AM,05:38 PM,2,1,5,1,24,95,82,2.5,1006,4,5,128,16
2019-02-24 12:00:00,7,2,1.1,4.1,2,2,57,11:47 PM,09:45 AM,06:39 AM,05:38 PM,3,2,6,2,36,88,81,0.9,999,5,4,142,16
2019-02-24 15:00:00,7,2,1.1,4.1,2,2,57,11:47 PM,09:45 AM,06:39 AM,05:38 PM,4,5,8,5,39,93,74,1.1,993,7,7,153,18
2019-02-24 18:00:00,7,2,1.1,4.1,2,0,57,11:47 PM,09:45 AM,06:39 AM,05:38 PM,4,5,8,5,30,88,75,0.7,992,7,5,185,19
2019-02-24 21:00:00,7,2,1.1,4.1,2,0,57,11:47 PM,09:45 AM,06:39 AM,05:38 PM,1,3,6,3,27,91,73,1.3,994,6,7,238,17
2019-02-25 00:00:00,0,-5,1.9,4.1,1,0,50,No moonrise,10:18 AM,06:37 AM,05:40 PM,-3,0,4,0,22,78,58,1.1,994,4,3,262,21
2019-02-25 03:00:00,0,-5,1.9,4.1,1,0,50,No moonrise,10:18 AM,06:37 AM,05:40 PM,-7,-3,2,-3,22,70,53,0.9,995,2,5,248,21
2019-02-25 06:00:00,0,-5,1.9,4.1,1,0,50,No moonrise,10:18 AM,06:37 AM,05:40 PM,-8,-4,1,-4,28,77,52,0.2,999,0,5,260,24
2019-02-25 09:00:00,0,-5,1.9,4.1,1,1,50,No moonrise,10:18 AM,06:37 AM,05:40 PM,-8,-5,1,-5,38,72,52,0.3,1003,0,3,273,32
2019-02-25 12:00:00,0,-5,1.9,4.1,1,1,50,No moonrise,10:18 AM,06:37 AM,05:40 PM,-9,-6,1,-6,44,84,45,0.4,1007,0,0,285,38
2019-02-25 15:00:00,0,-5,1.9,4.1,1,1,50,No moonrise,10:18 AM,06:37 AM,05:40 PM,-11,-7,0,-7,44,92,43,0.4,1010,-1,0,291,37
2019-02-25 18:00:00,0,-5,1.9,4.1,1,0,50,No moonrise,10:18 AM,06:37 AM,05:40 PM,-12,-9,-2,-9,42,100,45,0.1,1014,-3,0,294,32
2019-02-25 21:00:00,0,-5,1.9,4.1,1,0,50,No moonrise,10:18 AM,06:37 AM,05:40 PM,-14,-10,-3,-10,39,98,44,0.1,1018,-4,1,296,28
2019-02-26 00:00:00,-3,-10,0.0,5.7,2,0,42,12:52 AM,10:54 AM,06:36 AM,05:41 PM,-15,-12,-5,-12,39,73,44,0.0,1020,-6,5,296,26
2019-02-26 03:00:00,-3,-10,0.0,5.7,2,0,42,12:52 AM,10:54 AM,06:36 AM,05:41 PM,-16,-13,-6,-13,35,21,45,0.0,1022,-7,10,303,23
2019-02-26 06:00:00,-3,-10,0.0,5.7,2,0,42,12:52 AM,10:54 AM,06:36 AM,05:41 PM,-17,-14,-7,-14,29,15,45,0.0,1025,-8,10,305,19
2019-02-26 09:00:00,-3,-10,0.0,5.7,2,1,42,12:52 AM,10:54 AM,06:36 AM,05:41 PM,-18,-14,-7,-14,25,47,41,0.0,1027,-8,10,305,21
2019-02-26 12:00:00,-3,-10,0.0,5.7,2,1,42,12:52 AM,10:54 AM,06:36 AM,05:41 PM,-18,-11,-5,-11,27,81,34,0.0,1029,-6,10,302,22
2019-02-26 15:00:00,-3,-10,0.0,5.7,2,2,42,12:52 AM,10:54 AM,06:36 AM,05:41 PM,-17,-8,-3,-8,30,68,33,0.0,1031,-4,10,298,15
2019-02-26 18:00:00,-3,-10,0.0,5.7,2,0,42,12:52 AM,10:54 AM,06:36 AM,05:41 PM,-17,-12,-6,-12,30,51,40,0.0,1028,-7,10,298,16
2019-02-26 21:00:00,-3,-10,0.0,5.7,2,0,42,12:52 AM,10:54 AM,06:36 AM,05:41 PM,-17,-13,-8,-13,27,45,44,0.0,1029,-9,10,304,12
2019-02-27 00:00:00,-5,-13,1.1,5.7,2,0,35,01:54 AM,11:35 AM,06:34 AM,05:42 PM,-18,-15,-10,-15,20,40,48,0.0,1029,-11,10,324,10
2019-02-27 03:00:00,-5,-13,1.1,5.7,2,0,35,01:54 AM,11:35 AM,06:34 AM,05:42 PM,-19,-17,-11,-17,16,23,51,0.0,1029,-12,10,343,10
2019-02-27 06:00:00,-5,-13,1.1,5.7,2,0,35,01:54 AM,11:35 AM,06:34 AM,05:42 PM,-19,-16,-11,-16,12,17,56,0.0,1028,-12,10,344,8
2019-02-27 09:00:00,-5,-13,1.1,5.7,2,1,35,01:54 AM,11:35 AM,06:34 AM,05:42 PM,-15,-14,-9,-14,8,53,61,0.0,1026,-10,10,235,8
2019-02-27 12:00:00,-5,-13,1.1,5.7,2,1,35,01:54 AM,11:35 AM,06:34 AM,05:42 PM,-13,-11,-6,-11,3,92,55,0.0,1024,-7,10,23,10
2019-02-27 15:00:00,-5,-13,1.1,5.7,2,1,35,01:54 AM,11:35 AM,06:34 AM,05:42 PM,-13,-10,-5,-10,4,100,51,0.1,1021,-6,7,69,13
2019-02-27 18:00:00,-5,-13,1.1,5.7,2,0,35,01:54 AM,11:35 AM,06:34 AM,05:42 PM,-15,-12,-6,-12,8,100,50,0.3,1020,-7,2,91,12
2019-02-27 21:00:00,-5,-13,1.1,5.7,2,0,35,01:54 AM,11:35 AM,06:34 AM,05:42 PM,-15,-12,-8,-12,9,100,56,0.9,1021,-9,2,97,8
2019-02-28 00:00:00,-1,-11,4.8,4.2,1,0,27,02:50 AM,12:19 PM,06:32 AM,05:43 PM,-15,-13,-9,-13,8,100,61,2.6,1022,-10,2,98,7
2019-02-28 03:00:00,-1,-11,4.8,4.2,1,0,27,02:50 AM,12:19 PM,06:32 AM,05:43 PM,-14,-13,-9,-13,7,100,66,2.6,1024,-10,2,84,7
2019-02-28 06:00:00,-1,-11,4.8,4.2,1,0,27,02:50 AM,12:19 PM,06:32 AM,05:43 PM,-15,-14,-10,-14,6,100,65,0.3,1025,-11,2,131,5
2019-02-28 09:00:00,-1,-11,4.8,4.2,1,1,27,02:50 AM,12:19 PM,06:32 AM,05:43 PM,-14,-12,-7,-12,10,98,59,0.2,1022,-8,3,316,8
2019-02-28 12:00:00,-1,-11,4.8,4.2,1,1,27,02:50 AM,12:19 PM,06:32 AM,05:43 PM,-11,-6,-2,-6,11,93,48,0.1,1018,-3,7,333,11
2019-02-28 15:00:00,-1,-11,4.8,4.2,1,1,27,02:50 AM,12:19 PM,06:32 AM,05:43 PM,-10,-4,0,-4,8,70,45,0.0,1018,-1,10,342,13
2019-02-28 18:00:00,-1,-11,4.8,4.2,1,0,27,02:50 AM,12:19 PM,06:32 AM,05:43 PM,-10,-6,-2,-6,6,33,50,0.0,1019,-3,10,230,13
2019-02-28 21:00:00,-1,-11,4.8,4.2,1,0,27,02:50 AM,12:19 PM,06:32 AM,05:43 PM,-12,-8,-4,-8,4,59,56,0.0,1022,-5,10,57,8
2019-03-01 00:00:00,1,-11,0.0,5.7,1,0,26,03:42 AM,01:08 PM,06:31 AM,05:45 PM,-13,-12,-8,-12,2,80,62,0.0,1027,-9,10,117,6
2019-03-01 03:00:00,1,-11,0.0,5.7,1,0,26,03:42 AM,01:08 PM,06:31 AM,05:45 PM,-14,-14,-10,-14,2,84,67,0.0,1029,-11,10,62,3
2019-03-01 06:00:00,1,-11,0.0,5.7,1,0,26,03:42 AM,01:08 PM,06:31 AM,05:45 PM,-15,-13,-9,-13,3,74,67,0.0,1030,-10,10,89,3
2019-03-01 09:00:00,1,-11,0.0,5.7,1,1,26,03:42 AM,01:08 PM,06:31 AM,05:45 PM,-13,-9,-6,-9,6,59,60,0.0,1030,-7,10,140,5
2019-03-01 12:00:00,1,-11,0.0,5.7,1,1,26,03:42 AM,01:08 PM,06:31 AM,05:45 PM,-10,-4,-1,-4,7,72,48,0.0,1027,-2,10,171,10
2019-03-01 15:00:00,1,-11,0.0,5.7,1,1,26,03:42 AM,01:08 PM,06:31 AM,05:45 PM,-8,-2,2,-2,6,84,47,0.0,1023,1,10,159,13
2019-03-01 18:00:00,1,-11,0.0,5.7,1,0,26,03:42 AM,01:08 PM,06:31 AM,05:45 PM,-10,-4,0,-4,8,84,47,0.0,1027,-1,10,128,10
2019-03-01 21:00:00,1,-11,0.0,5.7,1,0,26,03:42 AM,01:08 PM,06:31 AM,05:45 PM,-10,-7,-3,-7,11,47,54,0.0,1024,-4,10,111,11
2019-03-02 00:00:00,-1,-6,0.1,4.2,2,0,19,04:28 AM,02:01 PM,06:29 AM,05:46 PM,-10,-9,-4,-9,8,36,60,0.0,1021,-5,10,88,10
2019-03-02 03:00:00,-1,-6,0.1,4.2,2,0,19,04:28 AM,02:01 PM,06:29 AM,05:46 PM,-9,-8,-4,-8,6,51,66,0.0,1025,-5,10,151,8
2019-03-02 06:00:00,-1,-6,0.1,4.2,2,0,19,04:28 AM,02:01 PM,06:29 AM,05:46 PM,-9,-8,-4,-8,6,99,67,0.0,1023,-5,10,351,8
2019-03-02 09:00:00,-1,-6,0.1,4.2,2,1,19,04:28 AM,02:01 PM,06:29 AM,05:46 PM,-8,-7,-3,-7,5,97,64,0.0,1021,-4,8,338,9
2019-03-02 12:00:00,-1,-6,0.1,4.2,2,1,19,04:28 AM,02:01 PM,06:29 AM,05:46 PM,-9,-6,-2,-6,6,100,58,0.1,1018,-3,7,340,12
2019-03-02 15:00:00,-1,-6,0.1,4.2,2,1,19,04:28 AM,02:01 PM,06:29 AM,05:46 PM,-9,-6,-1,-6,5,100,53,0.0,1017,-2,8,324,16
2019-03-02 18:00:00,-1,-6,0.1,4.2,2,0,19,04:28 AM,02:01 PM,06:29 AM,05:46 PM,-10,-6,-1,-6,3,100,50,0.1,1015,-2,7,289,20
2019-03-02 21:00:00,-1,-6,0.1,4.2,2,0,19,04:28 AM,02:01 PM,06:29 AM,05:46 PM,-12,-10,-4,-10,4,99,54,0.0,1012,-5,8,239,19
2019-03-03 00:00:00,-3,-9,1.1,7.2,2,0,12,05:08 AM,02:57 PM,06:28 AM,05:47 PM,-13,-12,-6,-12,11,86,57,0.1,1012,-7,7,259,13
2019-03-03 03:00:00,-3,-9,1.1,7.2,2,0,12,05:08 AM,02:57 PM,06:28 AM,05:47 PM,-13,-13,-7,-13,16,55,61,0.0,1012,-8,10,281,13
2019-03-03 06:00:00,-3,-9,1.1,7.2,2,0,12,05:08 AM,02:57 PM,06:28 AM,05:47 PM,-13,-12,-6,-12,15,29,60,0.0,1012,-7,10,290,15
2019-03-03 09:00:00,-3,-9,1.1,7.2,2,2,12,05:08 AM,02:57 PM,06:28 AM,05:47 PM,-12,-11,-5,-11,12,19,58,0.0,1013,-6,10,293,15
2019-03-03 12:00:00,-3,-9,1.1,7.2,2,1,12,05:08 AM,02:57 PM,06:28 AM,05:47 PM,-12,-9,-3,-9,11,53,49,0.0,1015,-4,10,299,17
2019-03-03 15:00:00,-3,-9,1.1,7.2,2,1,12,05:08 AM,02:57 PM,06:28 AM,05:47 PM,-13,-9,-3,-9,7,76,46,0.0,1017,-4,10,297,19
2019-03-03 18:00:00,-3,-9,1.1,7.2,2,0,12,05:08 AM,02:57 PM,06:28 AM,05:47 PM,-13,-11,-5,-11,4,100,51,0.1,1019,-6,8,228,17
2019-03-03 21:00:00,-3,-9,1.1,7.2,2,0,12,05:08 AM,02:57 PM,06:28 AM,05:47 PM,-14,-13,-7,-13,5,100,57,1.2,1021,-8,4,83,15
2019-03-04 00:00:00,1,-11,7.9,5.7,1,0,4,05:44 AM,03:55 PM,06:26 AM,05:48 PM,-14,-13,-8,-13,6,100,61,3.9,1021,-9,2,89,13
2019-03-04 03:00:00,1,-11,7.9,5.7,1,0,4,05:44 AM,03:55 PM,06:26 AM,05:48 PM,-15,-15,-9,-15,7,100,65,3.9,1020,-10,2,146,9
2019-03-04 06:00:00,1,-11,7.9,5.7,1,0,4,05:44 AM,03:55 PM,06:26 AM,05:48 PM,-15,-15,-10,-15,13,98,65,0.7,1021,-11,2,339,9
2019-03-04 09:00:00,1,-11,7.9,5.7,1,1,4,05:44 AM,03:55 PM,06:26 AM,05:48 PM,-10,-11,-6,-11,18,84,70,0.7,1017,-7,5,320,12
2019-03-04 12:00:00,1,-11,7.9,5.7,1,1,4,05:44 AM,03:55 PM,06:26 AM,05:48 PM,-3,-4,0,-4,19,67,76,0.1,1008,0,9,311,17
2019-03-04 15:00:00,1,-11,7.9,5.7,1,2,4,05:44 AM,03:55 PM,06:26 AM,05:48 PM,-5,-5,0,-5,23,48,68,0.1,1008,0,8,294,20
2019-03-04 18:00:00,1,-11,7.9,5.7,1,0,4,05:44 AM,03:55 PM,06:26 AM,05:48 PM,-8,-9,-3,-9,24,8,67,0.0,1010,-3,10,288,20
2019-03-04 21:00:00,1,-11,7.9,5.7,1,0,4,05:44 AM,03:55 PM,06:26 AM,05:48 PM,-11,-13,-7,-13,21,6,75,0.0,1014,-7,10,289,15
2019-03-05 00:00:00,-4,-11,0.3,5.7,2,0,0,06:14 AM,04:54 PM,06:24 AM,05:49 PM,-12,-15,-10,-15,17,14,81,0.0,1017,-10,10,284,11
2019-03-05 03:00:00,-4,-11,0.3,5.7,2,0,0,06:14 AM,04:54 PM,06:24 AM,05:49 PM,-14,-17,-11,-17,20,8,78,0.0,1017,-11,10,276,13
2019-03-05 06:00:00,-4,-11,0.3,5.7,2,0,0,06:14 AM,04:54 PM,06:24 AM,05:49 PM,-14,-17,-11,-17,16,10,80,0.0,1018,-11,10,264,10
2019-03-05 09:00:00,-4,-11,0.3,5.7,2,1,0,06:14 AM,04:54 PM,06:24 AM,05:49 PM,-13,-14,-10,-14,10,35,77,0.0,1018,-10,10,241,7
2019-03-05 12:00:00,-4,-11,0.3,5.7,2,1,0,06:14 AM,04:54 PM,06:24 AM,05:49 PM,-12,-10,-6,-10,9,85,63,0.0,1017,-6,10,248,8
2019-03-05 15:00:00,-4,-11,0.3,5.7,2,1,0,06:14 AM,04:54 PM,06:24 AM,05:49 PM,-10,-7,-4,-7,8,98,61,0.0,1014,-4,8,259,7
2019-03-05 18:00:00,-4,-11,0.3,5.7,2,0,0,06:14 AM,04:54 PM,06:24 AM,05:49 PM,-9,-8,-5,-8,10,98,71,0.2,1014,-5,4,303,8
2019-03-05 21:00:00,-4,-11,0.3,5.7,2,0,0,06:14 AM,04:54 PM,06:24 AM,05:49 PM,-10,-12,-8,-12,15,85,83,0.2,1015,-8,5,324,9
2019-03-06 00:00:00,-6,-13,0.0,5.7,1,0,0,06:43 AM,05:54 PM,06:23 AM,05:51 PM,-13,-17,-11,-17,23,73,81,0.1,1016,-11,10,293,13
2019-03-06 03:00:00,-6,-13,0.0,5.7,1,0,0,06:43 AM,05:54 PM,06:23 AM,05:51 PM,-15,-19,-13,-19,22,69,81,0.1,1016,-13,10,276,12
2019-03-06 06:00:00,-6,-13,0.0,5.7,1,0,0,06:43 AM,05:54 PM,06:23 AM,05:51 PM,-15,-18,-13,-18,18,42,84,0.0,1017,-13,10,278,10
2019-03-06 09:00:00,-6,-13,0.0,5.7,1,2,0,06:43 AM,05:54 PM,06:23 AM,05:51 PM,-15,-17,-11,-17,18,47,73,0.0,1018,-11,10,290,13
2019-03-06 12:00:00,-6,-13,0.0,5.7,1,1,0,06:43 AM,05:54 PM,06:23 AM,05:51 PM,-15,-14,-7,-14,23,65,52,0.0,1018,-7,10,298,19
2019-03-06 15:00:00,-6,-13,0.0,5.7,1,1,0,06:43 AM,05:54 PM,06:23 AM,05:51 PM,-14,-13,-6,-13,24,100,53,0.0,1018,-6,9,292,21
2019-03-06 18:00:00,-6,-13,0.0,5.7,1,0,0,06:43 AM,05:54 PM,06:23 AM,05:51 PM,-13,-14,-7,-14,23,94,62,0.1,1019,-7,8,291,18
2019-03-06 21:00:00,-6,-13,0.0,5.7,1,0,0,06:43 AM,05:54 PM,06:23 AM,05:51 PM,-14,-16,-11,-16,20,87,76,0.1,1022,-11,9,285,12
2019-03-07 00:00:00,-3,-14,0.2,4.2,1,0,3,07:09 AM,06:53 PM,06:21 AM,05:52 PM,-15,-18,-12,-18,20,99,82,0.0,1024,-12,10,267,12
2019-03-07 03:00:00,-3,-14,0.2,4.2,1,0,3,07:09 AM,06:53 PM,06:21 AM,05:52 PM,-16,-19,-13,-19,17,100,80,0.1,1024,-13,10,258,10
2019-03-07 06:00:00,-3,-14,0.2,4.2,1,0,3,07:09 AM,06:53 PM,06:21 AM,05:52 PM,-16,-18,-14,-18,12,85,82,0.0,1024,-14,10,230,6
2019-03-07 09:00:00,-3,-14,0.2,4.2,1,1,3,07:09 AM,06:53 PM,06:21 AM,05:52 PM,-15,-16,-12,-16,10,71,77,0.0,1024,-12,10,215,7
2019-03-07 12:00:00,-3,-14,0.2,4.2,1,1,3,07:09 AM,06:53 PM,06:21 AM,05:52 PM,-12,-11,-6,-11,13,98,62,0.0,1023,-6,10,250,12
2019-03-07 15:00:00,-3,-14,0.2,4.2,1,1,3,07:09 AM,06:53 PM,06:21 AM,05:52 PM,-10,-9,-3,-9,21,97,57,0.1,1023,-3,9,278,18
2019-03-07 18:00:00,-3,-14,0.2,4.2,1,0,3,07:09 AM,06:53 PM,06:21 AM,05:52 PM,-10,-11,-5,-11,23,67,67,0.1,1024,-5,8,288,17
2019-03-07 21:00:00,-3,-14,0.2,4.2,1,0,3,07:09 AM,06:53 PM,06:21 AM,05:52 PM,-12,-14,-9,-14,19,9,77,0.0,1027,-9,10,277,11
2019-03-08 00:00:00,2,-12,0.0,7.2,2,0,10,07:34 AM,07:53 PM,06:19 AM,05:53 PM,-13,-15,-11,-15,14,19,84,0.0,1029,-11,10,252,7
2019-03-08 03:00:00,2,-12,0.0,7.2,2,0,10,07:34 AM,07:53 PM,06:19 AM,05:53 PM,-13,-15,-11,-15,11,13,85,0.0,1030,-11,10,229,6
2019-03-08 06:00:00,2,-12,0.0,7.2,2,0,10,07:34 AM,07:53 PM,06:19 AM,05:53 PM,-14,-15,-11,-15,10,35,85,0.0,1030,-11,10,197,5
2019-03-08 09:00:00,2,-12,0.0,7.2,2,2,10,07:34 AM,07:53 PM,06:19 AM,05:53 PM,-12,-12,-9,-12,8,43,78,0.0,1030,-9,10,190,5
2019-03-08 12:00:00,2,-12,0.0,7.2,2,1,10,07:34 AM,07:53 PM,06:19 AM,05:53 PM,-10,-5,-3,-5,6,35,60,0.0,1028,-3,10,225,6
2019-03-08 15:00:00,2,-12,0.0,7.2,2,2,10,07:34 AM,07:53 PM,06:19 AM,05:53 PM,-8,-1,1,-1,6,64,52,0.0,1025,1,10,217,5
2019-03-08 18:00:00,2,-12,0.0,7.2,2,0,10,07:34 AM,07:53 PM,06:19 AM,05:53 PM,-7,-0,1,-0,6,12,61,0.0,1024,0,10,183,4
2019-03-08 21:00:00,2,-12,0.0,7.2,2,0,10,07:34 AM,07:53 PM,06:19 AM,05:53 PM,-7,-4,-1,-4,10,16,80,0.0,1024,-3,10,162,5
2019-03-09 00:00:00,3,-7,0.0,8.7,2,0,17,07:59 AM,08:54 PM,06:18 AM,05:54 PM,-8,-8,-6,-8,10,7,87,0.0,1024,-6,10,172,5
2019-03-09 03:00:00,3,-7,0.0,8.7,2,0,17,07:59 AM,08:54 PM,06:18 AM,05:54 PM,-8,-7,-6,-7,5,21,90,0.0,1025,-6,10,202,3
2019-03-09 06:00:00,3,-7,0.0,8.7,2,0,17,07:59 AM,08:54 PM,06:18 AM,05:54 PM,-8,-7,-7,-7,4,33,91,0.0,1026,-7,10,282,2
2019-03-09 09:00:00,3,-7,0.0,8.7,2,2,17,07:59 AM,08:54 PM,06:18 AM,05:54 PM,-7,-7,-5,-7,7,6,84,0.0,1027,-5,10,300,5
2019-03-09 12:00:00,3,-7,0.0,8.7,2,2,17,07:59 AM,08:54 PM,06:18 AM,05:54 PM,-6,-2,1,-2,8,0,64,0.0,1027,1,10,323,7
2019-03-09 15:00:00,3,-7,0.0,8.7,2,2,17,07:59 AM,08:54 PM,06:18 AM,05:54 PM,-5,1,3,1,8,3,57,0.0,1027,3,10,236,7
2019-03-09 18:00:00,3,-7,0.0,8.7,2,0,17,07:59 AM,08:54 PM,06:18 AM,05:54 PM,-5,-1,1,-1,8,9,64,0.0,1028,1,10,28,6
2019-03-09 21:00:00,3,-7,0.0,8.7,2,0,17,07:59 AM,08:54 PM,06:18 AM,05:54 PM,-5,-4,-2,-4,10,37,80,0.0,1029,-2,10,68,5
2019-03-10 00:00:00,5,-1,0.0,4.3,2,0,24,08:26 AM,09:57 PM,06:16 AM,05:55 PM,-5,-5,-2,-5,19,64,83,0.0,1028,-2,10,122,10
2019-03-10 03:00:00,5,-1,0.0,4.3,2,0,24,08:26 AM,09:57 PM,06:16 AM,05:55 PM,-5,-6,-1,-6,34,37,75,0.0,1027,-1,10,134,18
2019-03-10 06:00:00,5,-1,0.0,4.3,2,0,24,08:26 AM,09:57 PM,06:16 AM,05:55 PM,-5,-7,-1,-7,39,68,74,1.1,1025,-1,7,141,23
2019-03-10 09:00:00,5,-1,0.0,4.3,2,1,24,08:26 AM,09:57 PM,06:16 AM,05:55 PM,-3,-6,0,-6,45,75,81,2.5,1023,0,3,138,30
2019-03-10 12:00:00,5,-1,0.0,4.3,2,1,24,08:26 AM,09:57 PM,06:16 AM,05:55 PM,-0,-3,3,-3,41,90,82,0.9,1019,3,9,145,29
2019-03-10 15:00:00,5,-1,0.0,4.3,2,1,24,08:26 AM,09:57 PM,06:16 AM,05:55 PM,2,0,5,0,35,87,84,0.6,1015,5,9,149,24
2019-03-10 18:00:00,5,-1,0.0,4.3,2,0,24,08:26 AM,09:57 PM,06:16 AM,05:55 PM,3,1,5,1,28,58,89,0.2,1013,5,8,156,18
2019-03-10 21:00:00,5,-1,0.0,4.3,2,0,24,08:26 AM,09:57 PM,06:16 AM,05:55 PM,2,1,3,1,17,70,95,0.2,1013,3,4,179,9
2019-03-11 00:00:00,4,-1,0.2,4.3,1,0,32,08:55 AM,11:00 PM,06:14 AM,05:57 PM,-0,-1,1,-1,12,99,93,0.0,1014,1,5,209,6
2019-03-11 03:00:00,4,-1,0.2,4.3,1,0,32,08:55 AM,11:00 PM,06:14 AM,05:57 PM,-1,-2,1,-2,18,95,88,0.0,1014,1,10,231,10
2019-03-11 06:00:00,4,-1,0.2,4.3,1,0,32,08:55 AM,11:00 PM,06:14 AM,05:57 PM,-2,-3,1,-3,18,95,85,0.0,1014,1,10,225,10
2019-03-11 09:00:00,4,-1,0.2,4.3,1,1,32,08:55 AM,11:00 PM,06:14 AM,05:57 PM,-2,-2,2,-2,19,99,79,0.1,1015,2,9,242,14
2019-03-11 12:00:00,4,-1,0.2,4.3,1,1,32,08:55 AM,11:00 PM,06:14 AM,05:57 PM,-2,-1,3,-1,26,100,68,0.1,1015,3,8,269,21
2019-03-11 15:00:00,4,-1,0.2,4.3,1,1,32,08:55 AM,11:00 PM,06:14 AM,05:57 PM,-2,-1,4,-1,27,99,66,0.0,1015,4,9,271,22
2019-03-11 18:00:00,4,-1,0.2,4.3,1,0,32,08:55 AM,11:00 PM,06:14 AM,05:57 PM,-2,-2,3,-2,22,84,71,0.1,1015,3,7,274,16
2019-03-11 21:00:00,4,-1,0.2,4.3,1,0,32,08:55 AM,11:00 PM,06:14 AM,05:57 PM,-3,-4,-0,-4,21,44,79,0.1,1017,-0,8,276,13
