date_time,"boston,ma_maxtempC","boston,ma_mintempC","boston,ma_totalSnow_cm","boston,ma_sunHour","boston,ma_uvIndex","boston,ma_uvIndex","boston,ma_moon_illumination","boston,ma_moonrise","boston,ma_moonset","boston,ma_sunrise","boston,ma_sunset","boston,ma_DewPointC","boston,ma_FeelsLikeC","boston,ma_HeatIndexC","boston,ma_WindChillC","boston,ma_WindGustKmph","boston,ma_cloudcover","boston,ma_humidity","boston,ma_precipMM","boston,ma_pressure","boston,ma_tempC","boston,ma_visibility","boston,ma_winddirDegree","boston,ma_windspeedKmph"
2018-12-11 00:00:00,1,-4,0.0,8.7,2,0,21,10:19 AM,08:12 PM,07:03 AM,04:11 PM,-7,-3,0,-3,10,0,57,0.0,1022,-3,10,339,8
2018-12-11 03:00:00,1,-4,0.0,8.7,2,0,21,10:19 AM,08:12 PM,07:03 AM,04:11 PM,-7,-1,1,-1,7,2,57,0.0,1023,-3,10,319,6
2018-12-11 06:00:00,1,-4,0.0,8.7,2,0,21,10:19 AM,08:12 PM,07:03 AM,04:11 PM,-9,-5,-3,-5,8,4,60,0.0,1023,-4,10,334,7
2018-12-11 09:00:00,1,-4,0.0,8.7,2,2,21,10:19 AM,08:12 PM,07:03 AM,04:11 PM,-9,1,1,1,3,6,49,0.0,1022,-1,10,334,3
2018-12-11 12:00:00,1,-4,0.0,8.7,2,2,21,10:19 AM,08:12 PM,07:03 AM,04:11 PM,-6,4,5,4,6,2,44,0.0,1018,1,10,229,5
2018-12-11 15:00:00,1,-4,0.0,8.7,2,2,21,10:19 AM,08:12 PM,07:03 AM,04:11 PM,-6,3,4,3,4,0,51,0.0,1016,-0,10,188,4
2018-12-11 18:00:00,1,-4,0.0,8.7,2,0,21,10:19 AM,08:12 PM,07:03 AM,04:11 PM,-6,0,0,0,3,75,64,0.0,1015,-0,10,250,2
2018-12-11 21:00:00,1,-4,0.0,8.7,2,0,21,10:19 AM,08:12 PM,07:03 AM,04:11 PM,-6,-2,-0,-2,8,85,66,0.0,1015,-1,10,313,6
2018-12-12 00:00:00,2,-3,0.0,6.9,1,0,29,10:55 AM,09:10 PM,07:04 AM,04:12 PM,-8,-4,-1,-4,12,97,60,0.0,1013,-2,10,348,9
2018-12-12 03:00:00,2,-3,0.0,6.9,1,0,29,10:55 AM,09:10 PM,07:04 AM,04:12 PM,-9,-6,-2,-6,16,18,61,0.0,1013,-3,10,323,12
2018-12-12 06:00:00,2,-3,0.0,6.9,1,0,29,10:55 AM,09:10 PM,07:04 AM,04:12 PM,-8,-6,-2,-6,15,92,66,0.0,1014,-3,10,319,10
2018-12-12 09:00:00,2,-3,0.0,6.9,1,2,29,10:55 AM,09:10 PM,07:04 AM,04:12 PM,-8,-5,0,-5,21,36,54,0.0,1017,-0,10,325,17
2018-12-12 12:00:00,2,-3,0.0,6.9,1,2,29,10:55 AM,09:10 PM,07:04 AM,04:12 PM,-10,-3,2,-3,22,62,41,0.0,1018,2,10,319,17
2018-12-12 15:00:00,2,-3,0.0,6.9,1,2,29,10:55 AM,09:10 PM,07:04 AM,04:12 PM,-11,-5,-0,-5,21,0,44,0.0,1020,-1,10,323,15
2018-12-12 18:00:00,2,-3,0.0,6.9,1,0,29,10:55 AM,09:10 PM,07:04 AM,04:12 PM,-13,-7,-2,-7,19,10,45,0.0,1024,-2,10,334,14
2018-12-12 21:00:00,2,-3,0.0,6.9,1,0,29,10:55 AM,09:10 PM,07:04 AM,04:12 PM,-13,-7,-3,-7,14,70,46,0.0,1026,-3,10,6,10
2018-12-13 00:00:00,-0,-5,0.0,6.9,1,0,36,11:27 AM,10:08 PM,07:05 AM,04:12 PM,-13,-8,-4,-8,14,65,46,0.0,1029,-4,10,14,10
2018-12-13 03:00:00,-0,-5,0.0,6.9,1,0,36,11:27 AM,10:08 PM,07:05 AM,04:12 PM,-12,-7,-3,-7,11,95,51,0.0,1030,-4,10,21,8
2018-12-13 06:00:00,-0,-5,0.0,6.9,1,0,36,11:27 AM,10:08 PM,07:05 AM,04:12 PM,-11,-8,-4,-8,11,42,60,0.0,1033,-5,10,10,9
2018-12-13 09:00:00,-0,-5,0.0,6.9,1,2,36,11:27 AM,10:08 PM,07:05 AM,04:12 PM,-9,-4,-2,-4,8,52,59,0.0,1034,-2,10,49,7
2018-12-13 12:00:00,-0,-5,0.0,6.9,1,2,36,11:27 AM,10:08 PM,07:05 AM,04:12 PM,-8,-0,0,-0,4,45,55,0.0,1034,-0,10,75,3
2018-12-13 15:00:00,-0,-5,0.0,6.9,1,2,36,11:27 AM,10:08 PM,07:05 AM,04:12 PM,-7,-1,-0,-1,5,61,60,0.0,1034,-1,10,88,3
2018-12-13 18:00:00,-0,-5,0.0,6.9,1,0,36,11:27 AM,10:08 PM,07:05 AM,04:12 PM,-6,-1,-1,-1,3,84,65,0.0,1035,-1,10,194,2
2018-12-13 21:00:00,-0,-5,0.0,6.9,1,0,36,11:27 AM,10:08 PM,07:05 AM,04:12 PM,-6,-1,-1,-1,2,80,67,0.0,1035,-1,10,201,1
2018-12-14 00:00:00,5,-1,0.0,8.7,1,0,43,11:55 AM,11:07 PM,07:06 AM,04:12 PM,-5,-1,-1,-1,3,75,71,0.0,1035,-1,10,290,2
2018-12-14 03:00:00,5,-1,0.0,8.7,1,0,43,11:55 AM,11:07 PM,07:06 AM,04:12 PM,-2,2,2,2,3,3,76,0.0,1034,-1,10,130,3
2018-12-14 06:00:00,5,-1,0.0,8.7,1,0,43,11:55 AM,11:07 PM,07:06 AM,04:12 PM,-1,1,2,1,4,2,82,0.0,1034,-1,10,217,4
2018-12-14 09:00:00,5,-1,0.0,8.7,1,2,43,11:55 AM,11:07 PM,07:06 AM,04:12 PM,-2,1,3,1,9,33,71,0.0,1033,3,10,184,8
2018-12-14 12:00:00,5,-1,0.0,8.7,1,2,43,11:55 AM,11:07 PM,07:06 AM,04:12 PM,1,7,7,7,3,4,66,0.0,1030,5,10,154,3
2018-12-14 15:00:00,5,-1,0.0,8.7,1,2,43,11:55 AM,11:07 PM,07:06 AM,04:12 PM,1,1,3,1,15,22,87,0.0,1029,2,10,173,7
2018-12-14 18:00:00,5,-1,0.0,8.7,1,0,43,11:55 AM,11:07 PM,07:06 AM,04:12 PM,2,1,3,1,13,60,93,0.0,1028,2,10,189,6
2018-12-14 21:00:00,5,-1,0.0,8.7,1,0,43,11:55 AM,11:07 PM,07:06 AM,04:12 PM,2,-0,3,-0,22,50,96,0.0,1025,2,2,205,10
2018-12-15 00:00:00,10,4,0.0,5.2,2,0,51,12:21 PM,No moonset,07:07 AM,04:12 PM,5,2,5,2,27,100,96,0.0,1023,5,10,221,14
2018-12-15 03:00:00,10,4,0.0,5.2,2,0,51,12:21 PM,No moonset,07:07 AM,04:12 PM,5,3,6,3,24,72,95,0.0,1022,6,10,232,13
2018-12-15 06:00:00,10,4,0.0,5.2,2,0,51,12:21 PM,No moonset,07:07 AM,04:12 PM,6,5,6,5,16,86,95,0.0,1022,6,2,217,8
2018-12-15 09:00:00,10,4,0.0,5.2,2,3,51,12:21 PM,No moonset,07:07 AM,04:12 PM,6,7,8,7,10,17,89,0.1,1022,7,10,263,6
2018-12-15 12:00:00,10,4,0.0,5.2,2,2,51,12:21 PM,No moonset,07:07 AM,04:12 PM,6,10,10,10,4,100,75,0.0,1021,10,10,343,3
2018-12-15 15:00:00,10,4,0.0,5.2,2,2,51,12:21 PM,No moonset,07:07 AM,04:12 PM,3,6,8,6,20,100,73,0.0,1022,8,10,1,12
2018-12-15 18:00:00,10,4,0.0,5.2,2,0,51,12:21 PM,No moonset,07:07 AM,04:12 PM,3,3,6,3,23,22,80,0.0,1023,6,10,45,14
2018-12-15 21:00:00,10,4,0.0,5.2,2,0,51,12:21 PM,No moonset,07:07 AM,04:12 PM,-0,2,4,2,18,97,72,0.0,1024,4,10,40,11
2018-12-16 00:00:00,6,4,0.0,5.2,2,0,58,12:47 PM,12:07 AM,07:07 AM,04:12 PM,0,2,5,2,20,7,73,0.0,1024,4,10,40,13
2018-12-16 03:00:00,6,4,0.0,5.2,2,0,58,12:47 PM,12:07 AM,07:07 AM,04:12 PM,0,1,4,1,21,19,77,0.0,1023,4,10,45,13
2018-12-16 06:00:00,6,4,0.0,5.2,2,0,58,12:47 PM,12:07 AM,07:07 AM,04:12 PM,2,1,5,1,21,100,81,0.0,1023,4,10,64,13
2018-12-16 09:00:00,6,4,0.0,5.2,2,2,58,12:47 PM,12:07 AM,07:07 AM,04:12 PM,2,2,5,2,23,59,77,0.7,1021,5,5,89,15
2018-12-16 12:00:00,6,4,0.0,5.2,2,2,58,12:47 PM,12:07 AM,07:07 AM,04:12 PM,1,2,5,2,22,100,75,0.0,1017,5,10,62,15
2018-12-16 15:00:00,6,4,0.0,5.2,2,2,58,12:47 PM,12:07 AM,07:07 AM,04:12 PM,1,2,6,2,28,100,72,0.1,1014,6,10,68,18
2018-12-16 18:00:00,6,4,0.0,5.2,2,0,58,12:47 PM,12:07 AM,07:07 AM,04:12 PM,1,1,5,1,30,100,77,0.0,1013,5,10,49,20
2018-12-16 21:00:00,6,4,0.0,5.2,2,0,58,12:47 PM,12:07 AM,07:07 AM,04:12 PM,3,1,5,1,31,100,83,4.1,1010,5,7,58,21
2018-12-17 00:00:00,5,1,0.0,5.2,1,0,65,01:14 PM,01:09 AM,07:08 AM,04:13 PM,2,-0,4,-0,36,100,84,0.0,1006,4,10,34,25
2018-12-17 03:00:00,5,1,0.0,5.2,1,0,65,01:14 PM,01:09 AM,07:08 AM,04:13 PM,2,-0,4,-0,28,100,87,1.3,1004,4,9,6,21
2018-12-17 06:00:00,5,1,0.0,5.2,1,0,65,01:14 PM,01:09 AM,07:08 AM,04:13 PM,-0,-3,2,-3,26,100,89,0.0,1004,1,10,343,18
2018-12-17 09:00:00,5,1,0.0,5.2,1,1,65,01:14 PM,01:09 AM,07:08 AM,04:13 PM,0,-1,3,-1,16,95,84,0.3,1003,2,9,321,12
2018-12-17 12:00:00,5,1,0.0,5.2,1,1,65,01:14 PM,01:09 AM,07:08 AM,04:13 PM,1,2,5,2,16,94,77,0.0,1001,4,10,291,13
2018-12-17 15:00:00,5,1,0.0,5.2,1,2,65,01:14 PM,01:09 AM,07:08 AM,04:13 PM,-1,1,5,1,25,56,69,0.1,1000,5,10,286,17
2018-12-17 18:00:00,5,1,0.0,5.2,1,0,65,01:14 PM,01:09 AM,07:08 AM,04:13 PM,-3,-0,3,-0,22,31,66,0.0,1001,3,10,290,14
2018-12-17 21:00:00,5,1,0.0,5.2,1,0,65,01:14 PM,01:09 AM,07:08 AM,04:13 PM,-3,-3,2,-3,29,52,69,0.0,1002,2,10,288,18
2018-12-18 00:00:00,2,-4,0.0,8.7,2,0,72,01:43 PM,02:12 AM,07:09 AM,04:13 PM,-4,-3,2,-3,31,58,66,0.0,1002,2,10,300,20
2018-12-18 03:00:00,2,-4,0.0,8.7,2,0,72,01:43 PM,02:12 AM,07:09 AM,04:13 PM,-11,-10,-3,-10,41,56,53,0.1,1005,-3,0,308,30
2018-12-18 06:00:00,2,-4,0.0,8.7,2,0,72,01:43 PM,02:12 AM,07:09 AM,04:13 PM,-13,-12,-4,-12,37,82,47,0.0,1008,-4,10,308,28
2018-12-18 09:00:00,2,-4,0.0,8.7,2,2,72,01:43 PM,02:12 AM,07:09 AM,04:13 PM,-14,-10,-3,-10,36,14,41,0.0,1011,-3,10,316,31
2018-12-18 12:00:00,2,-4,0.0,8.7,2,2,72,01:43 PM,02:12 AM,07:09 AM,04:13 PM,-13,-7,-1,-7,30,4,41,0.0,1011,-1,10,316,26
2018-12-18 15:00:00,2,-4,0.0,8.7,2,2,72,01:43 PM,02:12 AM,07:09 AM,04:13 PM,-12,-8,-2,-8,33,0,46,0.0,1014,-2,10,307,23
2018-12-18 18:00:00,2,-4,0.0,8.7,2,0,72,01:43 PM,02:12 AM,07:09 AM,04:13 PM,-12,-8,-3,-8,22,0,49,0.0,1017,-3,10,302,16
2018-12-18 21:00:00,2,-4,0.0,8.7,2,0,72,01:43 PM,02:12 AM,07:09 AM,04:13 PM,-13,-10,-4,-10,27,5,49,0.0,1017,-4,10,309,19
2018-12-19 00:00:00,3,-5,0.0,6.9,2,0,80,02:15 PM,03:19 AM,07:09 AM,04:14 PM,-13,-9,-4,-9,18,11,48,0.0,1018,-4,10,299,14
2018-12-19 03:00:00,3,-5,0.0,6.9,2,0,80,02:15 PM,03:19 AM,07:09 AM,04:14 PM,-14,-9,-4,-9,16,31,46,0.0,1018,-4,10,291,12
2018-12-19 06:00:00,3,-5,0.0,6.9,2,0,80,02:15 PM,03:19 AM,07:09 AM,04:14 PM,-13,-9,-4,-9,14,16,50,0.0,1019,-5,10,286,11
2018-12-19 09:00:00,3,-5,0.0,6.9,2,2,80,02:15 PM,03:19 AM,07:09 AM,04:14 PM,-14,-4,-1,-4,12,4,36,0.0,1019,-2,10,281,10
2018-12-19 12:00:00,3,-5,0.0,6.9,2,2,80,02:15 PM,03:19 AM,07:09 AM,04:14 PM,-13,4,5,4,6,2,25,0.0,1018,3,10,261,5
2018-12-19 15:00:00,3,-5,0.0,6.9,2,1,80,02:15 PM,03:19 AM,07:09 AM,04:14 PM,-14,-0,1,-0,11,65,31,0.0,1018,1,10,232,6
2018-12-19 18:00:00,3,-5,0.0,6.9,2,0,80,02:15 PM,03:19 AM,07:09 AM,04:14 PM,-10,-1,1,-1,15,6,44,0.0,1019,0,10,210,8
2018-12-19 21:00:00,3,-5,0.0,6.9,2,0,80,02:15 PM,03:19 AM,07:09 AM,04:14 PM,-9,-2,1,-2,15,6,49,0.0,1019,-0,10,230,8
2018-12-20 00:00:00,7,-1,0.0,8.7,2,0,87,02:52 PM,04:27 AM,07:10 AM,04:14 PM,-7,-1,1,-1,11,9,55,0.0,1020,-0,10,222,6
2018-12-20 03:00:00,7,-1,0.0,8.7,2,0,87,02:52 PM,04:27 AM,07:10 AM,04:14 PM,-4,1,3,1,10,0,61,0.0,1020,-0,10,219,8
2018-12-20 06:00:00,7,-1,0.0,8.7,2,0,87,02:52 PM,04:27 AM,07:10 AM,04:14 PM,-2,1,3,1,8,0,68,0.0,1020,-1,10,228,7
2018-12-20 09:00:00,7,-1,0.0,8.7,2,2,87,02:52 PM,04:27 AM,07:10 AM,04:14 PM,-2,3,5,3,11,2,60,0.0,1021,3,10,227,10
2018-12-20 12:00:00,7,-1,0.0,8.7,2,3,87,02:52 PM,04:27 AM,07:10 AM,04:14 PM,3,11,11,11,5,0,60,0.0,1019,7,10,205,4
2018-12-20 15:00:00,7,-1,0.0,8.7,2,2,87,02:52 PM,04:27 AM,07:10 AM,04:14 PM,2,4,5,4,13,8,79,0.0,1019,4,10,178,7
2018-12-20 18:00:00,7,-1,0.0,8.7,2,0,87,02:52 PM,04:27 AM,07:10 AM,04:14 PM,2,3,4,3,8,73,91,0.0,1019,3,10,195,4
2018-12-20 21:00:00,7,-1,0.0,8.7,2,0,87,02:52 PM,04:27 AM,07:10 AM,04:14 PM,2,3,4,3,9,72,90,0.0,1018,3,10,145,4
2018-12-21 00:00:00,17,5,0.0,3.4,3,0,94,03:37 PM,05:39 AM,07:10 AM,04:14 PM,4,4,5,4,12,100,96,0.0,1016,5,2,73,6
2018-12-21 03:00:00,17,5,0.0,3.4,3,0,94,03:37 PM,05:39 AM,07:10 AM,04:14 PM,7,6,8,6,23,66,96,1.0,1012,8,9,118,12
2018-12-21 06:00:00,17,5,0.0,3.4,3,0,94,03:37 PM,05:39 AM,07:10 AM,04:14 PM,10,9,11,9,40,100,94,3.1,1008,11,7,136,22
2018-12-21 09:00:00,17,5,0.0,3.4,3,2,94,03:37 PM,05:39 AM,07:10 AM,04:14 PM,10,11,11,11,45,100,92,3.3,1007,10,7,149,23
2018-12-21 12:00:00,17,5,0.0,3.4,3,4,94,03:37 PM,05:39 AM,07:10 AM,04:14 PM,14,16,16,16,57,100,90,0.0,1000,16,10,167,32
2018-12-21 15:00:00,17,5,0.0,3.4,3,4,94,03:37 PM,05:39 AM,07:10 AM,04:14 PM,15,17,17,17,52,100,88,4.1,998,17,7,165,29
2018-12-21 18:00:00,17,5,0.0,3.4,3,0,94,03:37 PM,05:39 AM,07:10 AM,04:14 PM,14,15,15,15,15,100,91,0.0,997,15,10,176,9
2018-12-21 21:00:00,17,5,0.0,3.4,3,0,94,03:37 PM,05:39 AM,07:10 AM,04:14 PM,12,12,13,12,33,61,94,0.9,995,13,9,143,19
2018-12-22 00:00:00,13,2,0.0,5.2,3,0,100,04:29 PM,06:48 AM,07:11 AM,04:15 PM,11,12,13,12,24,60,89,0.0,993,13,10,165,15
2018-12-22 03:00:00,13,2,0.0,5.2,3,0,100,04:29 PM,06:48 AM,07:11 AM,04:15 PM,11,11,13,11,32,96,90,0.3,991,13,2,182,20
2018-12-22 06:00:00,13,2,0.0,5.2,3,0,100,04:29 PM,06:48 AM,07:11 AM,04:15 PM,9,10,11,10,21,97,86,0.0,991,11,10,192,14
2018-12-22 09:00:00,13,2,0.0,5.2,3,3,100,04:29 PM,06:48 AM,07:11 AM,04:15 PM,9,10,12,10,19,100,84,0.1,992,12,10,215,15
2018-12-22 12:00:00,13,2,0.0,5.2,3,2,100,04:29 PM,06:48 AM,07:11 AM,04:15 PM,1,4,7,4,22,100,66,0.0,993,7,10,282,19
2018-12-22 15:00:00,13,2,0.0,5.2,3,3,100,04:29 PM,06:48 AM,07:11 AM,04:15 PM,-3,1,5,1,37,26,56,0.0,999,5,10,285,26
2018-12-22 18:00:00,13,2,0.0,5.2,3,0,100,04:29 PM,06:48 AM,07:11 AM,04:15 PM,-4,-2,3,-2,35,17,58,0.0,1004,3,10,280,24
2018-12-22 21:00:00,13,2,0.0,5.2,3,0,100,04:29 PM,06:48 AM,07:11 AM,04:15 PM,-5,-3,3,-3,36,0,57,0.0,1008,2,10,290,24
2018-12-23 00:00:00,4,-0,0.0,8.7,2,0,100,05:32 PM,07:54 AM,07:11 AM,04:16 PM,-5,-2,2,-2,23,0,60,0.0,1012,2,10,280,16
2018-12-23 03:00:00,4,-0,0.0,8.7,2,0,100,05:32 PM,07:54 AM,07:11 AM,04:16 PM,-6,-4,1,-4,24,1,58,0.0,1015,1,10,293,17
2018-12-23 06:00:00,4,-0,0.0,8.7,2,0,100,05:32 PM,07:54 AM,07:11 AM,04:16 PM,-7,-3,1,-3,17,5,56,0.0,1017,-0,10,285,13
2018-12-23 09:00:00,4,-0,0.0,8.7,2,2,100,05:32 PM,07:54 AM,07:11 AM,04:16 PM,-9,-2,2,-2,17,5,43,0.0,1018,2,10,285,15
2018-12-23 12:00:00,4,-0,0.0,8.7,2,2,100,05:32 PM,07:54 AM,07:11 AM,04:16 PM,-10,1,4,1,16,6,34,0.0,1018,4,10,281,14
2018-12-23 15:00:00,4,-0,0.0,8.7,2,2,100,05:32 PM,07:54 AM,07:11 AM,04:16 PM,-10,1,4,1,13,5,37,0.0,1019,3,10,286,10
2018-12-23 18:00:00,4,-0,0.0,8.7,2,0,100,05:32 PM,07:54 AM,07:11 AM,04:16 PM,-8,-0,2,-0,9,25,49,0.0,1020,1,10,290,6
2018-12-23 21:00:00,4,-0,0.0,8.7,2,0,100,05:32 PM,07:54 AM,07:11 AM,04:16 PM,-8,-0,1,-0,5,54,52,0.0,1019,0,10,307,4
2018-12-24 00:00:00,3,-2,0.6,3.4,1,0,84,06:41 PM,08:52 AM,07:12 AM,04:16 PM,-8,-1,0,-1,7,100,54,0.0,1019,-0,10,318,5
2018-12-24 03:00:00,3,-2,0.6,3.4,1,0,84,06:41 PM,08:52 AM,07:12 AM,04:16 PM,-8,1,1,1,3,100,52,0.0,1019,-0,10,326,3
2018-12-24 06:00:00,3,-2,0.6,3.4,1,0,84,06:41 PM,08:52 AM,07:12 AM,04:16 PM,-8,0,0,0,3,100,56,0.0,1018,-0,10,283,3
2018-12-24 09:00:00,3,-2,0.6,3.4,1,1,84,06:41 PM,08:52 AM,07:12 AM,04:16 PM,-7,1,2,1,5,100,53,0.0,1017,1,10,282,4
2018-12-24 12:00:00,3,-2,0.6,3.4,1,1,84,06:41 PM,08:52 AM,07:12 AM,04:16 PM,-3,2,3,2,6,100,64,0.0,1015,3,10,236,5
2018-12-24 15:00:00,3,-2,0.6,3.4,1,1,84,06:41 PM,08:52 AM,07:12 AM,04:16 PM,-1,1,3,1,10,80,76,0.3,1015,3,2,247,7
2018-12-24 18:00:00,3,-2,0.6,3.4,1,0,84,06:41 PM,08:52 AM,07:12 AM,04:16 PM,-3,-2,2,-2,19,40,72,0.3,1016,2,5,260,12
2018-12-24 21:00:00,3,-2,0.6,3.4,1,0,84,06:41 PM,08:52 AM,07:12 AM,04:16 PM,-9,-6,-1,-6,14,86,52,0.7,1022,-2,5,267,15
2018-12-25 00:00:00,2,-2,0.0,8.7,2,0,77,07:54 PM,09:43 AM,07:12 AM,04:17 PM,-3,-3,1,-3,20,11,75,0.0,1016,1,10,292,13
2018-12-25 03:00:00,2,-2,0.0,8.7,2,0,77,07:54 PM,09:43 AM,07:12 AM,04:17 PM,-4,-4,0,-4,18,8,73,0.0,1018,-0,10,308,13
2018-12-25 06:00:00,2,-2,0.0,8.7,2,0,77,07:54 PM,09:43 AM,07:12 AM,04:17 PM,-6,-4,-0,-4,16,7,67,0.0,1021,-1,10,311,12
2018-12-25 09:00:00,2,-2,0.0,8.7,2,2,77,07:54 PM,09:43 AM,07:12 AM,04:17 PM,-11,-4,0,-4,22,0,43,0.0,1023,0,10,314,17
2018-12-25 12:00:00,2,-2,0.0,8.7,2,2,77,07:54 PM,09:43 AM,07:12 AM,04:17 PM,-13,-0,3,-0,15,2,29,0.0,1022,2,10,312,13
2018-12-25 15:00:00,2,-2,0.0,8.7,2,2,77,07:54 PM,09:43 AM,07:12 AM,04:17 PM,-14,-2,1,-2,15,9,31,0.0,1023,0,10,317,11
2018-12-25 18:00:00,2,-2,0.0,8.7,2,0,77,07:54 PM,09:43 AM,07:12 AM,04:17 PM,-13,-4,0,-4,16,1,35,0.0,1025,-1,10,311,13
2018-12-25 21:00:00,2,-2,0.0,8.7,2,0,77,07:54 PM,09:43 AM,07:12 AM,04:17 PM,-16,-5,-1,-5,17,7,33,0.0,1025,-2,10,310,12
2018-12-26 00:00:00,2,-3,0.0,8.7,2,0,69,09:08 PM,10:25 AM,07:12 AM,04:17 PM,-16,-6,-2,-6,17,33,33,0.0,1026,-2,10,308,12
2018-12-26 03:00:00,2,-3,0.0,8.7,2,0,69,09:08 PM,10:25 AM,07:12 AM,04:17 PM,-16,-6,-2,-6,14,9,33,0.0,1027,-3,10,302,11
2018-12-26 06:00:00,2,-3,0.0,8.7,2,0,69,09:08 PM,10:25 AM,07:12 AM,04:17 PM,-16,-7,-3,-7,15,9,35,0.0,1029,-3,10,297,12
2018-12-26 09:00:00,2,-3,0.0,8.7,2,2,69,09:08 PM,10:25 AM,07:12 AM,04:17 PM,-15,-5,-1,-5,19,5,32,0.0,1029,-1,10,304,15
2018-12-26 12:00:00,2,-3,0.0,8.7,2,2,69,09:08 PM,10:25 AM,07:12 AM,04:17 PM,-12,-1,3,-1,14,4,34,0.0,1029,2,10,294,12
2018-12-26 15:00:00,2,-3,0.0,8.7,2,2,69,09:08 PM,10:25 AM,07:12 AM,04:17 PM,-10,-1,1,-1,12,12,42,0.0,1029,0,10,293,8
2018-12-26 18:00:00,2,-3,0.0,8.7,2,0,69,09:08 PM,10:25 AM,07:12 AM,04:17 PM,-8,-2,-0,-2,10,31,56,0.0,1030,-1,10,253,6
2018-12-26 21:00:00,2,-3,0.0,8.7,2,0,69,09:08 PM,10:25 AM,07:12 AM,04:17 PM,-6,-4,-1,-4,17,79,67,0.0,1030,-1,10,255,10
2018-12-27 00:00:00,1,-2,0.0,8.7,1,0,62,10:20 PM,11:01 AM,07:13 AM,04:18 PM,-4,-4,0,-4,20,75,72,0.0,1030,-0,10,260,12
2018-12-27 03:00:00,1,-2,0.0,8.7,1,0,62,10:20 PM,11:01 AM,07:13 AM,04:18 PM,-5,-5,-0,-5,21,3,69,0.0,1032,-1,10,317,15
2018-12-27 06:00:00,1,-2,0.0,8.7,1,0,62,10:20 PM,11:01 AM,07:13 AM,04:18 PM,-10,-6,-2,-6,18,4,55,0.0,1036,-2,10,318,14
2018-12-27 09:00:00,1,-2,0.0,8.7,1,2,62,10:20 PM,11:01 AM,07:13 AM,04:18 PM,-13,-5,-1,-5,14,7,38,0.0,1037,-2,10,347,12
2018-12-27 12:00:00,1,-2,0.0,8.7,1,2,62,10:20 PM,11:01 AM,07:13 AM,04:18 PM,-15,1,2,1,5,12,26,0.0,1036,1,10,350,4
2018-12-27 15:00:00,1,-2,0.0,8.7,1,2,62,10:20 PM,11:01 AM,07:13 AM,04:18 PM,-17,-1,-0,-1,5,47,27,0.0,1037,-1,10,40,3
2018-12-27 18:00:00,1,-2,0.0,8.7,1,0,62,10:20 PM,11:01 AM,07:13 AM,04:18 PM,-13,-2,-1,-2,8,100,37,0.0,1038,-1,10,131,5
2018-12-27 21:00:00,1,-2,0.0,8.7,1,0,62,10:20 PM,11:01 AM,07:13 AM,04:18 PM,-9,-3,-0,-3,11,48,51,0.0,1037,-1,10,151,8
2018-12-28 00:00:00,10,-0,0.0,3.4,3,0,55,11:30 PM,11:33 AM,07:13 AM,04:19 PM,-5,-3,0,-3,16,23,67,0.0,1034,-0,10,155,11
2018-12-28 03:00:00,10,-0,0.0,3.4,3,0,55,11:30 PM,11:33 AM,07:13 AM,04:19 PM,-4,-2,2,-2,21,71,67,0.0,1032,1,10,159,13
2018-12-28 06:00:00,10,-0,0.0,3.4,3,0,55,11:30 PM,11:33 AM,07:13 AM,04:19 PM,-1,-2,2,-2,24,100,81,0.0,1028,2,10,143,14
2018-12-28 09:00:00,10,-0,0.0,3.4,3,1,55,11:30 PM,11:33 AM,07:13 AM,04:19 PM,4,2,5,2,29,100,93,0.5,1024,5,2,180,16
2018-12-28 12:00:00,10,-0,0.0,3.4,3,2,55,11:30 PM,11:33 AM,07:13 AM,04:19 PM,7,6,8,6,21,100,94,0.0,1018,8,2,192,12
2018-12-28 15:00:00,10,-0,0.0,3.4,3,2,55,11:30 PM,11:33 AM,07:13 AM,04:19 PM,9,7,9,7,23,100,97,10.2,1014,9,5,189,12
2018-12-28 18:00:00,10,-0,0.0,3.4,3,0,55,11:30 PM,11:33 AM,07:13 AM,04:19 PM,9,9,10,9,15,100,94,0.0,1010,10,2,202,8
2018-12-28 21:00:00,10,-0,0.0,3.4,3,0,55,11:30 PM,11:33 AM,07:13 AM,04:19 PM,9,8,10,8,20,100,97,0.3,1009,10,2,235,10
2018-12-29 00:00:00,9,1,0.0,8.7,2,0,48,No moonrise,12:03 PM,07:13 AM,04:20 PM,9,9,10,9,12,39,95,0.0,1008,9,2,205,6
2018-12-29 03:00:00,9,1,0.0,8.7,2,0,48,No moonrise,12:03 PM,07:13 AM,04:20 PM,8,7,9,7,20,31,96,0.0,1008,9,2,243,10
2018-12-29 06:00:00,9,1,0.0,8.7,2,0,48,No moonrise,12:03 PM,07:13 AM,04:20 PM,8,8,9,8,19,70,94,0.0,1009,9,10,234,9
2018-12-29 09:00:00,9,1,0.0,8.7,2,3,48,No moonrise,12:03 PM,07:13 AM,04:20 PM,-0,4,8,4,35,0,57,0.0,1011,8,10,288,23
2018-12-29 12:00:00,9,1,0.0,8.7,2,3,48,No moonrise,12:03 PM,07:13 AM,04:20 PM,1,6,9,6,28,10,56,0.0,1011,9,10,284,21
2018-12-29 15:00:00,9,1,0.0,8.7,2,3,48,No moonrise,12:03 PM,07:13 AM,04:20 PM,-1,3,7,3,29,22,59,0.0,1015,7,10,289,20
2018-12-29 18:00:00,9,1,0.0,8.7,2,0,48,No moonrise,12:03 PM,07:13 AM,04:20 PM,-2,1,4,1,24,52,64,0.0,1018,4,10,296,16
2018-12-29 21:00:00,9,1,0.0,8.7,2,0,48,No moonrise,12:03 PM,07:13 AM,04:20 PM,-6,-4,1,-4,26,2,60,0.0,1020,1,10,319,18
2018-12-30 00:00:00,0,-3,0.0,8.7,2,0,40,12:38 AM,12:31 PM,07:13 AM,04:20 PM,-9,-5,-1,-5,17,4,53,0.0,1021,-2,10,330,14
2018-12-30 03:00:00,0,-3,0.0,8.7,2,0,40,12:38 AM,12:31 PM,07:13 AM,04:20 PM,-11,-5,-2,-5,10,46,52,0.0,1022,-3,10,339,8
2018-12-30 06:00:00,0,-3,0.0,8.7,2,0,40,12:38 AM,12:31 PM,07:13 AM,04:20 PM,-10,-4,-2,-4,5,27,53,0.0,1024,-3,10,353,5
2018-12-30 09:00:00,0,-3,0.0,8.7,2,2,40,12:38 AM,12:31 PM,07:13 AM,04:20 PM,-10,-1,-1,-1,0,42,49,0.0,1023,-1,10,71,0
2018-12-30 12:00:00,0,-3,0.0,8.7,2,2,40,12:38 AM,12:31 PM,07:13 AM,04:20 PM,-10,0,1,0,4,23,43,0.0,1023,0,10,169,4
2018-12-30 15:00:00,0,-3,0.0,8.7,2,2,40,12:38 AM,12:31 PM,07:13 AM,04:20 PM,-9,1,1,1,3,9,47,0.0,1023,-0,10,147,3
2018-12-30 18:00:00,0,-3,0.0,8.7,2,0,40,12:38 AM,12:31 PM,07:13 AM,04:20 PM,-7,-2,-0,-2,10,44,58,0.0,1025,-1,10,165,6
2018-12-30 21:00:00,0,-3,0.0,8.7,2,0,40,12:38 AM,12:31 PM,07:13 AM,04:20 PM,-6,-2,0,-2,9,43,63,0.0,1026,-0,10,212,6
2018-12-31 00:00:00,5,-4,0.0,6.9,2,0,36,01:45 AM,01:01 PM,07:14 AM,04:21 PM,-3,-0,2,-0,8,5,70,0.0,1026,-0,10,227,6
2018-12-31 03:00:00,5,-4,0.0,6.9,2,0,36,01:45 AM,01:01 PM,07:14 AM,04:21 PM,-2,-1,2,-1,9,4,77,0.0,1027,-0,10,228,7
2018-12-31 06:00:00,5,-4,0.0,6.9,2,0,36,01:45 AM,01:01 PM,07:14 AM,04:21 PM,-2,-1,1,-1,9,11,83,0.0,1029,-0,10,233,6
2018-12-31 09:00:00,5,-4,0.0,6.9,2,2,36,01:45 AM,01:01 PM,07:14 AM,04:21 PM,-1,1,4,1,12,8,69,0.0,1028,3,10,213,10
2018-12-31 12:00:00,5,-4,0.0,6.9,2,2,36,01:45 AM,01:01 PM,07:14 AM,04:21 PM,-2,3,6,3,12,82,59,0.0,1027,5,10,204,9
2018-12-31 15:00:00,5,-4,0.0,6.9,2,2,36,01:45 AM,01:01 PM,07:14 AM,04:21 PM,-1,2,4,2,17,49,67,0.0,1026,4,10,182,11
2018-12-31 18:00:00,5,-4,0.0,6.9,2,0,36,01:45 AM,01:01 PM,07:14 AM,04:21 PM,-1,0,4,0,22,71,71,0.0,1025,4,10,177,14
2018-12-31 21:00:00,5,-4,0.0,6.9,2,0,36,01:45 AM,01:01 PM,07:14 AM,04:21 PM,-4,-7,-2,-7,23,79,65,1.7,1018,-4,9,175,17
2019-01-01 00:00:00,11,7,0.0,6.9,2,0,26,02:49 AM,01:32 PM,07:14 AM,04:22 PM,4,-4,0,-4,29,100,82,7.7,1007,-3,6,161,13
2019-01-01 03:00:00,11,7,0.0,6.9,2,0,26,02:49 AM,01:32 PM,07:14 AM,04:22 PM,6,7,9,7,34,100,86,9.7,1004,8,6,163,18
2019-01-01 06:00:00,11,7,0.0,6.9,2,0,26,02:49 AM,01:32 PM,07:14 AM,04:22 PM,9,10,10,10,38,96,87,3.9,1000,10,7,193,21
2019-01-01 09:00:00,11,7,0.0,6.9,2,3,26,02:49 AM,01:32 PM,07:14 AM,04:22 PM,8,11,11,11,44,85,78,2.5,1000,11,9,244,22
2019-01-01 12:00:00,11,7,0.0,6.9,2,4,26,02:49 AM,01:32 PM,07:14 AM,04:22 PM,6,12,12,12,42,54,66,0.0,1002,11,10,276,27
2019-01-01 15:00:00,11,7,0.0,6.9,2,3,26,02:49 AM,01:32 PM,07:14 AM,04:22 PM,1,9,10,9,36,1,56,0.0,1005,9,10,301,29
2019-01-01 18:00:00,11,7,0.0,6.9,2,0,26,02:49 AM,01:32 PM,07:14 AM,04:22 PM,2,4,7,4,33,2,68,0.0,1007,7,10,308,15
2019-01-01 21:00:00,11,7,0.0,6.9,2,0,26,02:49 AM,01:32 PM,07:14 AM,04:22 PM,1,2,5,2,30,0,69,0.0,1010,4,10,318,14
2019-01-02 00:00:00,2,-4,0.0,8.7,2,0,19,03:53 AM,02:06 PM,07:14 AM,04:23 PM,-3,-2,3,-2,25,6,65,0.0,1013,2,10,322,17
2019-01-02 03:00:00,2,-4,0.0,8.7,2,0,19,03:53 AM,02:06 PM,07:14 AM,04:23 PM,-6,-5,1,-5,21,21,59,0.0,1016,-0,10,322,19
2019-01-02 06:00:00,2,-4,0.0,8.7,2,0,19,03:53 AM,02:06 PM,07:14 AM,04:23 PM,-11,-8,-2,-8,16,24,49,0.0,1022,-3,10,331,20
2019-01-02 09:00:00,2,-4,0.0,8.7,2,2,19,03:53 AM,02:06 PM,07:14 AM,04:23 PM,-13,-8,-3,-8,13,14,44,0.0,1024,-4,10,340,18
2019-01-02 12:00:00,2,-4,0.0,8.7,2,2,19,03:53 AM,02:06 PM,07:14 AM,04:23 PM,-13,-5,-0,-5,9,2,38,0.0,1024,-1,10,230,17
2019-01-02 15:00:00,2,-4,0.0,8.7,2,2,19,03:53 AM,02:06 PM,07:14 AM,04:23 PM,-12,-3,2,-3,6,3,36,0.0,1023,1,10,30,14
2019-01-02 18:00:00,2,-4,0.0,8.7,2,0,19,03:53 AM,02:06 PM,07:14 AM,04:23 PM,-14,-4,-1,-4,6,6,37,0.0,1026,-2,10,108,6
2019-01-02 21:00:00,2,-4,0.0,8.7,2,0,19,03:53 AM,02:06 PM,07:14 AM,04:23 PM,-12,-5,-2,-5,11,15,47,0.0,1026,-3,10,154,6
2019-01-03 00:00:00,4,-2,0.0,5.2,2,0,11,04:55 AM,02:44 PM,07:14 AM,04:24 PM,-11,-6,-3,-6,17,44,50,0.0,1023,-4,10,171,7
2019-01-03 03:00:00,4,-2,0.0,5.2,2,0,11,04:55 AM,02:44 PM,07:14 AM,04:24 PM,-11,-7,-2,-7,20,71,49,0.0,1021,-3,10,172,11
2019-01-03 06:00:00,4,-2,0.0,5.2,2,0,11,04:55 AM,02:44 PM,07:14 AM,04:24 PM,-12,-7,-2,-7,23,92,49,0.0,1024,-3,10,184,14
2019-01-03 09:00:00,4,-2,0.0,5.2,2,1,11,04:55 AM,02:44 PM,07:14 AM,04:24 PM,-5,-4,1,-4,19,100,68,0.3,1019,-0,7,206,13
2019-01-03 12:00:00,4,-2,0.0,5.2,2,2,11,04:55 AM,02:44 PM,07:14 AM,04:24 PM,-1,1,4,1,14,75,73,0.4,1010,4,5,253,12
2019-01-03 15:00:00,4,-2,0.0,5.2,2,2,11,04:55 AM,02:44 PM,07:14 AM,04:24 PM,-3,1,4,1,15,25,61,0.0,1012,4,10,295,15
2019-01-03 18:00:00,4,-2,0.0,5.2,2,0,11,04:55 AM,02:44 PM,07:14 AM,04:24 PM,-4,-1,3,-1,17,19,61,0.0,1016,2,10,295,11
2019-01-03 21:00:00,4,-2,0.0,5.2,2,0,11,04:55 AM,02:44 PM,07:14 AM,04:24 PM,-6,-3,1,-3,17,6,60,0.0,1017,1,10,287,14
2019-01-04 00:00:00,7,2,0.0,8.7,2,0,4,05:53 AM,03:28 PM,07:14 AM,04:25 PM,-7,-5,0,-5,12,3,59,0.0,1016,-1,10,272,16
2019-01-04 03:00:00,7,2,0.0,8.7,2,0,4,05:53 AM,03:28 PM,07:14 AM,04:25 PM,-3,-4,1,-4,15,6,72,0.0,1013,-0,10,256,14
2019-01-04 06:00:00,7,2,0.0,8.7,2,0,4,05:53 AM,03:28 PM,07:14 AM,04:25 PM,-1,-2,2,-2,18,10,77,0.0,1008,2,10,238,18
2019-01-04 09:00:00,7,2,0.0,8.7,2,2,4,05:53 AM,03:28 PM,07:14 AM,04:25 PM,-1,0,4,0,19,15,72,0.0,1010,3,10,225,17
2019-01-04 12:00:00,7,2,0.0,8.7,2,3,4,05:53 AM,03:28 PM,07:14 AM,04:25 PM,-3,3,7,3,19,10,51,0.0,1012,6,10,225,21
2019-01-04 15:00:00,7,2,0.0,8.7,2,3,4,05:53 AM,03:28 PM,07:14 AM,04:25 PM,-2,4,7,4,18,6,54,0.0,1007,6,10,228,19
2019-01-04 18:00:00,7,2,0.0,8.7,2,0,4,05:53 AM,03:28 PM,07:14 AM,04:25 PM,-0,1,5,1,20,4,70,0.0,999,4,10,226,15
2019-01-04 21:00:00,7,2,0.0,8.7,2,0,4,05:53 AM,03:28 PM,07:14 AM,04:25 PM,-1,-1,4,-1,19,4,68,0.0,997,3,10,229,19
2019-01-05 00:00:00,6,3,0.0,3.4,2,0,0,06:47 AM,04:15 PM,07:14 AM,04:26 PM,-3,-2,3,-2,14,4,64,0.0,996,2,10,224,23
2019-01-05 03:00:00,6,3,0.0,3.4,2,0,0,06:47 AM,04:15 PM,07:14 AM,04:26 PM,-5,-3,2,-3,12,33,63,0.0,1000,1,10,215,20
2019-01-05 06:00:00,6,3,0.0,3.4,2,0,0,06:47 AM,04:15 PM,07:14 AM,04:26 PM,-4,-4,1,-4,8,85,68,0.7,1008,-0,10,235,12
2019-01-05 09:00:00,6,3,0.0,3.4,2,1,0,06:47 AM,04:15 PM,07:14 AM,04:26 PM,2,2,5,2,6,86,81,4.2,1008,4,8,206,12
2019-01-05 12:00:00,6,3,0.0,3.4,2,2,0,06:47 AM,04:15 PM,07:14 AM,04:26 PM,3,3,6,3,14,100,80,8.9,1004,6,5,45,15
2019-01-05 15:00:00,6,3,0.0,3.4,2,2,0,06:47 AM,04:15 PM,07:14 AM,04:26 PM,3,4,7,4,22,100,78,6.9,1002,6,6,31,17
2019-01-05 18:00:00,6,3,0.0,3.4,2,0,0,06:47 AM,04:15 PM,07:14 AM,04:26 PM,2,2,5,2,26,100,77,2.5,1002,5,8,15,17
2019-01-05 21:00:00,6,3,0.0,3.4,2,0,0,06:47 AM,04:15 PM,07:14 AM,04:26 PM,-1,-1,3,-1,25,91,72,3.0,1005,3,8,116,19
2019-01-06 00:00:00,5,3,0.1,5.2,1,0,0,07:36 AM,05:08 PM,07:14 AM,04:27 PM,-5,-2,2,-2,21,78,59,0.3,1014,1,9,323,16
2019-01-06 03:00:00,5,3,0.1,5.2,1,0,0,07:36 AM,05:08 PM,07:14 AM,04:27 PM,-5,-2,2,-2,22,64,62,0.2,1012,1,10,307,15
2019-01-06 06:00:00,5,3,0.1,5.2,1,0,0,07:36 AM,05:08 PM,07:14 AM,04:27 PM,-3,-2,2,-2,21,25,68,0.0,1007,1,10,293,18
2019-01-06 09:00:00,5,3,0.1,5.2,1,1,0,07:36 AM,05:08 PM,07:14 AM,04:27 PM,-2,0,5,0,17,48,65,0.0,1010,4,10,281,23
2019-01-06 12:00:00,5,3,0.1,5.2,1,2,0,07:36 AM,05:08 PM,07:14 AM,04:27 PM,-3,2,6,2,21,85,53,0.0,1015,5,10,297,21
2019-01-06 15:00:00,5,3,0.1,5.2,1,1,0,07:36 AM,05:08 PM,07:14 AM,04:27 PM,-3,2,6,2,27,94,52,0.1,1014,5,10,314,21
2019-01-06 18:00:00,5,3,0.1,5.2,1,0,0,07:36 AM,05:08 PM,07:14 AM,04:27 PM,-5,-1,4,-1,34,84,50,0.1,1014,3,10,319,22
2019-01-06 21:00:00,5,3,0.1,5.2,1,0,0,07:36 AM,05:08 PM,07:14 AM,04:27 PM,-10,-6,0,-6,36,53,47,0.1,1017,-1,10,321,26
2019-01-07 00:00:00,0,-5,0.0,8.7,2,0,3,08:18 AM,06:03 PM,07:14 AM,04:28 PM,-10,-6,-1,-6,35,0,52,0.0,1020,-2,10,322,19
2019-01-07 03:00:00,0,-5,0.0,8.7,2,0,3,08:18 AM,06:03 PM,07:14 AM,04:28 PM,-10,-6,-1,-6,32,0,50,0.0,1022,-2,10,321,19
2019-01-07 06:00:00,0,-5,0.0,8.7,2,0,3,08:18 AM,06:03 PM,07:14 AM,04:28 PM,-13,-9,-3,-9,29,3,48,0.0,1025,-4,10,318,19
2019-01-07 09:00:00,0,-5,0.0,8.7,2,2,3,08:18 AM,06:03 PM,07:14 AM,04:28 PM,-14,-9,-3,-9,23,11,44,0.0,1028,-4,10,322,17
2019-01-07 12:00:00,0,-5,0.0,8.7,2,2,3,08:18 AM,06:03 PM,07:14 AM,04:28 PM,-15,-6,-1,-6,16,20,35,0.0,1026,-2,10,324,17
2019-01-07 15:00:00,0,-5,0.0,8.7,2,2,3,08:18 AM,06:03 PM,07:14 AM,04:28 PM,-14,-4,1,-4,11,31,31,0.0,1022,-0,10,329,19
2019-01-07 18:00:00,0,-5,0.0,8.7,2,0,3,08:18 AM,06:03 PM,07:14 AM,04:28 PM,-13,-5,0,-5,6,44,37,0.0,1023,-1,10,245,16
2019-01-07 21:00:00,0,-5,0.0,8.7,2,0,3,08:18 AM,06:03 PM,07:14 AM,04:28 PM,-12,-4,0,-4,5,81,40,0.0,1023,-1,10,62,13
2019-01-08 00:00:00,6,2,0.2,3.4,1,0,10,08:55 AM,07:00 PM,07:13 AM,04:29 PM,-9,-4,0,-4,7,89,52,0.0,1022,-1,10,124,12
2019-01-08 03:00:00,6,2,0.2,3.4,1,0,10,08:55 AM,07:00 PM,07:13 AM,04:29 PM,-5,-4,0,-4,14,88,67,0.0,1023,-1,10,177,13
2019-01-08 06:00:00,6,2,0.2,3.4,1,0,10,08:55 AM,07:00 PM,07:13 AM,04:29 PM,-3,-3,2,-3,22,88,72,0.2,1019,1,7,167,16
2019-01-08 09:00:00,6,2,0.2,3.4,1,1,10,08:55 AM,07:00 PM,07:13 AM,04:29 PM,0,-0,4,-0,23,100,79,0.4,1016,3,2,171,15
2019-01-08 12:00:00,6,2,0.2,3.4,1,1,10,08:55 AM,07:00 PM,07:13 AM,04:29 PM,2,2,6,2,23,100,77,0.4,1015,5,2,175,18
2019-01-08 15:00:00,6,2,0.2,3.4,1,2,10,08:55 AM,07:00 PM,07:13 AM,04:29 PM,4,4,7,4,18,100,80,0.4,1010,6,1,160,13
2019-01-08 18:00:00,6,2,0.2,3.4,1,0,10,08:55 AM,07:00 PM,07:13 AM,04:29 PM,3,3,6,3,16,100,85,0.1,1008,5,1,144,10
2019-01-08 21:00:00,6,2,0.2,3.4,1,0,10,08:55 AM,07:00 PM,07:13 AM,04:29 PM,3,4,6,4,12,99,87,0.6,1005,5,4,204,8
2019-01-09 00:00:00,6,0,0.0,3.4,1,0,18,09:28 AM,07:59 PM,07:13 AM,04:30 PM,2,3,5,3,7,98,85,1.4,1001,5,9,305,9
2019-01-09 03:00:00,6,0,0.0,3.4,1,0,18,09:28 AM,07:59 PM,07:13 AM,04:30 PM,2,2,5,2,5,100,84,1.4,999,5,9,271,13
2019-01-09 06:00:00,6,0,0.0,3.4,1,0,18,09:28 AM,07:59 PM,07:13 AM,04:30 PM,1,1,4,1,11,100,84,3.5,1002,3,8,215,13
2019-01-09 09:00:00,6,0,0.0,3.4,1,1,18,09:28 AM,07:59 PM,07:13 AM,04:30 PM,2,1,5,1,25,96,79,5.1,998,4,7,241,20
2019-01-09 12:00:00,6,0,0.0,3.4,1,1,18,09:28 AM,07:59 PM,07:13 AM,04:30 PM,-1,1,5,1,33,92,66,0.1,993,5,7,261,27
2019-01-09 15:00:00,6,0,0.0,3.4,1,1,18,09:28 AM,07:59 PM,07:13 AM,04:30 PM,-4,-3,2,-3,33,100,63,0.2,1001,1,5,274,19
2019-01-09 18:00:00,6,0,0.0,3.4,1,0,18,09:28 AM,07:59 PM,07:13 AM,04:30 PM,-4,-4,1,-4,32,81,66,0.0,1006,0,10,277,19
2019-01-09 21:00:00,6,0,0.0,3.4,1,0,18,09:28 AM,07:59 PM,07:13 AM,04:30 PM,-3,-4,1,-4,33,34,72,0.0,1009,-0,10,276,18
2019-01-10 00:00:00,1,-3,0.3,3.4,2,0,25,09:57 AM,08:57 PM,07:13 AM,04:31 PM,-5,-6,-0,-6,31,21,74,0.0,1009,-1,10,276,17
2019-01-10 03:00:00,1,-3,0.3,3.4,2,0,25,09:57 AM,08:57 PM,07:13 AM,04:31 PM,-6,-7,-1,-7,27,58,72,0.0,1010,-2,10,275,20
2019-01-10 06:00:00,1,-3,0.3,3.4,2,0,25,09:57 AM,08:57 PM,07:13 AM,04:31 PM,-7,-7,-1,-7,26,91,68,0.0,1011,-2,10,283,21
2019-01-10 09:00:00,1,-3,0.3,3.4,2,1,25,09:57 AM,08:57 PM,07:13 AM,04:31 PM,-7,-7,-1,-7,28,83,62,0.1,1012,-2,8,300,22
2019-01-10 12:00:00,1,-3,0.3,3.4,2,1,25,09:57 AM,08:57 PM,07:13 AM,04:31 PM,-7,-4,1,-4,30,100,56,0.1,1008,1,5,312,24
2019-01-10 15:00:00,1,-3,0.3,3.4,2,1,25,09:57 AM,08:57 PM,07:13 AM,04:31 PM,-9,-4,1,-4,30,88,47,0.1,1006,1,7,308,26
2019-01-10 18:00:00,1,-3,0.3,3.4,2,0,25,09:57 AM,08:57 PM,07:13 AM,04:31 PM,-10,-7,-1,-7,31,55,47,0.0,1007,-2,10,306,30
2019-01-10 21:00:00,1,-3,0.3,3.4,2,0,25,09:57 AM,08:57 PM,07:13 AM,04:31 PM,-9,-8,-2,-8,32,39,58,0.0,1014,-3,10,304,23
2019-01-11 00:00:00,-4,-8,0.0,8.7,2,0,32,10:24 AM,09:56 PM,07:13 AM,04:32 PM,-10,-10,-3,-10,32,30,60,0.0,1016,-4,10,304,21
2019-01-11 03:00:00,-4,-8,0.0,8.7,2,0,32,10:24 AM,09:56 PM,07:13 AM,04:32 PM,-11,-11,-4,-11,30,8,61,0.0,1018,-5,10,305,23
2019-01-11 06:00:00,-4,-8,0.0,8.7,2,0,32,10:24 AM,09:56 PM,07:13 AM,04:32 PM,-13,-13,-6,-13,27,7,57,0.0,1020,-7,10,305,22
2019-01-11 09:00:00,-4,-8,0.0,8.7,2,2,32,10:24 AM,09:56 PM,07:13 AM,04:32 PM,-17,-13,-6,-13,26,3,43,0.0,1022,-7,10,300,22
2019-01-11 12:00:00,-4,-8,0.0,8.7,2,2,32,10:24 AM,09:56 PM,07:13 AM,04:32 PM,-18,-11,-4,-11,25,3,33,0.0,1022,-5,10,300,23
2019-01-11 15:00:00,-4,-8,0.0,8.7,2,2,32,10:24 AM,09:56 PM,07:13 AM,04:32 PM,-17,-10,-3,-10,26,10,33,0.0,1022,-4,10,304,21
2019-01-11 18:00:00,-4,-8,0.0,8.7,2,0,32,10:24 AM,09:56 PM,07:13 AM,04:32 PM,-16,-10,-4,-10,28,11,38,0.0,1026,-5,10,305,16
2019-01-11 21:00:00,-4,-8,0.0,8.7,2,0,32,10:24 AM,09:56 PM,07:13 AM,04:32 PM,-19,-13,-6,-13,29,8,36,0.0,1028,-7,10,310,18
2019-01-12 00:00:00,-3,-9,0.0,8.7,2,0,39,10:50 AM,10:56 PM,07:12 AM,04:33 PM,-19,-14,-7,-14,28,5,38,0.0,1029,-8,10,315,18
2019-01-12 03:00:00,-3,-9,0.0,8.7,2,0,39,10:50 AM,10:56 PM,07:12 AM,04:33 PM,-19,-15,-8,-15,24,14,39,0.0,1029,-9,10,313,17
2019-01-12 06:00:00,-3,-9,0.0,8.7,2,0,39,10:50 AM,10:56 PM,07:12 AM,04:33 PM,-18,-14,-8,-14,17,15,42,0.0,1031,-9,10,302,13
2019-01-12 09:00:00,-3,-9,0.0,8.7,2,2,39,10:50 AM,10:56 PM,07:12 AM,04:33 PM,-19,-13,-7,-13,14,5,38,0.0,1032,-8,10,295,14
2019-01-12 12:00:00,-3,-9,0.0,8.7,2,2,39,10:50 AM,10:56 PM,07:12 AM,04:33 PM,-20,-9,-3,-9,17,21,29,0.0,1031,-4,10,297,16
2019-01-12 15:00:00,-3,-9,0.0,8.7,2,2,39,10:50 AM,10:56 PM,07:12 AM,04:33 PM,-19,-7,-2,-7,19,43,27,0.0,1030,-3,10,298,12
2019-01-12 18:00:00,-3,-9,0.0,8.7,2,0,39,10:50 AM,10:56 PM,07:12 AM,04:33 PM,-15,-7,-2,-7,21,15,38,0.0,1031,-3,10,302,12
2019-01-12 21:00:00,-3,-9,0.0,8.7,2,0,39,10:50 AM,10:56 PM,07:12 AM,04:33 PM,-15,-9,-4,-9,21,40,42,0.0,1033,-5,10,307,12
2019-01-13 00:00:00,-2,-7,0.0,8.7,2,0,47,11:16 AM,11:57 PM,07:12 AM,04:34 PM,-17,-11,-6,-11,16,61,41,0.0,1034,-7,10,316,12
2019-01-13 03:00:00,-2,-7,0.0,8.7,2,0,47,11:16 AM,11:57 PM,07:12 AM,04:34 PM,-16,-11,-6,-11,12,14,45,0.0,1032,-7,10,322,13
2019-01-13 06:00:00,-2,-7,0.0,8.7,2,0,47,11:16 AM,11:57 PM,07:12 AM,04:34 PM,-15,-13,-7,-13,10,19,52,0.0,1032,-8,10,331,12
2019-01-13 09:00:00,-2,-7,0.0,8.7,2,2,47,11:16 AM,11:57 PM,07:12 AM,04:34 PM,-13,-10,-5,-10,9,17,55,0.0,1033,-6,10,335,12
2019-01-13 12:00:00,-2,-7,0.0,8.7,2,2,47,11:16 AM,11:57 PM,07:12 AM,04:34 PM,-12,-7,-2,-7,8,29,47,0.0,1033,-3,10,232,13
2019-01-13 15:00:00,-2,-7,0.0,8.7,2,2,47,11:16 AM,11:57 PM,07:12 AM,04:34 PM,-13,-6,-2,-6,8,21,41,0.0,1031,-3,10,15,13
2019-01-13 18:00:00,-2,-7,0.0,8.7,2,0,47,11:16 AM,11:57 PM,07:12 AM,04:34 PM,-13,-8,-4,-8,11,44,48,0.0,1029,-5,10,33,10
2019-01-13 21:00:00,-2,-7,0.0,8.7,2,0,47,11:16 AM,11:57 PM,07:12 AM,04:34 PM,-13,-11,-5,-11,13,74,52,0.0,1028,-6,10,36,15
2019-01-14 00:00:00,-1,-7,0.0,3.5,1,0,54,11:43 AM,No moonset,07:12 AM,04:35 PM,-11,-12,-5,-12,12,45,63,0.0,1025,-6,10,27,18
2019-01-14 03:00:00,-1,-7,0.0,3.5,1,0,54,11:43 AM,No moonset,07:12 AM,04:35 PM,-12,-12,-6,-12,15,80,63,0.0,1028,-7,10,15,14
2019-01-14 06:00:00,-1,-7,0.0,3.5,1,0,54,11:43 AM,No moonset,07:12 AM,04:35 PM,-12,-13,-7,-13,18,90,63,0.0,1027,-8,10,7,15
2019-01-14 09:00:00,-1,-7,0.0,3.5,1,1,54,11:43 AM,No moonset,07:12 AM,04:35 PM,-11,-10,-5,-10,18,91,59,0.0,1026,-6,10,7,15
2019-01-14 12:00:00,-1,-7,0.0,3.5,1,1,54,11:43 AM,No moonset,07:12 AM,04:35 PM,-11,-6,-1,-6,17,88,49,0.0,1024,-2,10,11,14
2019-01-14 15:00:00,-1,-7,0.0,3.5,1,2,54,11:43 AM,No moonset,07:12 AM,04:35 PM,-14,-5,-0,-5,13,64,37,0.0,1022,-1,10,15,17
2019-01-14 18:00:00,-1,-7,0.0,3.5,1,0,54,11:43 AM,No moonset,07:12 AM,04:35 PM,-13,-7,-2,-7,8,20,44,0.0,1021,-3,10,11,13
2019-01-14 21:00:00,-1,-7,0.0,3.5,1,0,54,11:43 AM,No moonset,07:12 AM,04:35 PM,-11,-8,-3,-8,6,8,54,0.0,1019,-4,10,111,12
2019-01-15 00:00:00,2,-6,0.0,7.0,2,0,61,12:11 PM,01:00 AM,07:11 AM,04:36 PM,-12,-9,-4,-9,10,16,52,0.0,1017,-5,10,321,13
2019-01-15 03:00:00,2,-6,0.0,7.0,2,0,61,12:11 PM,01:00 AM,07:11 AM,04:36 PM,-13,-9,-4,-9,10,24,51,0.0,1016,-5,10,317,12
2019-01-15 06:00:00,2,-6,0.0,7.0,2,0,61,12:11 PM,01:00 AM,07:11 AM,04:36 PM,-13,-10,-5,-10,10,26,52,0.0,1016,-6,10,316,10
2019-01-15 09:00:00,2,-6,0.0,7.0,2,2,61,12:11 PM,01:00 AM,07:11 AM,04:36 PM,-13,-8,-3,-8,11,33,46,0.0,1017,-4,10,316,10
2019-01-15 12:00:00,2,-6,0.0,7.0,2,2,61,12:11 PM,01:00 AM,07:11 AM,04:36 PM,-12,-2,2,-2,10,52,36,0.0,1019,1,10,314,13
2019-01-15 15:00:00,2,-6,0.0,7.0,2,1,61,12:11 PM,01:00 AM,07:11 AM,04:36 PM,-10,-2,2,-2,7,61,40,0.0,1019,2,10,321,15
2019-01-15 18:00:00,2,-6,0.0,7.0,2,0,61,12:11 PM,01:00 AM,07:11 AM,04:36 PM,-11,-4,0,-4,4,65,42,0.0,1017,-1,10,276,10
2019-01-15 21:00:00,2,-6,0.0,7.0,2,0,61,12:11 PM,01:00 AM,07:11 AM,04:36 PM,-10,-5,-1,-5,3,33,51,0.0,1019,-2,10,194,10
2019-01-16 00:00:00,6,-4,0.0,8.7,2,0,69,12:45 PM,02:05 AM,07:11 AM,04:38 PM,-9,-6,-2,-6,5,12,56,0.0,1016,-3,10,249,11
2019-01-16 03:00:00,6,-4,0.0,8.7,2,0,69,12:45 PM,02:05 AM,07:11 AM,04:38 PM,-8,-7,-2,-7,9,14,62,0.0,1013,-3,10,217,13
2019-01-16 06:00:00,6,-4,0.0,8.7,2,0,69,12:45 PM,02:05 AM,07:11 AM,04:38 PM,-8,-8,-3,-8,15,12,69,0.0,1016,-4,10,218,15
2019-01-16 09:00:00,6,-4,0.0,8.7,2,2,69,12:45 PM,02:05 AM,07:11 AM,04:38 PM,-7,-5,-1,-5,20,12,62,0.0,1017,-2,10,224,18
2019-01-16 12:00:00,6,-4,0.0,8.7,2,2,69,12:45 PM,02:05 AM,07:11 AM,04:38 PM,-6,1,5,1,22,10,46,0.0,1013,4,10,242,21
2019-01-16 15:00:00,6,-4,0.0,8.7,2,1,69,12:45 PM,02:05 AM,07:11 AM,04:38 PM,-7,1,5,1,21,29,43,0.0,1013,5,10,250,20
2019-01-16 18:00:00,6,-4,0.0,8.7,2,0,69,12:45 PM,02:05 AM,07:11 AM,04:38 PM,-8,-4,1,-4,22,46,50,0.0,1015,0,10,255,16
2019-01-16 21:00:00,6,-4,0.0,8.7,2,0,69,12:45 PM,02:05 AM,07:11 AM,04:38 PM,-11,-8,-2,-8,27,1,51,0.0,1014,-3,10,277,19
2019-01-17 00:00:00,-1,-8,0.0,8.7,2,0,76,01:24 PM,03:14 AM,07:10 AM,04:39 PM,-11,-9,-3,-9,27,2,52,0.0,1016,-4,10,304,18
2019-01-17 03:00:00,-1,-8,0.0,8.7,2,0,76,01:24 PM,03:14 AM,07:10 AM,04:39 PM,-12,-10,-3,-10,24,3,52,0.0,1020,-4,10,325,19
2019-01-17 06:00:00,-1,-8,0.0,8.7,2,0,76,01:24 PM,03:14 AM,07:10 AM,04:39 PM,-17,-13,-6,-13,21,4,42,0.0,1023,-7,10,325,20
2019-01-17 09:00:00,-1,-8,0.0,8.7,2,2,76,01:24 PM,03:14 AM,07:10 AM,04:39 PM,-16,-12,-5,-12,15,12,43,0.0,1024,-6,10,325,18
2019-01-17 12:00:00,-1,-8,0.0,8.7,2,2,76,01:24 PM,03:14 AM,07:10 AM,04:39 PM,-12,-6,-1,-6,10,29,44,0.0,1025,-2,10,328,14
2019-01-17 15:00:00,-1,-8,0.0,8.7,2,2,76,01:24 PM,03:14 AM,07:10 AM,04:39 PM,-16,-6,-1,-6,5,32,32,0.0,1025,-2,10,262,13
2019-01-17 18:00:00,-1,-8,0.0,8.7,2,0,76,01:24 PM,03:14 AM,07:10 AM,04:39 PM,-21,-8,-4,-8,5,68,23,0.0,1026,-5,10,123,9
2019-01-17 21:00:00,-1,-8,0.0,8.7,2,0,76,01:24 PM,03:14 AM,07:10 AM,04:39 PM,-20,-10,-5,-10,13,100,31,0.0,1027,-6,10,144,8
2019-01-18 00:00:00,4,0,0.8,3.5,1,0,83,02:11 PM,04:22 AM,07:10 AM,04:40 PM,-16,-9,-5,-9,13,100,42,0.0,1026,-6,10,163,9
2019-01-18 03:00:00,4,0,0.8,3.5,1,0,83,02:11 PM,04:22 AM,07:10 AM,04:40 PM,-10,-8,-3,-8,12,96,63,0.0,1023,-4,10,154,12
2019-01-18 06:00:00,4,0,0.8,3.5,1,0,83,02:11 PM,04:22 AM,07:10 AM,04:40 PM,-6,-5,-1,-5,10,92,72,0.2,1020,-2,7,151,12
2019-01-18 09:00:00,4,0,0.8,3.5,1,1,83,02:11 PM,04:22 AM,07:10 AM,04:40 PM,-2,-2,2,-2,11,100,77,0.4,1017,1,2,158,12
2019-01-18 12:00:00,4,0,0.8,3.5,1,1,83,02:11 PM,04:22 AM,07:10 AM,04:40 PM,0,1,4,1,10,100,78,0.3,1014,3,2,160,12
2019-01-18 15:00:00,4,0,0.8,3.5,1,1,83,02:11 PM,04:22 AM,07:10 AM,04:40 PM,1,2,5,2,7,98,74,0.2,1011,4,5,184,14
2019-01-18 18:00:00,4,0,0.8,3.5,1,0,83,02:11 PM,04:22 AM,07:10 AM,04:40 PM,-1,0,3,0,7,73,74,0.0,1014,3,10,218,17
2019-01-18 21:00:00,4,0,0.8,3.5,1,0,83,02:11 PM,04:22 AM,07:10 AM,04:40 PM,-3,-3,1,-3,13,25,73,0.0,1016,1,10,243,19
2019-01-19 00:00:00,-2,-5,1.1,7.0,2,0,90,03:09 PM,05:31 AM,07:09 AM,04:41 PM,-6,-5,0,-5,15,13,65,0.0,1019,-1,10,293,18
2019-01-19 03:00:00,-2,-5,1.1,7.0,2,0,90,03:09 PM,05:31 AM,07:09 AM,04:41 PM,-7,-6,-1,-6,14,8,61,0.0,1021,-2,10,311,18
2019-01-19 06:00:00,-2,-5,1.1,7.0,2,0,90,03:09 PM,05:31 AM,07:09 AM,04:41 PM,-11,-9,-3,-9,17,10,57,0.0,1024,-4,10,327,17
2019-01-19 09:00:00,-2,-5,1.1,7.0,2,2,90,03:09 PM,05:31 AM,07:09 AM,04:41 PM,-13,-10,-4,-10,16,19,49,0.0,1026,-5,10,343,16
2019-01-19 12:00:00,-2,-5,1.1,7.0,2,1,90,03:09 PM,05:31 AM,07:09 AM,04:41 PM,-16,-9,-4,-9,12,48,39,0.0,1027,-5,10,250,13
2019-01-19 15:00:00,-2,-5,1.1,7.0,2,1,90,03:09 PM,05:31 AM,07:09 AM,04:41 PM,-14,-7,-2,-7,13,100,42,0.0,1026,-3,8,48,13
2019-01-19 18:00:00,-2,-5,1.1,7.0,2,0,90,03:09 PM,05:31 AM,07:09 AM,04:41 PM,-10,-6,-1,-6,18,100,52,0.3,1025,-2,4,70,14
2019-01-19 21:00:00,-2,-5,1.1,7.0,2,0,90,03:09 PM,05:31 AM,07:09 AM,04:41 PM,-8,-7,-2,-7,22,100,64,1.0,1024,-3,2,79,17
2019-01-20 00:00:00,4,-4,5.2,3.5,1,0,98,04:15 PM,06:33 AM,07:08 AM,04:43 PM,-6,-8,-2,-8,28,100,77,3.2,1021,-3,2,84,21
2019-01-20 03:00:00,4,-4,5.2,3.5,1,0,98,04:15 PM,06:33 AM,07:08 AM,04:43 PM,0,-3,2,-3,35,100,92,7.2,1014,1,3,87,21
2019-01-20 06:00:00,4,-4,5.2,3.5,1,0,98,04:15 PM,06:33 AM,07:08 AM,04:43 PM,1,-4,2,-4,38,100,93,13.4,1007,1,5,85,28
2019-01-20 09:00:00,4,-4,5.2,3.5,1,1,98,04:15 PM,06:33 AM,07:08 AM,04:43 PM,0,-5,2,-5,24,100,89,16.0,998,1,6,135,34
2019-01-20 12:00:00,4,-4,5.2,3.5,1,1,98,04:15 PM,06:33 AM,07:08 AM,04:43 PM,2,-1,4,-1,9,100,86,7.9,994,4,6,277,21
2019-01-20 15:00:00,4,-4,5.2,3.5,1,1,98,04:15 PM,06:33 AM,07:08 AM,04:43 PM,-1,-4,1,-4,19,100,85,10.6,991,0,4,336,18
2019-01-20 18:00:00,4,-4,5.2,3.5,1,0,98,04:15 PM,06:33 AM,07:08 AM,04:43 PM,-7,-10,-4,-10,28,100,79,2.9,993,-5,5,342,23
2019-01-20 21:00:00,4,-4,5.2,3.5,1,0,98,04:15 PM,06:33 AM,07:08 AM,04:43 PM,-12,-14,-6,-14,32,70,64,2.0,996,-7,9,318,30
2019-01-21 00:00:00,-12,-14,0.1,5.2,2,0,100,05:28 PM,07:29 AM,07:08 AM,04:44 PM,-17,-19,-10,-19,41,10,55,0.0,998,-11,10,303,30
2019-01-21 03:00:00,-12,-14,0.1,5.2,2,0,100,05:28 PM,07:29 AM,07:08 AM,04:44 PM,-21,-24,-13,-24,36,9,52,0.0,1002,-14,10,299,29
2019-01-21 06:00:00,-12,-14,0.1,5.2,2,0,100,05:28 PM,07:29 AM,07:08 AM,04:44 PM,-21,-24,-14,-24,33,25,52,0.0,1004,-15,10,297,28
2019-01-21 09:00:00,-12,-14,0.1,5.2,2,1,100,05:28 PM,07:29 AM,07:08 AM,04:44 PM,-21,-23,-13,-23,32,60,55,0.0,1007,-14,10,297,29
2019-01-21 12:00:00,-12,-14,0.1,5.2,2,1,100,05:28 PM,07:29 AM,07:08 AM,04:44 PM,-21,-23,-12,-23,30,86,51,0.0,1009,-13,10,299,32
2019-01-21 15:00:00,-12,-14,0.1,5.2,2,1,100,05:28 PM,07:29 AM,07:08 AM,04:44 PM,-19,-22,-11,-22,32,100,52,0.0,1011,-12,8,304,32
2019-01-21 18:00:00,-12,-14,0.1,5.2,2,0,100,05:28 PM,07:29 AM,07:08 AM,04:44 PM,-21,-23,-12,-23,36,100,52,0.1,1013,-13,5,309,31
2019-01-21 21:00:00,-12,-14,0.1,5.2,2,0,100,05:28 PM,07:29 AM,07:08 AM,04:44 PM,-20,-24,-13,-24,39,89,57,0.1,1017,-14,7,309,30
2019-01-22 00:00:00,-4,-13,0.0,8.7,2,0,88,06:44 PM,08:17 AM,07:07 AM,04:45 PM,-21,-23,-13,-23,39,47,55,0.0,1020,-14,10,311,29
2019-01-22 03:00:00,-4,-13,0.0,8.7,2,0,88,06:44 PM,08:17 AM,07:07 AM,04:45 PM,-22,-24,-13,-24,36,5,48,0.0,1023,-14,10,314,29
2019-01-22 06:00:00,-4,-13,0.0,8.7,2,0,88,06:44 PM,08:17 AM,07:07 AM,04:45 PM,-22,-23,-13,-23,36,0,47,0.0,1027,-14,10,314,26
2019-01-22 09:00:00,-4,-13,0.0,8.7,2,2,88,06:44 PM,08:17 AM,07:07 AM,04:45 PM,-20,-20,-10,-20,35,0,44,0.0,1031,-11,10,310,25
2019-01-22 12:00:00,-4,-13,0.0,8.7,2,2,88,06:44 PM,08:17 AM,07:07 AM,04:45 PM,-18,-13,-6,-13,30,6,38,0.0,1033,-7,10,310,22
2019-01-22 15:00:00,-4,-13,0.0,8.7,2,2,88,06:44 PM,08:17 AM,07:07 AM,04:45 PM,-15,-10,-4,-10,23,22,41,0.0,1032,-5,10,308,17
2019-01-22 18:00:00,-4,-13,0.0,8.7,2,0,88,06:44 PM,08:17 AM,07:07 AM,04:45 PM,-14,-12,-6,-12,17,37,52,0.0,1032,-7,10,294,13
2019-01-22 21:00:00,-4,-13,0.0,8.7,2,0,88,06:44 PM,08:17 AM,07:07 AM,04:45 PM,-14,-11,-6,-11,13,49,52,0.0,1034,-7,10,260,9
2019-01-23 00:00:00,5,-3,0.0,5.3,2,0,81,08:01 PM,08:57 AM,07:06 AM,04:46 PM,-14,-12,-7,-12,13,53,55,0.0,1032,-8,10,227,8
2019-01-23 03:00:00,5,-3,0.0,5.3,2,0,81,08:01 PM,08:57 AM,07:06 AM,04:46 PM,-12,-12,-6,-12,15,65,60,0.0,1027,-7,10,209,14
2019-01-23 06:00:00,5,-3,0.0,5.3,2,0,81,08:01 PM,08:57 AM,07:06 AM,04:46 PM,-9,-9,-3,-9,17,99,68,0.0,1026,-4,10,201,18
2019-01-23 09:00:00,5,-3,0.0,5.3,2,1,81,08:01 PM,08:57 AM,07:06 AM,04:46 PM,-6,-5,-0,-5,23,98,66,0.0,1028,-1,10,202,18
2019-01-23 12:00:00,5,-3,0.0,5.3,2,2,81,08:01 PM,08:57 AM,07:06 AM,04:46 PM,-2,-1,4,-1,30,84,66,0.0,1025,3,10,212,22
2019-01-23 15:00:00,5,-3,0.0,5.3,2,2,81,08:01 PM,08:57 AM,07:06 AM,04:46 PM,-0,2,6,2,32,55,66,0.0,1021,5,10,214,26
2019-01-23 18:00:00,5,-3,0.0,5.3,2,0,81,08:01 PM,08:57 AM,07:06 AM,04:46 PM,1,2,6,2,34,73,73,0.0,1019,5,10,216,25
2019-01-23 21:00:00,5,-3,0.0,5.3,2,0,81,08:01 PM,08:57 AM,07:06 AM,04:46 PM,3,2,5,2,33,97,78,0.0,1017,4,10,214,25
2019-01-24 00:00:00,11,9,0.0,3.5,3,0,73,09:15 PM,09:33 AM,07:05 AM,04:48 PM,5,4,6,4,36,100,81,0.1,1014,4,10,211,27
2019-01-24 03:00:00,11,9,0.0,3.5,3,0,73,09:15 PM,09:33 AM,07:05 AM,04:48 PM,7,10,10,10,39,100,83,0.3,1010,9,10,209,28
2019-01-24 06:00:00,11,9,0.0,3.5,3,0,73,09:15 PM,09:33 AM,07:05 AM,04:48 PM,9,11,11,11,38,100,87,1.5,1008,10,8,202,30
2019-01-24 09:00:00,11,9,0.0,3.5,3,3,73,09:15 PM,09:33 AM,07:05 AM,04:48 PM,10,12,12,12,44,100,88,2.4,1003,11,8,198,27
2019-01-24 12:00:00,11,9,0.0,3.5,3,2,73,09:15 PM,09:33 AM,07:05 AM,04:48 PM,9,11,11,11,55,100,86,3.4,998,10,8,194,19
2019-01-24 15:00:00,11,9,0.0,3.5,3,2,73,09:15 PM,09:33 AM,07:05 AM,04:48 PM,8,10,10,10,58,100,82,10.1,994,10,6,194,20
2019-01-24 18:00:00,11,9,0.0,3.5,3,0,73,09:15 PM,09:33 AM,07:05 AM,04:48 PM,5,9,10,9,51,92,74,20.2,993,9,5,228,29
2019-01-24 21:00:00,11,9,0.0,3.5,3,0,73,09:15 PM,09:33 AM,07:05 AM,04:48 PM,1,3,7,3,36,58,67,15.8,999,6,7,277,26
2019-01-25 00:00:00,3,0,0.0,8.7,2,0,66,10:26 PM,10:04 AM,07:05 AM,04:49 PM,-2,-1,3,-1,35,16,69,0.0,1005,3,10,278,20
2019-01-25 03:00:00,3,0,0.0,8.7,2,0,66,10:26 PM,10:04 AM,07:05 AM,04:49 PM,-3,-3,2,-3,30,0,71,0.0,1006,1,10,281,19
2019-01-25 06:00:00,3,0,0.0,8.7,2,0,66,10:26 PM,10:04 AM,07:05 AM,04:49 PM,-4,-4,1,-4,24,2,70,0.0,1007,0,10,273,17
2019-01-25 09:00:00,3,0,0.0,8.7,2,2,66,10:26 PM,10:04 AM,07:05 AM,04:49 PM,-4,-3,2,-3,21,8,66,0.0,1009,1,10,260,16
2019-01-25 12:00:00,3,0,0.0,8.7,2,2,66,10:26 PM,10:04 AM,07:05 AM,04:49 PM,-5,-1,3,-1,20,12,55,0.0,1010,3,10,262,17
2019-01-25 15:00:00,3,0,0.0,8.7,2,1,66,10:26 PM,10:04 AM,07:05 AM,04:49 PM,-7,-1,3,-1,21,28,49,0.0,1012,3,10,258,20
2019-01-25 18:00:00,3,0,0.0,8.7,2,0,66,10:26 PM,10:04 AM,07:05 AM,04:49 PM,-9,-5,1,-5,26,51,50,0.0,1015,-0,10,269,21
2019-01-25 21:00:00,3,0,0.0,8.7,2,0,66,10:26 PM,10:04 AM,07:05 AM,04:49 PM,-13,-9,-3,-9,27,8,45,0.0,1021,-4,9,286,21
2019-01-26 00:00:00,-3,-8,0.0,8.7,2,0,59,11:35 PM,10:34 AM,07:04 AM,04:50 PM,-14,-10,-4,-10,19,1,45,0.0,1023,-5,10,293,19
2019-01-26 03:00:00,-3,-8,0.0,8.7,2,0,59,11:35 PM,10:34 AM,07:04 AM,04:50 PM,-16,-11,-5,-11,13,5,45,0.0,1023,-6,10,277,17
2019-01-26 06:00:00,-3,-8,0.0,8.7,2,0,59,11:35 PM,10:34 AM,07:04 AM,04:50 PM,-17,-13,-7,-13,10,10,44,0.0,1027,-8,10,258,13
2019-01-26 09:00:00,-3,-8,0.0,8.7,2,2,59,11:35 PM,10:34 AM,07:04 AM,04:50 PM,-16,-10,-5,-10,11,23,42,0.0,1027,-6,10,249,12
2019-01-26 12:00:00,-3,-8,0.0,8.7,2,2,59,11:35 PM,10:34 AM,07:04 AM,04:50 PM,-15,-7,-2,-7,12,34,38,0.0,1025,-3,10,247,13
2019-01-26 15:00:00,-3,-8,0.0,8.7,2,2,59,11:35 PM,10:34 AM,07:04 AM,04:50 PM,-13,-8,-3,-8,13,44,43,0.0,1026,-4,10,244,13
2019-01-26 18:00:00,-3,-8,0.0,8.7,2,0,59,11:35 PM,10:34 AM,07:04 AM,04:50 PM,-12,-8,-3,-8,11,50,50,0.0,1027,-4,10,247,13
2019-01-26 21:00:00,-3,-8,0.0,8.7,2,0,59,11:35 PM,10:34 AM,07:04 AM,04:50 PM,-12,-8,-3,-8,5,67,53,0.0,1028,-4,10,278,12
2019-01-27 00:00:00,6,-3,0.0,8.7,2,0,51,No moonrise,11:04 AM,07:03 AM,04:51 PM,-12,-8,-4,-8,3,69,54,0.0,1027,-5,10,248,9
2019-01-27 03:00:00,6,-3,0.0,8.7,2,0,51,No moonrise,11:04 AM,07:03 AM,04:51 PM,-9,-8,-3,-8,5,33,62,0.0,1027,-4,10,102,13
2019-01-27 06:00:00,6,-3,0.0,8.7,2,0,51,No moonrise,11:04 AM,07:03 AM,04:51 PM,-8,-7,-2,-7,10,23,64,0.0,1026,-3,10,139,12
2019-01-27 09:00:00,6,-3,0.0,8.7,2,2,51,No moonrise,11:04 AM,07:03 AM,04:51 PM,-7,-5,-1,-5,16,42,62,0.0,1025,-2,10,151,13
2019-01-27 12:00:00,6,-3,0.0,8.7,2,2,51,No moonrise,11:04 AM,07:03 AM,04:51 PM,-4,-0,4,-0,24,28,57,0.0,1021,3,10,164,17
2019-01-27 15:00:00,6,-3,0.0,8.7,2,2,51,No moonrise,11:04 AM,07:03 AM,04:51 PM,-3,2,6,2,27,15,55,0.0,1017,5,10,184,18
2019-01-27 18:00:00,6,-3,0.0,8.7,2,0,51,No moonrise,11:04 AM,07:03 AM,04:51 PM,-2,-1,3,-1,28,15,68,0.0,1017,1,10,199,18
2019-01-27 21:00:00,6,-3,0.0,8.7,2,0,51,No moonrise,11:04 AM,07:03 AM,04:51 PM,-2,-3,1,-3,30,23,65,0.0,1013,-3,10,210,19
2019-01-28 00:00:00,0,-3,0.0,5.3,2,0,44,12:42 AM,11:35 AM,07:02 AM,04:53 PM,-5,-5,-1,-5,25,35,62,0.0,1013,-4,10,250,17
2019-01-28 03:00:00,0,-3,0.0,5.3,2,0,44,12:42 AM,11:35 AM,07:02 AM,04:53 PM,-6,-4,1,-4,21,45,58,0.0,1015,1,10,313,20
2019-01-28 06:00:00,0,-3,0.0,5.3,2,0,44,12:42 AM,11:35 AM,07:02 AM,04:53 PM,-7,-6,-1,-6,19,94,63,0.0,1014,-2,10,324,19
2019-01-28 09:00:00,0,-3,0.0,5.3,2,1,44,12:42 AM,11:35 AM,07:02 AM,04:53 PM,-10,-7,-1,-7,17,93,54,0.0,1015,-2,10,334,22
2019-01-28 12:00:00,0,-3,0.0,5.3,2,2,44,12:42 AM,11:35 AM,07:02 AM,04:53 PM,-12,-5,0,-5,16,65,41,0.0,1015,-1,10,341,20
2019-01-28 15:00:00,0,-3,0.0,5.3,2,2,44,12:42 AM,11:35 AM,07:02 AM,04:53 PM,-13,-5,0,-5,14,17,36,0.0,1017,-1,10,240,17
2019-01-28 18:00:00,0,-3,0.0,5.3,2,0,44,12:42 AM,11:35 AM,07:02 AM,04:53 PM,-13,-7,-2,-7,11,37,43,0.0,1019,-3,10,31,13
2019-01-28 21:00:00,0,-3,0.0,5.3,2,0,44,12:42 AM,11:35 AM,07:02 AM,04:53 PM,-11,-7,-2,-7,12,16,53,0.0,1020,-3,10,47,14
2019-01-29 00:00:00,2,-2,0.2,3.6,1,0,37,01:47 AM,12:08 PM,07:01 AM,04:54 PM,-9,-7,-2,-7,14,39,59,0.0,1021,-3,10,53,13
2019-01-29 03:00:00,2,-2,0.2,3.6,1,0,37,01:47 AM,12:08 PM,07:01 AM,04:54 PM,-9,-8,-3,-8,17,94,63,0.0,1020,-4,10,67,13
2019-01-29 06:00:00,2,-2,0.2,3.6,1,0,37,01:47 AM,12:08 PM,07:01 AM,04:54 PM,-7,-7,-2,-7,14,100,69,0.0,1019,-3,10,78,15
2019-01-29 09:00:00,2,-2,0.2,3.6,1,1,37,01:47 AM,12:08 PM,07:01 AM,04:54 PM,-5,-6,-1,-6,11,100,70,0.0,1018,-2,10,99,19
2019-01-29 12:00:00,2,-2,0.2,3.6,1,1,37,01:47 AM,12:08 PM,07:01 AM,04:54 PM,-6,-6,-1,-6,13,100,69,0.0,1016,-2,10,120,17
2019-01-29 15:00:00,2,-2,0.2,3.6,1,1,37,01:47 AM,12:08 PM,07:01 AM,04:54 PM,-4,-4,1,-4,16,100,70,0.0,1014,0,10,119,17
2019-01-29 18:00:00,2,-2,0.2,3.6,1,0,37,01:47 AM,12:08 PM,07:01 AM,04:54 PM,-1,-1,3,-1,18,100,74,0.2,1011,2,7,121,20
2019-01-29 21:00:00,2,-2,0.2,3.6,1,0,37,01:47 AM,12:08 PM,07:01 AM,04:54 PM,1,-2,2,-2,20,100,77,0.9,1009,-2,4,126,21
2019-01-30 00:00:00,-1,-5,2.0,7.0,1,0,30,02:48 AM,12:45 PM,07:00 AM,04:55 PM,2,-3,-0,-3,22,100,80,1.9,1004,-2,8,137,22
2019-01-30 03:00:00,-1,-5,2.0,7.0,1,0,30,02:48 AM,12:45 PM,07:00 AM,04:55 PM,1,-1,4,-1,23,100,81,2.4,1001,3,8,178,24
2019-01-30 06:00:00,-1,-5,2.0,7.0,1,0,30,02:48 AM,12:45 PM,07:00 AM,04:55 PM,-4,-5,1,-5,23,96,71,2.0,1004,0,8,252,25
2019-01-30 09:00:00,-1,-5,2.0,7.0,1,2,30,02:48 AM,12:45 PM,07:00 AM,04:55 PM,-9,-8,-1,-8,28,60,55,1.5,1009,-2,7,280,31
2019-01-30 12:00:00,-1,-5,2.0,7.0,1,2,30,02:48 AM,12:45 PM,07:00 AM,04:55 PM,-14,-7,0,-7,23,2,34,0.0,1010,-1,10,274,32
2019-01-30 15:00:00,-1,-5,2.0,7.0,1,2,30,02:48 AM,12:45 PM,07:00 AM,04:55 PM,-17,-9,-1,-9,22,15,29,0.0,1008,-2,10,248,32
2019-01-30 18:00:00,-1,-5,2.0,7.0,1,0,30,02:48 AM,12:45 PM,07:00 AM,04:55 PM,-17,-11,-5,-11,30,64,34,0.1,1010,-6,7,243,31
2019-01-30 21:00:00,-1,-5,2.0,7.0,1,0,30,02:48 AM,12:45 PM,07:00 AM,04:55 PM,-18,-12,-7,-12,37,91,34,0.4,1015,-9,2,283,33
2019-01-31 00:00:00,-8,-13,0.0,8.7,1,0,26,03:48 AM,01:26 PM,06:59 AM,04:57 PM,-23,-18,-9,-18,36,75,30,0.6,1019,-10,6,282,31
2019-01-31 03:00:00,-8,-13,0.0,8.7,1,0,26,03:48 AM,01:26 PM,06:59 AM,04:57 PM,-24,-21,-11,-21,27,52,34,0.4,1021,-12,9,276,28
2019-01-31 06:00:00,-8,-13,0.0,8.7,1,0,26,03:48 AM,01:26 PM,06:59 AM,04:57 PM,-24,-22,-12,-22,26,3,36,0.0,1023,-13,10,269,26
2019-01-31 09:00:00,-8,-13,0.0,8.7,1,2,26,03:48 AM,01:26 PM,06:59 AM,04:57 PM,-23,-21,-11,-21,26,5,37,0.0,1023,-12,10,266,26
2019-01-31 12:00:00,-8,-13,0.0,8.7,1,2,26,03:48 AM,01:26 PM,06:59 AM,04:57 PM,-21,-17,-8,-17,22,5,37,0.0,1021,-9,10,265,26
2019-01-31 15:00:00,-8,-13,0.0,8.7,1,2,26,03:48 AM,01:26 PM,06:59 AM,04:57 PM,-20,-15,-7,-15,22,14,35,0.0,1020,-8,10,264,24
2019-01-31 18:00:00,-8,-13,0.0,8.7,1,0,26,03:48 AM,01:26 PM,06:59 AM,04:57 PM,-20,-17,-8,-17,23,26,39,0.0,1021,-9,10,260,21
2019-01-31 21:00:00,-8,-13,0.0,8.7,1,0,26,03:48 AM,01:26 PM,06:59 AM,04:57 PM,-20,-18,-9,-18,25,2,41,0.0,1022,-10,10,256,22
2019-02-01 00:00:00,-8,-14,0.0,8.7,2,0,8,04:42 AM,02:12 PM,06:58 AM,04:58 PM,-20,-19,-10,-19,27,1,44,0.0,1023,-11,10,263,22
2019-02-01 03:00:00,-8,-14,0.0,8.7,2,0,8,04:42 AM,02:12 PM,06:58 AM,04:58 PM,-20,-19,-11,-19,26,2,45,0.0,1027,-12,10,267,19
2019-02-01 06:00:00,-8,-14,0.0,8.7,2,0,8,04:42 AM,02:12 PM,06:58 AM,04:58 PM,-20,-18,-11,-18,24,4,46,0.0,1032,-12,10,266,17
2019-02-01 09:00:00,-8,-14,0.0,8.7,2,2,8,04:42 AM,02:12 PM,06:58 AM,04:58 PM,-22,-19,-11,-19,21,5,42,0.0,1027,-12,10,265,18
2019-02-01 12:00:00,-8,-14,0.0,8.7,2,2,8,04:42 AM,02:12 PM,06:58 AM,04:58 PM,-21,-15,-7,-15,17,15,33,0.0,1027,-8,10,266,20
2019-02-01 15:00:00,-8,-14,0.0,8.7,2,2,8,04:42 AM,02:12 PM,06:58 AM,04:58 PM,-21,-16,-8,-16,16,31,36,0.0,1025,-9,10,264,20
2019-02-01 18:00:00,-8,-14,0.0,8.7,2,0,8,04:42 AM,02:12 PM,06:58 AM,04:58 PM,-19,-15,-8,-15,17,27,42,0.0,1025,-9,10,265,19
2019-02-01 21:00:00,-8,-14,0.0,8.7,2,0,8,04:42 AM,02:12 PM,06:58 AM,04:58 PM,-18,-17,-9,-17,15,3,48,0.0,1026,-10,10,279,18
2019-02-02 00:00:00,0,-13,0.0,8.7,2,0,1,05:33 AM,03:03 PM,06:57 AM,04:59 PM,-18,-17,-10,-17,13,2,49,0.0,1026,-11,10,288,16
2019-02-02 03:00:00,0,-13,0.0,8.7,2,0,1,05:33 AM,03:03 PM,06:57 AM,04:59 PM,-18,-16,-9,-16,11,6,49,0.0,1026,-10,10,274,13
2019-02-02 06:00:00,0,-13,0.0,8.7,2,0,1,05:33 AM,03:03 PM,06:57 AM,04:59 PM,-18,-18,-11,-18,12,10,52,0.0,1027,-12,10,260,15
2019-02-02 09:00:00,0,-13,0.0,8.7,2,2,1,05:33 AM,03:03 PM,06:57 AM,04:59 PM,-18,-16,-9,-16,14,17,50,0.0,1025,-10,10,247,17
2019-02-02 12:00:00,0,-13,0.0,8.7,2,2,1,05:33 AM,03:03 PM,06:57 AM,04:59 PM,-15,-8,-2,-8,17,20,35,0.0,1019,-3,10,237,20
2019-02-02 15:00:00,0,-13,0.0,8.7,2,1,1,05:33 AM,03:03 PM,06:57 AM,04:59 PM,-13,-5,1,-5,23,38,34,0.0,1017,0,10,231,22
2019-02-02 18:00:00,0,-13,0.0,8.7,2,0,1,05:33 AM,03:03 PM,06:57 AM,04:59 PM,-12,-5,1,-5,28,65,38,0.0,1018,-0,10,234,19
2019-02-02 21:00:00,0,-13,0.0,8.7,2,0,1,05:33 AM,03:03 PM,06:57 AM,04:59 PM,-10,-6,-0,-6,27,70,49,0.0,1017,-1,10,242,20
2019-02-03 00:00:00,2,-2,0.0,8.7,2,0,0,06:17 AM,03:57 PM,06:56 AM,05:01 PM,-9,-6,-1,-6,19,66,57,0.0,1021,-2,10,257,14
2019-02-03 03:00:00,2,-2,0.0,8.7,2,0,0,06:17 AM,03:57 PM,06:56 AM,05:01 PM,-8,-6,-1,-6,10,49,62,0.0,1021,-2,10,283,14
2019-02-03 06:00:00,2,-2,0.0,8.7,2,0,0,06:17 AM,03:57 PM,06:56 AM,05:01 PM,-7,-6,-1,-6,5,30,66,0.0,1022,-2,10,325,13
2019-02-03 09:00:00,2,-2,0.0,8.7,2,2,0,06:17 AM,03:57 PM,06:56 AM,05:01 PM,-7,-4,0,-4,3,18,59,0.0,1023,-1,10,267,9
2019-02-03 12:00:00,2,-2,0.0,8.7,2,2,0,06:17 AM,03:57 PM,06:56 AM,05:01 PM,-6,-0,2,-0,3,21,54,0.0,1022,2,10,127,8
2019-02-03 15:00:00,2,-2,0.0,8.7,2,2,0,06:17 AM,03:57 PM,06:56 AM,05:01 PM,-4,1,3,1,8,28,58,0.0,1019,2,10,165,8
2019-02-03 18:00:00,2,-2,0.0,8.7,2,0,0,06:17 AM,03:57 PM,06:56 AM,05:01 PM,-3,-0,3,-0,15,24,64,0.0,1021,2,10,152,12
2019-02-03 21:00:00,2,-2,0.0,8.7,2,0,0,06:17 AM,03:57 PM,06:56 AM,05:01 PM,-3,-1,3,-1,19,28,69,0.0,1024,2,10,195,14
2019-02-04 00:00:00,11,4,0.0,8.7,3,0,0,06:56 AM,04:53 PM,06:55 AM,05:02 PM,-4,-2,2,-2,21,42,67,0.0,1025,1,10,203,12
2019-02-04 03:00:00,11,4,0.0,8.7,3,0,0,06:56 AM,04:53 PM,06:55 AM,05:02 PM,-2,-1,3,-1,21,29,70,0.0,1020,2,10,207,14
2019-02-04 06:00:00,11,4,0.0,8.7,3,0,0,06:56 AM,04:53 PM,06:55 AM,05:02 PM,0,1,4,1,23,29,75,0.0,1015,4,10,213,17
2019-02-04 09:00:00,11,4,0.0,8.7,3,3,0,06:56 AM,04:53 PM,06:55 AM,05:02 PM,1,4,6,4,21,29,72,0.0,1018,6,10,220,14
2019-02-04 12:00:00,11,4,0.0,8.7,3,3,0,06:56 AM,04:53 PM,06:55 AM,05:02 PM,2,10,10,10,17,30,61,0.0,1017,9,10,213,13
2019-02-04 15:00:00,11,4,0.0,8.7,3,4,0,06:56 AM,04:53 PM,06:55 AM,05:02 PM,3,11,11,11,17,19,60,0.0,1016,10,10,209,13
2019-02-04 18:00:00,11,4,0.0,8.7,3,0,0,06:56 AM,04:53 PM,06:55 AM,05:02 PM,3,7,9,7,19,10,64,0.0,1016,7,10,208,12
2019-02-04 21:00:00,11,4,0.0,8.7,3,0,0,06:56 AM,04:53 PM,06:55 AM,05:02 PM,2,3,6,3,19,9,66,0.0,1017,3,12,212,13
2019-02-05 00:00:00,14,6,0.0,7.1,4,0,0,07:30 AM,05:52 PM,06:54 AM,05:03 PM,3,1,4,1,19,7,77,0.0,1015,1,16,210,14
2019-02-05 03:00:00,14,6,0.0,7.1,4,0,0,07:30 AM,05:52 PM,06:54 AM,05:03 PM,2,3,6,3,22,19,76,0.0,1013,5,15,206,11
2019-02-05 06:00:00,14,6,0.0,7.1,4,0,0,07:30 AM,05:52 PM,06:54 AM,05:03 PM,3,3,6,3,24,27,79,0.0,1013,6,10,211,14
2019-02-05 09:00:00,14,6,0.0,7.1,4,2,0,07:30 AM,05:52 PM,06:54 AM,05:03 PM,3,7,9,7,23,52,70,0.0,1014,8,10,219,16
2019-02-05 12:00:00,14,6,0.0,7.1,4,4,0,07:30 AM,05:52 PM,06:54 AM,05:03 PM,4,13,13,13,21,76,56,0.0,1013,12,10,235,16
2019-02-05 15:00:00,14,6,0.0,7.1,4,4,0,07:30 AM,05:52 PM,06:54 AM,05:03 PM,4,14,14,14,18,30,53,0.0,1012,13,10,257,16
2019-02-05 18:00:00,14,6,0.0,7.1,4,0,0,07:30 AM,05:52 PM,06:54 AM,05:03 PM,1,9,10,9,23,24,56,0.0,1013,9,10,278,17
2019-02-05 21:00:00,14,6,0.0,7.1,4,0,0,07:30 AM,05:52 PM,06:54 AM,05:03 PM,-2,2,6,2,23,4,58,0.0,1016,5,10,298,18
2019-02-06 00:00:00,4,-1,0.0,8.7,2,0,7,08:00 AM,06:50 PM,06:52 AM,05:05 PM,-4,-1,3,-1,21,5,58,0.0,1018,3,10,326,19
2019-02-06 03:00:00,4,-1,0.0,8.7,2,0,7,08:00 AM,06:50 PM,06:52 AM,05:05 PM,-5,-2,3,-2,22,7,56,0.0,1020,2,10,328,21
2019-02-06 06:00:00,4,-1,0.0,8.7,2,0,7,08:00 AM,06:50 PM,06:52 AM,05:05 PM,-6,-5,-0,-5,14,6,65,0.0,1018,-1,10,343,19
2019-02-06 09:00:00,4,-1,0.0,8.7,2,2,7,08:00 AM,06:50 PM,06:52 AM,05:05 PM,-7,-5,0,-5,9,11,59,0.0,1022,-1,10,251,15
2019-02-06 12:00:00,4,-1,0.0,8.7,2,2,7,08:00 AM,06:50 PM,06:52 AM,05:05 PM,-8,-1,3,-1,8,19,45,0.0,1024,2,10,52,12
2019-02-06 15:00:00,4,-1,0.0,8.7,2,2,7,08:00 AM,06:50 PM,06:52 AM,05:05 PM,-5,1,5,1,10,12,49,0.0,1022,4,10,83,14
2019-02-06 18:00:00,4,-1,0.0,8.7,2,0,7,08:00 AM,06:50 PM,06:52 AM,05:05 PM,0,2,5,2,12,27,70,0.0,1024,4,10,88,13
2019-02-06 21:00:00,4,-1,0.0,8.7,2,0,7,08:00 AM,06:50 PM,06:52 AM,05:05 PM,-1,-1,3,-1,11,67,71,0.1,1025,2,7,105,13
2019-02-07 00:00:00,2,1,1.1,4.0,1,0,14,08:28 AM,07:49 PM,06:51 AM,05:06 PM,-4,-3,1,-3,9,100,66,1.3,1025,1,4,117,12
2019-02-07 03:00:00,2,1,1.1,4.0,1,0,14,08:28 AM,07:49 PM,06:51 AM,05:06 PM,-6,-4,-0,-4,12,100,66,3.9,1024,-1,8,113,11
2019-02-07 06:00:00,2,1,1.1,4.0,1,0,14,08:28 AM,07:49 PM,06:51 AM,05:06 PM,1,0,3,0,15,100,85,5.5,1021,3,6,110,12
2019-02-07 09:00:00,2,1,1.1,4.0,1,1,14,08:28 AM,07:49 PM,06:51 AM,05:06 PM,2,0,4,0,14,100,86,5.2,1022,4,4,101,15
2019-02-07 12:00:00,2,1,1.1,4.0,1,1,14,08:28 AM,07:49 PM,06:51 AM,05:06 PM,2,1,5,1,14,100,83,0.5,1021,4,2,87,16
2019-02-07 15:00:00,2,1,1.1,4.0,1,1,14,08:28 AM,07:49 PM,06:51 AM,05:06 PM,2,1,5,1,17,100,81,0.4,1021,4,1,71,15
2019-02-07 18:00:00,2,1,1.1,4.0,1,0,14,08:28 AM,07:49 PM,06:51 AM,05:06 PM,2,2,5,2,18,100,81,0.1,1021,4,3,59,14
2019-02-07 21:00:00,2,1,1.1,4.0,1,0,14,08:28 AM,07:49 PM,06:51 AM,05:06 PM,2,1,5,1,20,100,82,0.1,1019,4,7,59,14
2019-02-08 00:00:00,13,5,0.0,4.0,3,0,22,08:54 AM,08:48 PM,06:50 AM,05:07 PM,3,2,5,2,18,100,86,0.1,1016,5,1,68,10
2019-02-08 03:00:00,13,5,0.0,4.0,3,0,22,08:54 AM,08:48 PM,06:50 AM,05:07 PM,4,3,6,3,14,100,88,0.8,1012,5,3,118,13
2019-02-08 06:00:00,13,5,0.0,4.0,3,0,22,08:54 AM,08:48 PM,06:50 AM,05:07 PM,5,3,6,3,7,100,88,2.4,1011,6,8,199,13
2019-02-08 09:00:00,13,5,0.0,4.0,3,2,22,08:54 AM,08:48 PM,06:50 AM,05:07 PM,7,6,8,6,18,97,89,1.8,1010,7,5,232,17
2019-02-08 12:00:00,13,5,0.0,4.0,3,2,22,08:54 AM,08:48 PM,06:50 AM,05:07 PM,7,10,10,10,34,91,80,0.7,1009,9,4,210,25
2019-02-08 15:00:00,13,5,0.0,4.0,3,3,22,08:54 AM,08:48 PM,06:50 AM,05:07 PM,1,6,8,6,37,64,62,0.9,1009,7,9,235,32
2019-02-08 18:00:00,13,5,0.0,4.0,3,0,22,08:54 AM,08:48 PM,06:50 AM,05:07 PM,-6,-1,5,-1,33,13,46,0.0,1013,4,10,260,36
2019-02-08 21:00:00,13,5,0.0,4.0,3,0,22,08:54 AM,08:48 PM,06:50 AM,05:07 PM,-8,-4,2,-4,32,23,48,0.0,1017,1,13,278,32
2019-02-09 00:00:00,-2,-6,0.0,8.7,2,0,29,09:19 AM,09:48 PM,06:49 AM,05:09 PM,-7,-4,1,-4,36,6,56,0.0,1019,0,20,276,23
2019-02-09 03:00:00,-2,-6,0.0,8.7,2,0,29,09:19 AM,09:48 PM,06:49 AM,05:09 PM,-12,-9,-2,-9,35,15,47,0.0,1022,-3,20,271,24
2019-02-09 06:00:00,-2,-6,0.0,8.7,2,0,29,09:19 AM,09:48 PM,06:49 AM,05:09 PM,-16,-13,-5,-13,37,25,39,0.0,1025,-6,20,275,28
2019-02-09 09:00:00,-2,-6,0.0,8.7,2,2,29,09:19 AM,09:48 PM,06:49 AM,05:09 PM,-17,-12,-4,-12,37,31,36,0.0,1027,-5,20,282,27
2019-02-09 12:00:00,-2,-6,0.0,8.7,2,2,29,09:19 AM,09:48 PM,06:49 AM,05:09 PM,-16,-9,-2,-9,35,14,34,0.0,1029,-3,20,289,26
2019-02-09 15:00:00,-2,-6,0.0,8.7,2,2,29,09:19 AM,09:48 PM,06:49 AM,05:09 PM,-16,-7,-1,-7,33,8,31,0.0,1030,-2,20,297,25
2019-02-09 18:00:00,-2,-6,0.0,8.7,2,0,29,09:19 AM,09:48 PM,06:49 AM,05:09 PM,-17,-9,-2,-9,26,0,32,0.0,1032,-3,20,306,23
2019-02-09 21:00:00,-2,-6,0.0,8.7,2,0,29,09:19 AM,09:48 PM,06:49 AM,05:09 PM,-17,-11,-4,-11,22,0,34,0.0,1033,-5,20,304,22
2019-02-10 00:00:00,1,-5,0.0,8.7,2,0,37,09:45 AM,10:49 PM,06:48 AM,05:10 PM,-18,-13,-6,-13,18,5,37,0.0,1033,-7,20,296,20
2019-02-10 03:00:00,1,-5,0.0,8.7,2,0,37,09:45 AM,10:49 PM,06:48 AM,05:10 PM,-18,-14,-7,-14,20,8,39,0.0,1035,-8,10,287,20
2019-02-10 06:00:00,1,-5,0.0,8.7,2,0,37,09:45 AM,10:49 PM,06:48 AM,05:10 PM,-17,-13,-7,-13,18,6,43,0.0,1035,-8,10,286,17
2019-02-10 09:00:00,1,-5,0.0,8.7,2,2,37,09:45 AM,10:49 PM,06:48 AM,05:10 PM,-14,-9,-3,-9,18,6,42,0.0,1035,-4,10,282,17
2019-02-10 12:00:00,1,-5,0.0,8.7,2,2,37,09:45 AM,10:49 PM,06:48 AM,05:10 PM,-15,-6,0,-6,17,8,32,0.0,1033,-1,13,282,20
2019-02-10 15:00:00,1,-5,0.0,8.7,2,2,37,09:45 AM,10:49 PM,06:48 AM,05:10 PM,-14,-3,2,-3,17,16,31,0.0,1031,1,20,280,20
2019-02-10 18:00:00,1,-5,0.0,8.7,2,0,37,09:45 AM,10:49 PM,06:48 AM,05:10 PM,-13,-4,1,-4,18,26,36,0.0,1030,-0,20,280,17
2019-02-10 21:00:00,1,-5,0.0,8.7,2,0,37,09:45 AM,10:49 PM,06:48 AM,05:10 PM,-12,-5,-0,-5,17,46,43,0.0,1029,-1,17,284,16
2019-02-11 00:00:00,2,-3,0.0,7.1,1,0,44,10:12 AM,11:52 PM,06:46 AM,05:11 PM,-11,-6,-1,-6,13,88,47,0.0,1028,-2,10,291,15
2019-02-11 03:00:00,2,-3,0.0,7.1,1,0,44,10:12 AM,11:52 PM,06:46 AM,05:11 PM,-11,-6,-2,-6,10,97,51,0.0,1027,-3,10,318,14
2019-02-11 06:00:00,2,-3,0.0,7.1,1,0,44,10:12 AM,11:52 PM,06:46 AM,05:11 PM,-11,-8,-3,-8,10,92,55,0.0,1027,-4,10,342,13
2019-02-11 09:00:00,2,-3,0.0,7.1,1,2,44,10:12 AM,11:52 PM,06:46 AM,05:11 PM,-11,-6,-1,-6,12,83,49,0.0,1027,-2,10,339,14
2019-02-11 12:00:00,2,-3,0.0,7.1,1,2,44,10:12 AM,11:52 PM,06:46 AM,05:11 PM,-12,-4,1,-4,12,47,37,0.0,1027,0,13,335,15
2019-02-11 15:00:00,2,-3,0.0,7.1,1,2,44,10:12 AM,11:52 PM,06:46 AM,05:11 PM,-9,-1,3,-1,14,23,44,0.0,1026,2,20,336,15
2019-02-11 18:00:00,2,-3,0.0,7.1,1,0,44,10:12 AM,11:52 PM,06:46 AM,05:11 PM,-8,-2,2,-2,17,17,50,0.0,1025,1,20,332,14
2019-02-11 21:00:00,2,-3,0.0,7.1,1,0,44,10:12 AM,11:52 PM,06:46 AM,05:11 PM,-11,-3,1,-3,22,52,49,0.0,1028,-1,17,334,14
2019-02-12 00:00:00,-2,-6,6.0,4.0,1,0,52,10:42 AM,No moonset,06:45 AM,05:13 PM,-18,-5,-1,-5,20,93,34,0.0,1032,-3,10,341,14
2019-02-12 03:00:00,-2,-6,6.0,4.0,1,0,52,10:42 AM,No moonset,06:45 AM,05:13 PM,-17,-11,-5,-11,14,69,37,0.0,1032,-6,10,239,14
2019-02-12 06:00:00,-2,-6,6.0,4.0,1,0,52,10:42 AM,No moonset,06:45 AM,05:13 PM,-15,-11,-6,-11,13,34,47,0.0,1032,-7,10,23,14
2019-02-12 09:00:00,-2,-6,6.0,4.0,1,1,52,10:42 AM,No moonset,06:45 AM,05:13 PM,-13,-10,-4,-10,16,90,53,0.0,1032,-5,10,46,14
2019-02-12 12:00:00,-2,-6,6.0,4.0,1,1,52,10:42 AM,No moonset,06:45 AM,05:13 PM,-9,-9,-3,-9,14,100,60,0.0,1030,-4,10,69,18
2019-02-12 15:00:00,-2,-6,6.0,4.0,1,1,52,10:42 AM,No moonset,06:45 AM,05:13 PM,-6,-8,-2,-8,15,100,68,1.4,1027,-3,10,83,21
2019-02-12 18:00:00,-2,-6,6.0,4.0,1,0,52,10:42 AM,No moonset,06:45 AM,05:13 PM,-3,-7,-2,-7,21,100,77,5.6,1024,-3,8,91,24
2019-02-12 21:00:00,-2,-6,6.0,4.0,1,0,52,10:42 AM,No moonset,06:45 AM,05:13 PM,-2,-8,-5,-8,27,100,80,7.4,1019,-8,4,105,29
2019-02-13 00:00:00,6,3,0.5,5.6,1,0,60,11:18 AM,12:56 AM,06:44 AM,05:14 PM,-0,-8,-5,-8,32,100,82,7.2,1011,-7,6,100,29
2019-02-13 03:00:00,6,3,0.5,5.6,1,0,60,11:18 AM,12:56 AM,06:44 AM,05:14 PM,1,-1,4,-1,26,100,83,10.1,1002,3,5,65,23
2019-02-13 06:00:00,6,3,0.5,5.6,1,0,60,11:18 AM,12:56 AM,06:44 AM,05:14 PM,2,0,4,0,12,100,84,11.1,998,3,5,104,18
2019-02-13 09:00:00,6,3,0.5,5.6,1,1,60,11:18 AM,12:56 AM,06:44 AM,05:14 PM,2,1,5,1,19,97,82,9.1,996,4,6,273,18
2019-02-13 12:00:00,6,3,0.5,5.6,1,2,60,11:18 AM,12:56 AM,06:44 AM,05:14 PM,0,2,6,2,28,63,67,0.0,997,6,10,248,23
2019-02-13 15:00:00,6,3,0.5,5.6,1,2,60,11:18 AM,12:56 AM,06:44 AM,05:14 PM,-4,2,6,2,28,22,48,0.0,1000,6,11,263,27
2019-02-13 18:00:00,6,3,0.5,5.6,1,0,60,11:18 AM,12:56 AM,06:44 AM,05:14 PM,-6,0,4,0,22,55,48,0.2,1003,4,16,261,22
2019-02-13 21:00:00,6,3,0.5,5.6,1,0,60,11:18 AM,12:56 AM,06:44 AM,05:14 PM,-7,-3,2,-3,24,74,54,0.4,1005,2,13,261,23
2019-02-14 00:00:00,4,-2,0.4,7.1,1,0,67,11:59 AM,02:03 AM,06:42 AM,05:15 PM,-6,-5,0,-5,25,92,60,0.5,1007,-1,7,269,24
2019-02-14 03:00:00,4,-2,0.4,7.1,1,0,67,11:59 AM,02:03 AM,06:42 AM,05:15 PM,-7,-7,-1,-7,31,59,63,0.3,1008,-2,8,259,22
2019-02-14 06:00:00,4,-2,0.4,7.1,1,0,67,11:59 AM,02:03 AM,06:42 AM,05:15 PM,-7,-7,-1,-7,33,23,63,0.0,1013,-2,10,262,22
2019-02-14 09:00:00,4,-2,0.4,7.1,1,1,67,11:59 AM,02:03 AM,06:42 AM,05:15 PM,-7,-5,0,-5,33,44,57,0.0,1013,-1,13,270,22
2019-02-14 12:00:00,4,-2,0.4,7.1,1,2,67,11:59 AM,02:03 AM,06:42 AM,05:15 PM,-6,-1,4,-1,27,63,50,0.0,1011,3,17,282,21
2019-02-14 15:00:00,4,-2,0.4,7.1,1,2,67,11:59 AM,02:03 AM,06:42 AM,05:15 PM,-5,1,5,1,21,8,52,0.0,1011,4,13,278,18
2019-02-14 18:00:00,4,-2,0.4,7.1,1,0,67,11:59 AM,02:03 AM,06:42 AM,05:15 PM,-4,-0,4,-0,13,10,60,0.0,1013,3,20,259,15
2019-02-14 21:00:00,4,-2,0.4,7.1,1,0,67,11:59 AM,02:03 AM,06:42 AM,05:15 PM,-4,-2,2,-2,11,23,62,0.0,1016,2,17,222,15
2019-02-15 00:00:00,10,4,0.0,4.0,2,0,75,12:50 PM,03:09 AM,06:41 AM,05:16 PM,-6,-3,1,-3,10,56,60,0.0,1019,1,10,179,15
2019-02-15 03:00:00,10,4,0.0,4.0,2,0,75,12:50 PM,03:09 AM,06:41 AM,05:16 PM,-3,-1,2,-1,14,62,68,0.0,1016,2,10,153,15
2019-02-15 06:00:00,10,4,0.0,4.0,2,0,75,12:50 PM,03:09 AM,06:41 AM,05:16 PM,0,0,4,0,23,59,75,0.0,1014,3,10,149,15
2019-02-15 09:00:00,10,4,0.0,4.0,2,2,75,12:50 PM,03:09 AM,06:41 AM,05:16 PM,2,3,6,3,29,77,77,0.0,1010,5,12,148,17
2019-02-15 12:00:00,10,4,0.0,4.0,2,2,75,12:50 PM,03:09 AM,06:41 AM,05:16 PM,4,6,9,6,28,72,73,0.1,1008,8,13,167,25
2019-02-15 15:00:00,10,4,0.0,4.0,2,2,75,12:50 PM,03:09 AM,06:41 AM,05:16 PM,6,11,11,11,31,89,73,0.3,1005,10,9,193,28
2019-02-15 18:00:00,10,4,0.0,4.0,2,0,75,12:50 PM,03:09 AM,06:41 AM,05:16 PM,5,10,10,10,32,100,71,0.1,1004,9,10,206,22
2019-02-15 21:00:00,10,4,0.0,4.0,2,0,75,12:50 PM,03:09 AM,06:41 AM,05:16 PM,6,10,10,10,30,92,78,0.2,1004,9,7,212,20
2019-02-16 00:00:00,4,0,0.0,8.7,1,0,82,01:50 PM,04:13 AM,06:39 AM,05:18 PM,3,7,8,7,24,69,74,0.2,1005,7,3,245,15
2019-02-16 03:00:00,4,0,0.0,8.7,1,0,82,01:50 PM,04:13 AM,06:39 AM,05:18 PM,-1,2,5,2,23,56,67,0.1,1006,4,7,303,15
2019-02-16 06:00:00,4,0,0.0,8.7,1,0,82,01:50 PM,04:13 AM,06:39 AM,05:18 PM,-4,-2,2,-2,20,53,63,0.0,1008,2,13,299,17
2019-02-16 09:00:00,4,0,0.0,8.7,1,2,82,01:50 PM,04:13 AM,06:39 AM,05:18 PM,-4,-2,2,-2,19,27,64,0.0,1010,1,16,297,17
2019-02-16 12:00:00,4,0,0.0,8.7,1,2,82,01:50 PM,04:13 AM,06:39 AM,05:18 PM,-4,0,4,0,16,5,57,0.0,1009,4,13,294,17
2019-02-16 15:00:00,4,0,0.0,8.7,1,2,82,01:50 PM,04:13 AM,06:39 AM,05:18 PM,-6,1,5,1,17,2,47,0.0,1010,4,20,299,19
2019-02-16 18:00:00,4,0,0.0,8.7,1,0,82,01:50 PM,04:13 AM,06:39 AM,05:18 PM,-3,1,5,1,19,5,58,0.0,1010,4,20,309,18
2019-02-16 21:00:00,4,0,0.0,8.7,1,0,82,01:50 PM,04:13 AM,06:39 AM,05:18 PM,-4,-1,3,-1,22,10,59,0.0,1010,3,17,321,20
2019-02-17 00:00:00,2,-3,0.0,8.7,2,0,90,02:59 PM,05:12 AM,06:38 AM,05:19 PM,-6,-4,1,-4,25,8,60,0.0,1011,1,10,328,20
2019-02-17 03:00:00,2,-3,0.0,8.7,2,0,90,02:59 PM,05:12 AM,06:38 AM,05:19 PM,-8,-7,-1,-7,19,2,60,0.0,1013,-2,10,331,19
2019-02-17 06:00:00,2,-3,0.0,8.7,2,0,90,02:59 PM,05:12 AM,06:38 AM,05:19 PM,-10,-10,-3,-10,14,0,57,0.0,1009,-4,10,328,19
2019-02-17 09:00:00,2,-3,0.0,8.7,2,2,90,02:59 PM,05:12 AM,06:38 AM,05:19 PM,-10,-8,-2,-8,13,0,52,0.0,1002,-3,13,328,20
2019-02-17 12:00:00,2,-3,0.0,8.7,2,2,90,02:59 PM,05:12 AM,06:38 AM,05:19 PM,-11,-4,0,-4,9,3,42,0.0,1016,-1,20,227,13
2019-02-17 15:00:00,2,-3,0.0,8.7,2,2,90,02:59 PM,05:12 AM,06:38 AM,05:19 PM,-10,-1,3,-1,4,8,39,0.0,1015,2,20,44,15
2019-02-17 18:00:00,2,-3,0.0,8.7,2,0,90,02:59 PM,05:12 AM,06:38 AM,05:19 PM,-9,-3,1,-3,5,11,45,0.0,1012,1,20,129,18
2019-02-17 21:00:00,2,-3,0.0,8.7,2,0,90,02:59 PM,05:12 AM,06:38 AM,05:19 PM,-10,-6,-0,-6,12,27,49,0.0,1009,-1,17,141,21
2019-02-18 00:00:00,1,-1,14.5,4.1,1,0,97,04:14 PM,06:03 AM,06:37 AM,05:20 PM,-8,-5,-1,-5,12,64,56,0.1,1015,-2,8,173,11
2019-02-18 03:00:00,1,-1,14.5,4.1,1,0,97,04:14 PM,06:03 AM,06:37 AM,05:20 PM,-6,-4,-1,-4,10,100,67,1.3,1015,-2,4,160,10
2019-02-18 06:00:00,1,-1,14.5,4.1,1,0,97,04:14 PM,06:03 AM,06:37 AM,05:20 PM,-5,-5,-1,-5,8,100,74,4.5,1014,-2,2,106,15
2019-02-18 09:00:00,1,-1,14.5,4.1,1,1,97,04:14 PM,06:03 AM,06:37 AM,05:20 PM,-3,-4,0,-4,11,100,79,5.3,1011,-1,2,76,17
2019-02-18 12:00:00,1,-1,14.5,4.1,1,1,97,04:14 PM,06:03 AM,06:37 AM,05:20 PM,-5,-4,1,-4,12,100,67,2.5,1010,0,2,57,20
2019-02-18 15:00:00,1,-1,14.5,4.1,1,1,97,04:14 PM,06:03 AM,06:37 AM,05:20 PM,-12,-4,1,-4,12,100,38,2.4,1015,1,2,139,21
2019-02-18 18:00:00,1,-1,14.5,4.1,1,0,97,04:14 PM,06:03 AM,06:37 AM,05:20 PM,-11,-4,1,-4,20,99,41,1.0,1017,0,5,336,17
2019-02-18 21:00:00,1,-1,14.5,4.1,1,0,97,04:14 PM,06:03 AM,06:37 AM,05:20 PM,-11,-7,-1,-7,23,65,45,0.5,1017,-2,11,318,20
2019-02-19 00:00:00,0,-8,0.0,8.7,2,0,100,05:32 PM,06:47 AM,06:35 AM,05:22 PM,-13,-9,-3,-9,31,3,48,0.0,1021,-4,10,316,17
2019-02-19 03:00:00,0,-8,0.0,8.7,2,0,100,05:32 PM,06:47 AM,06:35 AM,05:22 PM,-13,-12,-6,-12,28,0,54,0.0,1026,-7,10,315,16
2019-02-19 06:00:00,0,-8,0.0,8.7,2,0,100,05:32 PM,06:47 AM,06:35 AM,05:22 PM,-13,-12,-6,-12,27,0,56,0.0,1027,-7,10,314,15
2019-02-19 09:00:00,0,-8,0.0,8.7,2,2,100,05:32 PM,06:47 AM,06:35 AM,05:22 PM,-14,-11,-5,-11,24,0,49,0.0,1029,-6,10,317,13
2019-02-19 12:00:00,0,-8,0.0,8.7,2,2,100,05:32 PM,06:47 AM,06:35 AM,05:22 PM,-12,-6,-1,-6,20,1,43,0.0,1028,-2,10,318,12
2019-02-19 15:00:00,0,-8,0.0,8.7,2,2,100,05:32 PM,06:47 AM,06:35 AM,05:22 PM,-14,-4,1,-4,18,3,30,0.0,1028,-0,10,315,13
2019-02-19 18:00:00,0,-8,0.0,8.7,2,0,100,05:32 PM,06:47 AM,06:35 AM,05:22 PM,-15,-7,-1,-7,14,2,34,0.0,1030,-2,10,312,15
2019-02-19 21:00:00,0,-8,0.0,8.7,2,0,100,05:32 PM,06:47 AM,06:35 AM,05:22 PM,-15,-12,-5,-12,13,7,44,0.0,1034,-6,10,306,15
2019-02-20 00:00:00,1,-10,0.1,5.6,2,0,88,06:48 PM,07:26 AM,06:34 AM,05:23 PM,-16,-15,-8,-15,14,22,51,0.0,1035,-9,10,298,14
2019-02-20 03:00:00,1,-10,0.1,5.6,2,0,88,06:48 PM,07:26 AM,06:34 AM,05:23 PM,-17,-14,-8,-14,11,57,50,0.0,1036,-9,10,299,12
2019-02-20 06:00:00,1,-10,0.1,5.6,2,0,88,06:48 PM,07:26 AM,06:34 AM,05:23 PM,-17,-14,-8,-14,10,100,50,0.0,1036,-9,10,287,11
2019-02-20 09:00:00,1,-10,0.1,5.6,2,2,88,06:48 PM,07:26 AM,06:34 AM,05:23 PM,-15,-11,-6,-11,8,72,49,0.0,1035,-7,10,277,10
2019-02-20 12:00:00,1,-10,0.1,5.6,2,1,88,06:48 PM,07:26 AM,06:34 AM,05:23 PM,-11,-5,-1,-5,6,44,50,0.0,1030,-2,10,267,10
2019-02-20 15:00:00,1,-10,0.1,5.6,2,2,88,06:48 PM,07:26 AM,06:34 AM,05:23 PM,-7,-2,1,-2,10,85,54,0.0,1023,1,10,217,13
2019-02-20 18:00:00,1,-10,0.1,5.6,2,0,88,06:48 PM,07:26 AM,06:34 AM,05:23 PM,-10,-4,-0,-4,14,63,48,0.0,1031,-1,10,202,8
2019-02-20 21:00:00,1,-10,0.1,5.6,2,0,88,06:48 PM,07:26 AM,06:34 AM,05:23 PM,-8,-5,-1,-5,12,84,60,0.1,1029,-2,8,179,12
2019-02-21 00:00:00,8,-3,0.2,5.6,2,0,80,08:04 PM,08:00 AM,06:32 AM,05:24 PM,-6,-6,-1,-6,14,100,70,0.2,1027,-2,6,162,13
2019-02-21 03:00:00,8,-3,0.2,5.6,2,0,80,08:04 PM,08:00 AM,06:32 AM,05:24 PM,-6,-7,-2,-7,18,100,73,0.9,1022,-3,6,150,14
2019-02-21 06:00:00,8,-3,0.2,5.6,2,0,80,08:04 PM,08:00 AM,06:32 AM,05:24 PM,-3,-4,0,-4,15,100,78,2.9,1014,-1,4,135,15
2019-02-21 09:00:00,8,-3,0.2,5.6,2,1,80,08:04 PM,08:00 AM,06:32 AM,05:24 PM,0,0,3,0,5,97,79,2.4,1009,3,5,153,12
2019-02-21 12:00:00,8,-3,0.2,5.6,2,3,80,08:04 PM,08:00 AM,06:32 AM,05:24 PM,1,5,7,5,14,67,65,0.1,1009,6,5,268,13
2019-02-21 15:00:00,8,-3,0.2,5.6,2,3,80,08:04 PM,08:00 AM,06:32 AM,05:24 PM,-1,7,8,7,24,18,54,0.0,1010,8,10,274,19
2019-02-21 18:00:00,8,-3,0.2,5.6,2,0,80,08:04 PM,08:00 AM,06:32 AM,05:24 PM,-2,2,6,2,24,11,54,0.0,1012,6,10,276,21
2019-02-21 21:00:00,8,-3,0.2,5.6,2,0,80,08:04 PM,08:00 AM,06:32 AM,05:24 PM,-3,0,4,0,24,7,58,0.0,1016,4,10,277,20
2019-02-22 00:00:00,4,-1,0.0,8.7,1,0,73,09:17 PM,08:32 AM,06:31 AM,05:25 PM,-4,-2,3,-2,24,38,62,0.0,1018,2,10,277,19
2019-02-22 03:00:00,4,-1,0.0,8.7,1,0,73,09:17 PM,08:32 AM,06:31 AM,05:25 PM,-4,-3,2,-3,22,67,65,0.0,1020,1,10,281,18
2019-02-22 06:00:00,4,-1,0.0,8.7,1,0,73,09:17 PM,08:32 AM,06:31 AM,05:25 PM,-5,-3,2,-3,20,20,61,0.0,1023,1,10,288,16
2019-02-22 09:00:00,4,-1,0.0,8.7,1,2,73,09:17 PM,08:32 AM,06:31 AM,05:25 PM,-5,-1,3,-1,22,23,55,0.0,1025,2,10,301,15
2019-02-22 12:00:00,4,-1,0.0,8.7,1,2,73,09:17 PM,08:32 AM,06:31 AM,05:25 PM,-5,0,4,0,21,37,55,0.0,1025,3,10,316,13
2019-02-22 15:00:00,4,-1,0.0,8.7,1,2,73,09:17 PM,08:32 AM,06:31 AM,05:25 PM,-5,2,5,2,14,4,52,0.0,1026,4,10,322,13
2019-02-22 18:00:00,4,-1,0.0,8.7,1,0,73,09:17 PM,08:32 AM,06:31 AM,05:25 PM,-4,0,3,0,14,14,57,0.0,1028,3,10,322,11
2019-02-22 21:00:00,4,-1,0.0,8.7,1,0,73,09:17 PM,08:32 AM,06:31 AM,05:25 PM,-6,-3,1,-3,15,13,62,0.0,1030,1,13,325,13
2019-02-23 00:00:00,4,-3,0.0,8.7,2,0,65,10:27 PM,09:03 AM,06:29 AM,05:27 PM,-8,-5,-1,-5,14,0,61,0.0,1032,-2,20,328,12
2019-02-23 03:00:00,4,-3,0.0,8.7,2,0,65,10:27 PM,09:03 AM,06:29 AM,05:27 PM,-9,-6,-2,-6,15,2,59,0.0,1033,-3,20,336,11
2019-02-23 06:00:00,4,-3,0.0,8.7,2,0,65,10:27 PM,09:03 AM,06:29 AM,05:27 PM,-8,-6,-2,-6,9,4,62,0.0,1033,-3,20,335,8
2019-02-23 09:00:00,4,-3,0.0,8.7,2,2,65,10:27 PM,09:03 AM,06:29 AM,05:27 PM,-7,-4,-0,-4,7,1,62,0.0,1029,-1,20,331,8
2019-02-23 12:00:00,4,-3,0.0,8.7,2,2,65,10:27 PM,09:03 AM,06:29 AM,05:27 PM,-5,0,4,0,4,4,51,0.0,1024,3,20,293,12
2019-02-23 15:00:00,4,-3,0.0,8.7,2,2,65,10:27 PM,09:03 AM,06:29 AM,05:27 PM,-3,2,5,2,4,5,53,0.0,1027,4,20,213,12
2019-02-23 18:00:00,4,-3,0.0,8.7,2,0,65,10:27 PM,09:03 AM,06:29 AM,05:27 PM,-2,1,4,1,6,5,63,0.0,1026,3,20,173,13
2019-02-23 21:00:00,4,-3,0.0,8.7,2,0,65,10:27 PM,09:03 AM,06:29 AM,05:27 PM,-2,-2,2,-2,10,34,70,0.0,1027,1,20,174,15
2019-02-24 00:00:00,9,1,0.0,4.1,3,0,57,11:35 PM,09:34 AM,06:28 AM,05:28 PM,-2,-2,2,-2,9,65,73,0.0,1025,2,20,173,16
2019-02-24 03:00:00,9,1,0.0,4.1,3,0,57,11:35 PM,09:34 AM,06:28 AM,05:28 PM,-1,-1,3,-1,13,43,76,0.0,1022,2,10,132,12
2019-02-24 06:00:00,9,1,0.0,4.1,3,0,57,11:35 PM,09:34 AM,06:28 AM,05:28 PM,-2,-2,2,-2,20,100,76,0.2,1020,2,7,120,14
2019-02-24 09:00:00,9,1,0.0,4.1,3,1,57,11:35 PM,09:34 AM,06:28 AM,05:28 PM,0,0,4,0,28,100,77,1.2,1016,3,4,123,18
2019-02-24 12:00:00,9,1,0.0,4.1,3,2,57,11:35 PM,09:34 AM,06:28 AM,05:28 PM,4,3,7,3,35,100,79,3.4,1009,6,7,126,22
2019-02-24 15:00:00,9,1,0.0,4.1,3,2,57,11:35 PM,09:34 AM,06:28 AM,05:28 PM,5,5,8,5,36,100,84,4.0,1000,7,7,128,22
2019-02-24 18:00:00,9,1,0.0,4.1,3,0,57,11:35 PM,09:34 AM,06:28 AM,05:28 PM,6,5,8,5,30,98,89,3.2,993,7,7,162,20
2019-02-24 21:00:00,9,1,0.0,4.1,3,0,57,11:35 PM,09:34 AM,06:28 AM,05:28 PM,3,4,7,4,30,79,80,2.9,994,7,8,231,20
2019-02-25 00:00:00,3,-2,0.1,4.1,2,0,50,No moonrise,10:07 AM,06:26 AM,05:29 PM,-0,2,6,2,33,48,66,0.0,999,5,10,252,23
2019-02-25 03:00:00,3,-2,0.1,4.1,2,0,50,No moonrise,10:07 AM,06:26 AM,05:29 PM,-1,1,5,1,32,54,61,0.0,996,5,10,260,24
2019-02-25 06:00:00,3,-2,0.1,4.1,2,0,50,No moonrise,10:07 AM,06:26 AM,05:29 PM,-3,-1,3,-1,37,67,65,0.1,1005,3,10,257,20
2019-02-25 09:00:00,3,-2,0.1,4.1,2,1,50,No moonrise,10:07 AM,06:26 AM,05:29 PM,-6,-3,3,-3,41,80,57,0.1,1010,2,10,262,27
2019-02-25 12:00:00,3,-2,0.1,4.1,2,1,50,No moonrise,10:07 AM,06:26 AM,05:29 PM,-9,-2,4,-2,45,72,38,0.0,1003,3,7,272,42
2019-02-25 15:00:00,3,-2,0.1,4.1,2,2,50,No moonrise,10:07 AM,06:26 AM,05:29 PM,-10,-2,4,-2,46,64,37,0.1,1006,3,5,278,41
2019-02-25 18:00:00,3,-2,0.1,4.1,2,0,50,No moonrise,10:07 AM,06:26 AM,05:29 PM,-11,-4,2,-4,48,68,39,0.0,1009,2,7,285,39
2019-02-25 21:00:00,3,-2,0.1,4.1,2,0,50,No moonrise,10:07 AM,06:26 AM,05:29 PM,-12,-7,0,-7,45,81,39,0.0,1010,-1,5,290,39
2019-02-26 00:00:00,-3,-7,0.0,8.7,2,0,42,12:40 AM,10:44 AM,06:25 AM,05:30 PM,-14,-9,-2,-9,41,49,39,0.0,1014,-3,10,295,33
2019-02-26 03:00:00,-3,-7,0.0,8.7,2,0,42,12:40 AM,10:44 AM,06:25 AM,05:30 PM,-16,-12,-4,-12,36,65,38,0.0,1017,-5,10,300,30
2019-02-26 06:00:00,-3,-7,0.0,8.7,2,0,42,12:40 AM,10:44 AM,06:25 AM,05:30 PM,-17,-13,-5,-13,33,48,38,0.0,1020,-6,10,299,30
2019-02-26 09:00:00,-3,-7,0.0,8.7,2,2,42,12:40 AM,10:44 AM,06:25 AM,05:30 PM,-17,-12,-4,-12,31,7,36,0.0,1023,-5,10,296,31
2019-02-26 12:00:00,-3,-7,0.0,8.7,2,2,42,12:40 AM,10:44 AM,06:25 AM,05:30 PM,-18,-11,-3,-11,28,10,29,0.0,1022,-4,10,293,32
2019-02-26 15:00:00,-3,-7,0.0,8.7,2,2,42,12:40 AM,10:44 AM,06:25 AM,05:30 PM,-19,-10,-2,-10,30,25,27,0.0,1022,-3,10,293,31
2019-02-26 18:00:00,-3,-7,0.0,8.7,2,0,42,12:40 AM,10:44 AM,06:25 AM,05:30 PM,-18,-10,-3,-10,32,49,29,0.0,1024,-4,10,298,28
2019-02-26 21:00:00,-3,-7,0.0,8.7,2,0,42,12:40 AM,10:44 AM,06:25 AM,05:30 PM,-18,-13,-5,-13,33,28,34,0.0,1027,-6,10,306,26
2019-02-27 00:00:00,-5,-10,0.3,5.7,2,0,35,01:42 AM,11:24 AM,06:23 AM,05:32 PM,-18,-14,-7,-14,31,10,38,0.0,1027,-8,10,309,20
2019-02-27 03:00:00,-5,-10,0.3,5.7,2,0,35,01:42 AM,11:24 AM,06:23 AM,05:32 PM,-20,-16,-8,-16,27,17,38,0.0,1029,-9,10,315,21
2019-02-27 06:00:00,-5,-10,0.3,5.7,2,0,35,01:42 AM,11:24 AM,06:23 AM,05:32 PM,-18,-15,-9,-15,22,14,43,0.0,1026,-10,10,315,14
2019-02-27 09:00:00,-5,-10,0.3,5.7,2,1,35,01:42 AM,11:24 AM,06:23 AM,05:32 PM,-17,-13,-7,-13,17,44,44,0.0,1025,-8,10,305,13
2019-02-27 12:00:00,-5,-10,0.3,5.7,2,1,35,01:42 AM,11:24 AM,06:23 AM,05:32 PM,-17,-10,-4,-10,13,95,36,0.0,1024,-5,10,296,17
2019-02-27 15:00:00,-5,-10,0.3,5.7,2,1,35,01:42 AM,11:24 AM,06:23 AM,05:32 PM,-21,-10,-4,-10,10,85,26,0.0,1024,-5,10,287,19
2019-02-27 18:00:00,-5,-10,0.3,5.7,2,0,35,01:42 AM,11:24 AM,06:23 AM,05:32 PM,-20,-10,-5,-10,7,87,27,0.0,1025,-6,8,244,14
2019-02-27 21:00:00,-5,-10,0.3,5.7,2,0,35,01:42 AM,11:24 AM,06:23 AM,05:32 PM,-15,-11,-9,-11,5,100,40,0.3,1024,-11,4,151,9
2019-02-28 00:00:00,-1,-7,4.4,4.2,1,0,27,02:38 AM,12:09 PM,06:21 AM,05:33 PM,-15,-14,-10,-14,3,100,47,0.8,1023,-12,2,97,12
2019-02-28 03:00:00,-1,-7,4.4,4.2,1,0,27,02:38 AM,12:09 PM,06:21 AM,05:33 PM,-13,-11,-6,-11,6,100,56,1.4,1020,-7,2,83,11
2019-02-28 06:00:00,-1,-7,4.4,4.2,1,0,27,02:38 AM,12:09 PM,06:21 AM,05:33 PM,-11,-10,-5,-10,9,100,63,1.6,1019,-6,2,39,12
2019-02-28 09:00:00,-1,-7,4.4,4.2,1,1,27,02:38 AM,12:09 PM,06:21 AM,05:33 PM,-11,-8,-3,-8,12,100,59,1.3,1019,-4,3,123,14
2019-02-28 12:00:00,-1,-7,4.4,4.2,1,1,27,02:38 AM,12:09 PM,06:21 AM,05:33 PM,-16,-8,-2,-8,12,98,36,0.1,1022,-3,7,247,19
2019-02-28 15:00:00,-1,-7,4.4,4.2,1,1,27,02:38 AM,12:09 PM,06:21 AM,05:33 PM,-15,-5,-0,-5,9,93,32,0.0,1022,-1,10,23,21
2019-02-28 18:00:00,-1,-7,4.4,4.2,1,0,27,02:38 AM,12:09 PM,06:21 AM,05:33 PM,-14,-6,-1,-6,8,86,36,0.1,1022,-2,10,56,17
2019-02-28 21:00:00,-1,-7,4.4,4.2,1,0,27,02:38 AM,12:09 PM,06:21 AM,05:33 PM,-13,-8,-3,-8,9,61,45,0.0,1024,-4,10,182,14
2019-03-01 00:00:00,3,-7,0.0,7.2,2,0,26,03:30 AM,12:58 PM,06:20 AM,05:34 PM,-12,-10,-5,-10,10,35,56,0.0,1026,-6,10,313,12
2019-03-01 03:00:00,3,-7,0.0,7.2,2,0,26,03:30 AM,12:58 PM,06:20 AM,05:34 PM,-13,-10,-6,-10,9,48,55,0.0,1027,-7,10,319,10
2019-03-01 06:00:00,3,-7,0.0,7.2,2,0,26,03:30 AM,12:58 PM,06:20 AM,05:34 PM,-12,-9,-5,-9,7,63,57,0.0,1026,-6,10,306,9
2019-03-01 09:00:00,3,-7,0.0,7.2,2,2,26,03:30 AM,12:58 PM,06:20 AM,05:34 PM,-11,-7,-2,-7,5,76,53,0.0,1026,-3,10,269,14
2019-03-01 12:00:00,3,-7,0.0,7.2,2,2,26,03:30 AM,12:58 PM,06:20 AM,05:34 PM,-10,-3,2,-3,6,48,41,0.0,1025,1,10,222,16
2019-03-01 15:00:00,3,-7,0.0,7.2,2,1,26,03:30 AM,12:58 PM,06:20 AM,05:34 PM,-8,-0,4,-0,8,57,42,0.0,1023,3,10,207,15
2019-03-01 18:00:00,3,-7,0.0,7.2,2,0,26,03:30 AM,12:58 PM,06:20 AM,05:34 PM,-7,-2,2,-2,10,65,52,0.0,1019,2,10,198,14
2019-03-01 21:00:00,3,-7,0.0,7.2,2,0,26,03:30 AM,12:58 PM,06:20 AM,05:34 PM,-7,-4,0,-4,12,47,63,0.0,1021,-1,10,181,13
2019-03-02 00:00:00,2,-4,12.2,4.2,2,0,19,04:16 AM,01:51 PM,06:18 AM,05:35 PM,-6,-6,-2,-6,7,28,75,0.0,1022,-3,10,144,9
2019-03-02 03:00:00,2,-4,12.2,4.2,2,0,19,04:16 AM,01:51 PM,06:18 AM,05:35 PM,-6,-7,-3,-7,9,69,77,0.0,1022,-4,10,72,9
2019-03-02 06:00:00,2,-4,12.2,4.2,2,0,19,04:16 AM,01:51 PM,06:18 AM,05:35 PM,-7,-7,-3,-7,19,100,76,0.5,1021,-4,7,48,12
2019-03-02 09:00:00,2,-4,12.2,4.2,2,1,19,04:16 AM,01:51 PM,06:18 AM,05:35 PM,-6,-5,-1,-5,26,100,69,2.3,1017,-2,2,40,15
2019-03-02 12:00:00,2,-4,12.2,4.2,2,1,19,04:16 AM,01:51 PM,06:18 AM,05:35 PM,-5,-2,2,-2,28,100,61,4.8,1013,2,2,31,18
2019-03-02 15:00:00,2,-4,12.2,4.2,2,1,19,04:16 AM,01:51 PM,06:18 AM,05:35 PM,-2,-1,3,-1,26,100,66,4.7,1018,2,2,132,18
2019-03-02 18:00:00,2,-4,12.2,4.2,2,0,19,04:16 AM,01:51 PM,06:18 AM,05:35 PM,-3,-1,3,-1,18,91,67,1.4,1014,2,3,357,16
2019-03-02 21:00:00,2,-4,12.2,4.2,2,0,19,04:16 AM,01:51 PM,06:18 AM,05:35 PM,-2,-1,3,-1,10,78,71,0.7,1012,2,7,323,12
2019-03-03 00:00:00,3,-2,0.7,8.7,1,0,12,04:56 AM,02:47 PM,06:17 AM,05:37 PM,-3,-2,2,-2,10,90,71,0.0,1006,2,10,242,14
2019-03-03 03:00:00,3,-2,0.7,8.7,1,0,12,04:56 AM,02:47 PM,06:17 AM,05:37 PM,-3,-3,2,-3,13,75,68,0.0,1002,1,7,233,19
2019-03-03 06:00:00,3,-2,0.7,8.7,1,0,12,04:56 AM,02:47 PM,06:17 AM,05:37 PM,-6,-6,-1,-6,15,23,65,0.0,1011,-2,5,269,19
2019-03-03 09:00:00,3,-2,0.7,8.7,1,2,12,04:56 AM,02:47 PM,06:17 AM,05:37 PM,-7,-5,0,-5,13,23,58,0.0,1008,-1,10,284,21
2019-03-03 12:00:00,3,-2,0.7,8.7,1,2,12,04:56 AM,02:47 PM,06:17 AM,05:37 PM,-7,-3,2,-3,8,46,53,0.0,1012,1,10,273,19
2019-03-03 15:00:00,3,-2,0.7,8.7,1,1,12,04:56 AM,02:47 PM,06:17 AM,05:37 PM,-4,1,4,1,6,53,58,0.0,1019,3,10,207,9
2019-03-03 18:00:00,3,-2,0.7,8.7,1,0,12,04:56 AM,02:47 PM,06:17 AM,05:37 PM,-3,-1,3,-1,13,98,63,0.0,1019,2,10,141,12
2019-03-03 21:00:00,3,-2,0.7,8.7,1,0,12,04:56 AM,02:47 PM,06:17 AM,05:37 PM,-4,-2,2,-2,15,100,65,0.8,1017,1,7,156,13
2019-03-04 00:00:00,4,-3,22.9,4.2,1,0,4,05:32 AM,03:45 PM,06:15 AM,05:38 PM,-5,-5,0,-5,10,100,69,4.1,1014,-1,2,141,16
2019-03-04 03:00:00,4,-3,22.9,4.2,1,0,4,05:32 AM,03:45 PM,06:15 AM,05:38 PM,0,-2,2,-2,11,100,86,8.1,1009,1,3,53,16
2019-03-04 06:00:00,4,-3,22.9,4.2,1,0,4,05:32 AM,03:45 PM,06:15 AM,05:38 PM,-0,-3,2,-3,22,100,85,11.1,1003,1,5,35,24
2019-03-04 09:00:00,4,-3,22.9,4.2,1,1,4,05:32 AM,03:45 PM,06:15 AM,05:38 PM,-1,-3,2,-3,26,100,77,10.4,1001,2,2,121,26
2019-03-04 12:00:00,4,-3,22.9,4.2,1,1,4,05:32 AM,03:45 PM,06:15 AM,05:38 PM,-2,-1,4,-1,22,100,66,0.6,1002,3,2,328,21
2019-03-04 15:00:00,4,-3,22.9,4.2,1,1,4,05:32 AM,03:45 PM,06:15 AM,05:38 PM,-4,0,4,0,18,94,57,0.5,1003,4,4,307,19
2019-03-04 18:00:00,4,-3,22.9,4.2,1,0,4,05:32 AM,03:45 PM,06:15 AM,05:38 PM,-6,-2,3,-2,21,77,54,0.2,1005,2,7,289,21
2019-03-04 21:00:00,4,-3,22.9,4.2,1,0,4,05:32 AM,03:45 PM,06:15 AM,05:38 PM,-9,-5,1,-5,28,44,51,0.1,1009,-0,8,279,21
2019-03-05 00:00:00,-3,-9,0.3,7.2,2,0,0,06:03 AM,04:43 PM,06:13 AM,05:39 PM,-13,-9,-3,-9,30,0,48,0.0,1013,-4,10,286,21
2019-03-05 03:00:00,-3,-9,0.3,7.2,2,0,0,06:03 AM,04:43 PM,06:13 AM,05:39 PM,-14,-12,-5,-12,20,0,52,0.0,1016,-6,10,281,18
2019-03-05 06:00:00,-3,-9,0.3,7.2,2,0,0,06:03 AM,04:43 PM,06:13 AM,05:39 PM,-15,-15,-8,-15,15,0,58,0.0,1019,-9,10,268,16
2019-03-05 09:00:00,-3,-9,0.3,7.2,2,2,0,06:03 AM,04:43 PM,06:13 AM,05:39 PM,-12,-13,-7,-13,12,0,64,0.0,1019,-7,10,264,13
2019-03-05 12:00:00,-3,-9,0.3,7.2,2,1,0,06:03 AM,04:43 PM,06:13 AM,05:39 PM,-9,-7,-3,-7,10,23,67,0.0,1018,-4,10,251,11
2019-03-05 15:00:00,-3,-9,0.3,7.2,2,1,0,06:03 AM,04:43 PM,06:13 AM,05:39 PM,-13,-7,-2,-7,12,79,41,0.0,1018,-3,9,228,15
2019-03-05 18:00:00,-3,-9,0.3,7.2,2,0,0,06:03 AM,04:43 PM,06:13 AM,05:39 PM,-12,-7,-2,-7,14,91,46,0.2,1018,-3,7,220,15
2019-03-05 21:00:00,-3,-9,0.3,7.2,2,0,0,06:03 AM,04:43 PM,06:13 AM,05:39 PM,-12,-9,-4,-9,13,82,51,0.2,1018,-5,7,238,15
2019-03-06 00:00:00,-5,-11,0.3,7.2,1,0,0,06:31 AM,05:43 PM,06:12 AM,05:40 PM,-13,-12,-6,-12,13,91,55,0.1,1018,-7,7,288,15
2019-03-06 03:00:00,-5,-11,0.3,7.2,1,0,0,06:31 AM,05:43 PM,06:12 AM,05:40 PM,-14,-14,-8,-14,19,74,60,0.1,1017,-9,8,303,15
2019-03-06 06:00:00,-5,-11,0.3,7.2,1,0,0,06:31 AM,05:43 PM,06:12 AM,05:40 PM,-14,-15,-8,-15,22,19,66,0.0,1017,-9,10,284,15
2019-03-06 09:00:00,-5,-11,0.3,7.2,1,2,0,06:31 AM,05:43 PM,06:12 AM,05:40 PM,-13,-11,-5,-11,26,10,56,0.0,1021,-6,10,289,14
2019-03-06 12:00:00,-5,-11,0.3,7.2,1,1,0,06:31 AM,05:43 PM,06:12 AM,05:40 PM,-15,-11,-4,-11,28,38,44,0.0,1018,-5,10,291,19
2019-03-06 15:00:00,-5,-11,0.3,7.2,1,1,0,06:31 AM,05:43 PM,06:12 AM,05:40 PM,-16,-13,-5,-13,26,100,47,0.1,1014,-6,9,292,23
2019-03-06 18:00:00,-5,-11,0.3,7.2,1,0,0,06:31 AM,05:43 PM,06:12 AM,05:40 PM,-13,-13,-6,-13,23,94,62,0.1,1017,-7,7,283,17
2019-03-06 21:00:00,-5,-11,0.3,7.2,1,0,0,06:31 AM,05:43 PM,06:12 AM,05:40 PM,-17,-15,-8,-15,23,57,49,0.1,1019,-9,8,273,18
2019-03-07 00:00:00,-1,-13,0.3,7.2,2,0,3,06:58 AM,06:42 PM,06:10 AM,05:41 PM,-18,-18,-10,-18,24,8,56,0.0,1020,-11,10,276,17
2019-03-07 03:00:00,-1,-13,0.3,7.2,2,0,3,06:58 AM,06:42 PM,06:10 AM,05:41 PM,-17,-18,-11,-18,19,10,61,0.0,1021,-12,10,273,15
2019-03-07 06:00:00,-1,-13,0.3,7.2,2,0,3,06:58 AM,06:42 PM,06:10 AM,05:41 PM,-18,-19,-12,-19,16,32,59,0.0,1021,-13,10,263,15
2019-03-07 09:00:00,-1,-13,0.3,7.2,2,2,3,06:58 AM,06:42 PM,06:10 AM,05:41 PM,-15,-17,-10,-17,17,60,63,0.0,1021,-10,10,262,15
2019-03-07 12:00:00,-1,-13,0.3,7.2,2,1,3,06:58 AM,06:42 PM,06:10 AM,05:41 PM,-12,-10,-5,-10,18,55,61,0.0,1023,-5,10,270,16
2019-03-07 15:00:00,-1,-13,0.3,7.2,2,1,3,06:58 AM,06:42 PM,06:10 AM,05:41 PM,-14,-8,-2,-8,19,89,39,0.1,1022,-3,9,270,18
2019-03-07 18:00:00,-1,-13,0.3,7.2,2,0,3,06:58 AM,06:42 PM,06:10 AM,05:41 PM,-16,-14,-7,-14,21,73,47,0.2,1023,-8,7,254,18
2019-03-07 21:00:00,-1,-13,0.3,7.2,2,0,3,06:58 AM,06:42 PM,06:10 AM,05:41 PM,-16,-16,-9,-16,23,58,55,0.1,1025,-10,8,248,15
2019-03-08 00:00:00,1,-13,0.0,7.2,2,0,10,07:23 AM,07:42 PM,06:08 AM,05:43 PM,-16,-17,-10,-17,17,2,60,0.0,1026,-11,10,271,15
2019-03-08 03:00:00,1,-13,0.0,7.2,2,0,10,07:23 AM,07:42 PM,06:08 AM,05:43 PM,-16,-17,-10,-17,13,0,62,0.0,1026,-11,10,263,14
2019-03-08 06:00:00,1,-13,0.0,7.2,2,0,10,07:23 AM,07:42 PM,06:08 AM,05:43 PM,-16,-16,-10,-16,14,4,61,0.0,1027,-11,10,250,14
2019-03-08 09:00:00,1,-13,0.0,7.2,2,1,10,07:23 AM,07:42 PM,06:08 AM,05:43 PM,-12,-9,-4,-9,17,38,53,0.0,1024,-5,10,242,19
2019-03-08 12:00:00,1,-13,0.0,7.2,2,2,10,07:23 AM,07:42 PM,06:08 AM,05:43 PM,-11,-5,0,-5,18,64,43,0.0,1024,-1,10,237,20
2019-03-08 15:00:00,1,-13,0.0,7.2,2,1,10,07:23 AM,07:42 PM,06:08 AM,05:43 PM,-9,-3,2,-3,19,46,44,0.0,1025,1,10,228,17
2019-03-08 18:00:00,1,-13,0.0,7.2,2,0,10,07:23 AM,07:42 PM,06:08 AM,05:43 PM,-9,-5,-0,-5,21,73,52,0.0,1024,-1,10,222,15
2019-03-08 21:00:00,1,-13,0.0,7.2,2,0,10,07:23 AM,07:42 PM,06:08 AM,05:43 PM,-11,-8,-3,-8,22,16,57,0.0,1023,-4,10,221,12
2019-03-09 00:00:00,6,-7,0.0,8.7,2,0,17,07:49 AM,08:43 PM,06:07 AM,05:44 PM,-11,-9,-5,-9,20,8,62,0.0,1023,-6,10,233,9
2019-03-09 03:00:00,6,-7,0.0,8.7,2,0,17,07:49 AM,08:43 PM,06:07 AM,05:44 PM,-10,-10,-5,-10,17,3,66,0.0,1022,-6,10,241,9
2019-03-09 06:00:00,6,-7,0.0,8.7,2,0,17,07:49 AM,08:43 PM,06:07 AM,05:44 PM,-8,-7,-3,-7,16,4,70,0.0,1023,-4,10,260,9
2019-03-09 09:00:00,6,-7,0.0,8.7,2,2,17,07:49 AM,08:43 PM,06:07 AM,05:44 PM,-8,-6,-2,-6,14,4,64,0.0,1024,-3,10,299,12
2019-03-09 12:00:00,6,-7,0.0,8.7,2,2,17,07:49 AM,08:43 PM,06:07 AM,05:44 PM,-8,-5,0,-5,11,0,52,0.0,1025,-1,10,332,17
2019-03-09 15:00:00,6,-7,0.0,8.7,2,2,17,07:49 AM,08:43 PM,06:07 AM,05:44 PM,-5,-1,3,-1,9,0,56,0.0,1026,3,10,253,14
2019-03-09 18:00:00,6,-7,0.0,8.7,2,0,17,07:49 AM,08:43 PM,06:07 AM,05:44 PM,-1,3,6,3,10,2,72,0.0,1028,5,10,76,8
2019-03-09 21:00:00,6,-7,0.0,8.7,2,0,17,07:49 AM,08:43 PM,06:07 AM,05:44 PM,-6,2,5,2,14,9,71,0.0,1031,2,10,102,10
2019-03-10 00:00:00,2,-4,0.3,4.3,2,0,24,08:15 AM,09:45 PM,06:05 AM,05:45 PM,-8,-2,2,-2,16,20,67,0.0,1032,-1,10,114,11
2019-03-10 03:00:00,2,-4,0.3,4.3,2,0,24,08:15 AM,09:45 PM,06:05 AM,05:45 PM,-4,-5,-1,-5,20,52,81,0.0,1032,-2,10,114,9
2019-03-10 06:00:00,2,-4,0.3,4.3,2,0,24,08:15 AM,09:45 PM,06:05 AM,05:45 PM,-7,-7,-3,-7,26,100,73,0.0,1030,-4,10,119,11
2019-03-10 09:00:00,2,-4,0.3,4.3,2,1,24,08:15 AM,09:45 PM,06:05 AM,05:45 PM,-5,-5,-1,-5,24,100,71,0.3,1029,-2,7,127,13
2019-03-10 12:00:00,2,-4,0.3,4.3,2,1,24,08:15 AM,09:45 PM,06:05 AM,05:45 PM,-5,-3,1,-3,26,100,64,1.8,1029,1,4,123,16
2019-03-10 15:00:00,2,-4,0.3,4.3,2,1,24,08:15 AM,09:45 PM,06:05 AM,05:45 PM,-5,-2,2,-2,24,100,57,3.8,1025,2,7,115,18
2019-03-10 18:00:00,2,-4,0.3,4.3,2,0,24,08:15 AM,09:45 PM,06:05 AM,05:45 PM,-4,-2,3,-2,21,100,62,4.9,1015,2,7,125,22
2019-03-10 21:00:00,2,-4,0.3,4.3,2,0,24,08:15 AM,09:45 PM,06:05 AM,05:45 PM,-3,-2,3,-2,13,100,68,3.5,1013,2,5,206,21
2019-03-11 00:00:00,8,2,0.0,8.7,2,0,32,08:44 AM,10:48 PM,06:03 AM,05:46 PM,0,0,4,0,22,78,76,0.0,1011,4,1,247,20
2019-03-11 03:00:00,8,2,0.0,8.7,2,0,32,08:44 AM,10:48 PM,06:03 AM,05:46 PM,5,4,7,4,23,38,85,0.0,1010,6,5,252,16
2019-03-11 06:00:00,8,2,0.0,8.7,2,0,32,08:44 AM,10:48 PM,06:03 AM,05:46 PM,3,2,6,2,27,31,81,0.0,1007,5,10,262,18
2019-03-11 09:00:00,8,2,0.0,8.7,2,2,32,08:44 AM,10:48 PM,06:03 AM,05:46 PM,0,-0,4,-0,28,13,74,0.0,1004,4,10,261,21
2019-03-11 12:00:00,8,2,0.0,8.7,2,2,32,08:44 AM,10:48 PM,06:03 AM,05:46 PM,0,1,5,1,28,28,68,0.0,1003,5,10,263,19
2019-03-11 15:00:00,8,2,0.0,8.7,2,3,32,08:44 AM,10:48 PM,06:03 AM,05:46 PM,0,4,7,4,31,31,62,0.0,1004,6,10,268,20
2019-03-11 18:00:00,8,2,0.0,8.7,2,0,32,08:44 AM,10:48 PM,06:03 AM,05:46 PM,0,6,8,6,33,36,60,0.0,1010,7,10,265,21
2019-03-11 21:00:00,8,2,0.0,8.7,2,0,32,08:44 AM,10:48 PM,06:03 AM,05:46 PM,-2,0,4,0,36,9,66,0.0,1012,4,10,271,20
