date_time,"chicago,il_maxtempC","chicago,il_mintempC","chicago,il_totalSnow_cm","chicago,il_sunHour","chicago,il_uvIndex","chicago,il_uvIndex","chicago,il_moon_illumination","chicago,il_moonrise","chicago,il_moonset","chicago,il_sunrise","chicago,il_sunset","chicago,il_DewPointC","chicago,il_FeelsLikeC","chicago,il_HeatIndexC","chicago,il_WindChillC","chicago,il_WindGustKmph","chicago,il_cloudcover","chicago,il_humidity","chicago,il_precipMM","chicago,il_pressure","chicago,il_tempC","chicago,il_visibility","chicago,il_winddirDegree","chicago,il_windspeedKmph"
2018-12-11 00:00:00,1,-2,0.0,8.7,2,0,21,10:26 AM,08:22 PM,07:08 AM,04:19 PM,-5,-7,-1,-7,33,0,76,0.0,1021,-1,10,231,22
2018-12-11 03:00:00,1,-2,0.0,8.7,2,0,21,10:26 AM,08:22 PM,07:08 AM,04:19 PM,-4,-6,-1,-6,33,0,80,0.0,1021,-1,10,243,21
2018-12-11 06:00:00,1,-2,0.0,8.7,2,0,21,10:26 AM,08:22 PM,07:08 AM,04:19 PM,-5,-8,-2,-8,28,5,83,0.0,1020,-2,10,240,19
2018-12-11 09:00:00,1,-2,0.0,8.7,2,2,21,10:26 AM,08:22 PM,07:08 AM,04:19 PM,-5,-6,-1,-6,23,15,77,0.0,1019,-1,10,262,16
2018-12-11 12:00:00,1,-2,0.0,8.7,2,2,21,10:26 AM,08:22 PM,07:08 AM,04:19 PM,-3,-1,1,-1,8,19,71,0.0,1018,1,10,271,6
2018-12-11 15:00:00,1,-2,0.0,8.7,2,2,21,10:26 AM,08:22 PM,07:08 AM,04:19 PM,-4,0,1,0,5,17,70,0.0,1018,1,10,30,4
2018-12-11 18:00:00,1,-2,0.0,8.7,2,0,21,10:26 AM,08:22 PM,07:08 AM,04:19 PM,-3,-3,0,-3,17,35,80,0.0,1019,-0,10,80,10
2018-12-11 21:00:00,1,-2,0.0,8.7,2,0,21,10:26 AM,08:22 PM,07:08 AM,04:19 PM,-3,-5,-0,-5,22,22,84,0.0,1018,-0,10,118,13
2018-12-12 00:00:00,3,-1,0.0,8.7,2,0,29,11:02 AM,09:20 PM,07:09 AM,04:20 PM,-2,-4,0,-4,25,55,83,0.0,1016,0,10,131,13
2018-12-12 03:00:00,3,-1,0.0,8.7,2,0,29,11:02 AM,09:20 PM,07:09 AM,04:20 PM,-2,-4,1,-4,36,79,82,0.0,1013,1,10,144,20
2018-12-12 06:00:00,3,-1,0.0,8.7,2,0,29,11:02 AM,09:20 PM,07:09 AM,04:20 PM,-1,-4,1,-4,44,15,87,0.0,1010,1,10,157,24
2018-12-12 09:00:00,3,-1,0.0,8.7,2,2,29,11:02 AM,09:20 PM,07:09 AM,04:20 PM,-0,-3,2,-3,40,49,87,0.0,1009,2,10,184,24
2018-12-12 12:00:00,3,-1,0.0,8.7,2,2,29,11:02 AM,09:20 PM,07:09 AM,04:20 PM,-1,-1,3,-1,31,54,71,0.0,1008,3,10,227,19
2018-12-12 15:00:00,3,-1,0.0,8.7,2,2,29,11:02 AM,09:20 PM,07:09 AM,04:20 PM,-4,-3,2,-3,31,5,65,0.0,1010,2,10,256,21
2018-12-12 18:00:00,3,-1,0.0,8.7,2,0,29,11:02 AM,09:20 PM,07:09 AM,04:20 PM,-5,-4,0,-4,19,77,69,0.0,1013,-0,10,274,13
2018-12-12 21:00:00,3,-1,0.0,8.7,2,0,29,11:02 AM,09:20 PM,07:09 AM,04:20 PM,-5,-5,-1,-5,21,17,72,0.0,1015,-1,10,263,14
2018-12-13 00:00:00,3,-1,0.0,8.7,2,0,36,11:33 AM,10:18 PM,07:10 AM,04:20 PM,-4,-1,0,-1,7,8,77,0.0,1016,-1,10,262,5
2018-12-13 03:00:00,3,-1,0.0,8.7,2,0,36,11:33 AM,10:18 PM,07:10 AM,04:20 PM,-3,-0,1,-0,5,3,76,0.0,1018,-1,10,227,4
2018-12-13 06:00:00,3,-1,0.0,8.7,2,0,36,11:33 AM,10:18 PM,07:10 AM,04:20 PM,-4,-3,-0,-3,11,34,78,0.0,1020,-1,10,149,7
2018-12-13 09:00:00,3,-1,0.0,8.7,2,2,36,11:33 AM,10:18 PM,07:10 AM,04:20 PM,-4,-3,0,-3,16,28,75,0.0,1020,0,10,139,10
2018-12-13 12:00:00,3,-1,0.0,8.7,2,2,36,11:33 AM,10:18 PM,07:10 AM,04:20 PM,-0,1,3,1,14,4,78,0.0,1019,3,10,164,9
2018-12-13 15:00:00,3,-1,0.0,8.7,2,2,36,11:33 AM,10:18 PM,07:10 AM,04:20 PM,0,0,3,0,18,12,82,0.0,1019,3,10,97,10
2018-12-13 18:00:00,3,-1,0.0,8.7,2,0,36,11:33 AM,10:18 PM,07:10 AM,04:20 PM,1,0,3,0,20,100,89,0.0,1020,3,10,88,10
2018-12-13 21:00:00,3,-1,0.0,8.7,2,0,36,11:33 AM,10:18 PM,07:10 AM,04:20 PM,2,-1,2,-1,19,100,97,3.7,1020,2,7,93,10
2018-12-14 00:00:00,3,2,0.0,5.2,1,0,43,12:02 PM,11:17 PM,07:11 AM,04:20 PM,2,1,2,1,12,100,100,0.0,1020,2,0,88,6
2018-12-14 03:00:00,3,2,0.0,5.2,1,0,43,12:02 PM,11:17 PM,07:11 AM,04:20 PM,2,2,3,2,7,100,99,4.2,1020,2,7,7,4
2018-12-14 06:00:00,3,2,0.0,5.2,1,0,43,12:02 PM,11:17 PM,07:11 AM,04:20 PM,3,-0,3,-0,21,100,99,0.0,1022,3,0,352,11
2018-12-14 09:00:00,3,2,0.0,5.2,1,1,43,12:02 PM,11:17 PM,07:11 AM,04:20 PM,2,-1,3,-1,24,100,97,0.0,1022,3,10,10,14
2018-12-14 12:00:00,3,2,0.0,5.2,1,2,43,12:02 PM,11:17 PM,07:11 AM,04:20 PM,2,1,3,1,15,62,92,0.0,1022,3,10,16,9
2018-12-14 15:00:00,3,2,0.0,5.2,1,2,43,12:02 PM,11:17 PM,07:11 AM,04:20 PM,2,1,3,1,17,48,90,0.0,1022,3,10,24,10
2018-12-14 18:00:00,3,2,0.0,5.2,1,0,43,12:02 PM,11:17 PM,07:11 AM,04:20 PM,2,-1,2,-1,18,71,95,0.0,1024,2,2,28,10
2018-12-14 21:00:00,3,2,0.0,5.2,1,0,43,12:02 PM,11:17 PM,07:11 AM,04:20 PM,0,-1,2,-1,17,20,91,0.0,1023,2,10,22,9
2018-12-15 00:00:00,4,1,0.0,6.9,2,0,51,12:28 PM,No moonset,07:11 AM,04:20 PM,-4,-2,1,-2,27,43,68,0.0,1022,1,10,17,14
2018-12-15 03:00:00,4,1,0.0,6.9,2,0,51,12:28 PM,No moonset,07:11 AM,04:20 PM,-4,-3,1,-3,28,33,69,0.0,1022,1,10,33,15
2018-12-15 06:00:00,4,1,0.0,6.9,2,0,51,12:28 PM,No moonset,07:11 AM,04:20 PM,-1,-2,1,-2,25,40,82,0.0,1022,1,10,40,13
2018-12-15 09:00:00,4,1,0.0,6.9,2,2,51,12:28 PM,No moonset,07:11 AM,04:20 PM,-2,-2,2,-2,30,36,77,0.0,1023,2,10,46,17
2018-12-15 12:00:00,4,1,0.0,6.9,2,1,51,12:28 PM,No moonset,07:11 AM,04:20 PM,-1,1,4,1,23,97,68,0.0,1021,4,10,34,13
2018-12-15 15:00:00,4,1,0.0,6.9,2,2,51,12:28 PM,No moonset,07:11 AM,04:20 PM,-1,0,4,0,29,32,67,0.0,1021,4,10,28,16
2018-12-15 18:00:00,4,1,0.0,6.9,2,0,51,12:28 PM,No moonset,07:11 AM,04:20 PM,-1,-1,3,-1,27,33,76,0.0,1022,3,10,9,14
2018-12-15 21:00:00,4,1,0.0,6.9,2,0,51,12:28 PM,No moonset,07:11 AM,04:20 PM,-1,-2,2,-2,27,17,81,0.0,1022,2,10,35,14
2018-12-16 00:00:00,6,0,0.0,8.7,2,0,58,12:55 PM,12:17 AM,07:12 AM,04:20 PM,-0,-0,3,-0,17,0,82,0.0,1021,2,10,349,9
2018-12-16 03:00:00,6,0,0.0,8.7,2,0,58,12:55 PM,12:17 AM,07:12 AM,04:20 PM,0,2,4,2,11,0,79,0.0,1021,1,10,326,7
2018-12-16 06:00:00,6,0,0.0,8.7,2,0,58,12:55 PM,12:17 AM,07:12 AM,04:20 PM,-2,1,1,1,2,49,81,0.0,1021,0,10,206,1
2018-12-16 09:00:00,6,0,0.0,8.7,2,2,58,12:55 PM,12:17 AM,07:12 AM,04:20 PM,-3,-0,2,-0,17,4,69,0.0,1021,2,10,248,9
2018-12-16 12:00:00,6,0,0.0,8.7,2,2,58,12:55 PM,12:17 AM,07:12 AM,04:20 PM,-1,4,5,4,12,8,63,0.0,1019,5,10,247,7
2018-12-16 15:00:00,6,0,0.0,8.7,2,3,58,12:55 PM,12:17 AM,07:12 AM,04:20 PM,-1,3,6,3,24,7,61,0.0,1018,6,10,274,13
2018-12-16 18:00:00,6,0,0.0,8.7,2,0,58,12:55 PM,12:17 AM,07:12 AM,04:20 PM,-0,1,4,1,27,4,74,0.0,1020,4,10,275,13
2018-12-16 21:00:00,6,0,0.0,8.7,2,0,58,12:55 PM,12:17 AM,07:12 AM,04:20 PM,-0,-1,3,-1,31,0,79,0.0,1020,3,10,274,15
2018-12-17 00:00:00,3,0,0.0,8.7,2,0,65,01:22 PM,01:18 AM,07:13 AM,04:21 PM,-2,-2,2,-2,32,5,72,0.0,1020,2,10,292,16
2018-12-17 03:00:00,3,0,0.0,8.7,2,0,65,01:22 PM,01:18 AM,07:13 AM,04:21 PM,-3,-3,2,-3,33,3,70,0.0,1021,1,10,299,19
2018-12-17 06:00:00,3,0,0.0,8.7,2,0,65,01:22 PM,01:18 AM,07:13 AM,04:21 PM,-5,-4,1,-4,28,20,65,0.0,1022,1,10,319,17
2018-12-17 09:00:00,3,0,0.0,8.7,2,2,65,01:22 PM,01:18 AM,07:13 AM,04:21 PM,-5,-4,0,-4,27,6,65,0.0,1023,0,10,335,18
2018-12-17 12:00:00,3,0,0.0,8.7,2,2,65,01:22 PM,01:18 AM,07:13 AM,04:21 PM,-4,0,3,0,11,7,59,0.0,1023,2,10,358,8
2018-12-17 15:00:00,3,0,0.0,8.7,2,2,65,01:22 PM,01:18 AM,07:13 AM,04:21 PM,-4,2,3,2,9,5,59,0.0,1023,3,10,351,7
2018-12-17 18:00:00,3,0,0.0,8.7,2,0,65,01:22 PM,01:18 AM,07:13 AM,04:21 PM,-2,3,3,3,3,4,69,0.0,1025,1,10,16,2
2018-12-17 21:00:00,3,0,0.0,8.7,2,0,65,01:22 PM,01:18 AM,07:13 AM,04:21 PM,-3,0,2,0,10,3,66,0.0,1025,1,10,319,6
2018-12-18 00:00:00,4,-0,0.0,8.7,2,0,72,01:51 PM,02:21 AM,07:13 AM,04:21 PM,-3,0,2,0,8,0,68,0.0,1024,0,10,1,6
2018-12-18 03:00:00,4,-0,0.0,8.7,2,0,72,01:51 PM,02:21 AM,07:13 AM,04:21 PM,-1,4,4,4,3,0,70,0.0,1025,0,10,28,3
2018-12-18 06:00:00,4,-0,0.0,8.7,2,0,72,01:51 PM,02:21 AM,07:13 AM,04:21 PM,-4,-3,-0,-3,16,13,73,0.0,1025,-0,10,148,10
2018-12-18 09:00:00,4,-0,0.0,8.7,2,2,72,01:51 PM,02:21 AM,07:13 AM,04:21 PM,-5,-3,0,-3,18,15,68,0.0,1025,0,10,179,12
2018-12-18 12:00:00,4,-0,0.0,8.7,2,2,72,01:51 PM,02:21 AM,07:13 AM,04:21 PM,-4,-1,3,-1,18,11,63,0.0,1023,3,10,176,12
2018-12-18 15:00:00,4,-0,0.0,8.7,2,2,72,01:51 PM,02:21 AM,07:13 AM,04:21 PM,-3,0,4,0,22,13,61,0.0,1021,4,10,190,14
2018-12-18 18:00:00,4,-0,0.0,8.7,2,0,72,01:51 PM,02:21 AM,07:13 AM,04:21 PM,-3,-2,2,-2,32,7,68,0.0,1020,2,10,176,17
2018-12-18 21:00:00,4,-0,0.0,8.7,2,0,72,01:51 PM,02:21 AM,07:13 AM,04:21 PM,-4,-2,2,-2,35,32,64,0.0,1018,2,10,191,19
2018-12-19 00:00:00,7,2,0.0,8.7,2,0,80,02:23 PM,03:28 AM,07:14 AM,04:22 PM,-5,-3,2,-3,31,58,63,0.0,1017,2,10,191,17
2018-12-19 03:00:00,7,2,0.0,8.7,2,0,80,02:23 PM,03:28 AM,07:14 AM,04:22 PM,-4,-3,2,-3,31,5,64,0.0,1016,2,10,205,17
2018-12-19 06:00:00,7,2,0.0,8.7,2,0,80,02:23 PM,03:28 AM,07:14 AM,04:22 PM,-4,-3,2,-3,32,100,67,0.0,1014,2,10,191,17
2018-12-19 09:00:00,7,2,0.0,8.7,2,2,80,02:23 PM,03:28 AM,07:14 AM,04:22 PM,-4,-2,2,-2,32,49,64,0.0,1013,2,10,192,18
2018-12-19 12:00:00,7,2,0.0,8.7,2,3,80,02:23 PM,03:28 AM,07:14 AM,04:22 PM,-1,2,5,2,25,34,63,0.0,1010,5,10,178,14
2018-12-19 15:00:00,7,2,0.0,8.7,2,3,80,02:23 PM,03:28 AM,07:14 AM,04:22 PM,1,3,7,3,37,11,67,0.0,1009,7,10,186,21
2018-12-19 18:00:00,7,2,0.0,8.7,2,0,80,02:23 PM,03:28 AM,07:14 AM,04:22 PM,2,2,6,2,44,50,76,0.0,1008,6,10,177,21
2018-12-19 21:00:00,7,2,0.0,8.7,2,0,80,02:23 PM,03:28 AM,07:14 AM,04:22 PM,2,1,5,1,46,62,78,0.0,1008,5,10,194,23
2018-12-20 00:00:00,5,3,0.0,3.4,1,0,87,03:01 PM,04:36 AM,07:14 AM,04:22 PM,3,1,5,1,37,100,86,0.0,1007,5,10,194,18
2018-12-20 03:00:00,5,3,0.0,3.4,1,0,87,03:01 PM,04:36 AM,07:14 AM,04:22 PM,4,2,5,2,29,100,93,0.2,1007,5,2,183,14
2018-12-20 06:00:00,5,3,0.0,3.4,1,0,87,03:01 PM,04:36 AM,07:14 AM,04:22 PM,4,2,4,2,24,100,98,0.0,1005,4,0,164,12
2018-12-20 09:00:00,5,3,0.0,3.4,1,1,87,03:01 PM,04:36 AM,07:14 AM,04:22 PM,5,2,5,2,27,100,99,0.1,1006,5,10,177,14
2018-12-20 12:00:00,5,3,0.0,3.4,1,2,87,03:01 PM,04:36 AM,07:14 AM,04:22 PM,5,4,6,4,14,100,94,0.0,1004,5,10,180,8
2018-12-20 15:00:00,5,3,0.0,3.4,1,2,87,03:01 PM,04:36 AM,07:14 AM,04:22 PM,5,5,6,5,8,100,94,0.3,1004,5,2,181,4
2018-12-20 18:00:00,5,3,0.0,3.4,1,0,87,03:01 PM,04:36 AM,07:14 AM,04:22 PM,5,3,5,3,20,100,97,0.0,1004,5,2,355,10
2018-12-20 21:00:00,5,3,0.0,3.4,1,0,87,03:01 PM,04:36 AM,07:14 AM,04:22 PM,2,-1,3,-1,34,100,89,0.4,1004,3,2,357,21
2018-12-21 00:00:00,3,-0,0.3,3.4,1,0,94,03:47 PM,05:47 AM,07:15 AM,04:22 PM,1,-2,3,-2,35,100,90,0.0,1002,3,10,348,22
2018-12-21 03:00:00,3,-0,0.3,3.4,1,0,94,03:47 PM,05:47 AM,07:15 AM,04:22 PM,0,-3,2,-3,43,100,85,0.4,1003,2,2,348,30
2018-12-21 06:00:00,3,-0,0.3,3.4,1,0,94,03:47 PM,05:47 AM,07:15 AM,04:22 PM,-2,-5,1,-5,39,100,83,1.0,1004,1,0,343,28
2018-12-21 09:00:00,3,-0,0.3,3.4,1,1,94,03:47 PM,05:47 AM,07:15 AM,04:22 PM,-1,-4,2,-4,34,100,84,0.1,1005,1,10,339,27
2018-12-21 12:00:00,3,-0,0.3,3.4,1,1,94,03:47 PM,05:47 AM,07:15 AM,04:22 PM,-3,-6,0,-6,31,100,81,0.0,1005,0,10,336,24
2018-12-21 15:00:00,3,-0,0.3,3.4,1,1,94,03:47 PM,05:47 AM,07:15 AM,04:22 PM,-4,-5,0,-5,28,100,74,0.0,1006,0,10,336,22
2018-12-21 18:00:00,3,-0,0.3,3.4,1,0,94,03:47 PM,05:47 AM,07:15 AM,04:22 PM,-5,-5,-0,-5,24,100,72,0.0,1008,-0,10,334,18
2018-12-21 21:00:00,3,-0,0.3,3.4,1,0,94,03:47 PM,05:47 AM,07:15 AM,04:22 PM,-5,-5,-0,-5,21,51,71,0.0,1010,-0,10,319,16
2018-12-22 00:00:00,1,-1,0.0,5.2,1,0,100,04:40 PM,06:56 AM,07:16 AM,04:23 PM,-5,-5,-1,-5,18,100,76,0.0,1011,-1,10,302,13
2018-12-22 03:00:00,1,-1,0.0,5.2,1,0,100,04:40 PM,06:56 AM,07:16 AM,04:23 PM,-5,-5,-1,-5,13,98,73,0.0,1012,-1,10,289,10
2018-12-22 06:00:00,1,-1,0.0,5.2,1,0,100,04:40 PM,06:56 AM,07:16 AM,04:23 PM,-5,-4,-1,-4,11,100,75,0.0,1014,-1,10,273,9
2018-12-22 09:00:00,1,-1,0.0,5.2,1,1,100,04:40 PM,06:56 AM,07:16 AM,04:23 PM,-5,-4,-1,-4,11,80,72,0.0,1015,-1,10,214,9
2018-12-22 12:00:00,1,-1,0.0,5.2,1,1,100,04:40 PM,06:56 AM,07:16 AM,04:23 PM,-5,-5,-1,-5,14,92,73,0.0,1015,-1,10,192,12
2018-12-22 15:00:00,1,-1,0.0,5.2,1,2,100,04:40 PM,06:56 AM,07:16 AM,04:23 PM,-5,-1,1,-1,7,23,65,0.0,1015,1,10,186,6
2018-12-22 18:00:00,1,-1,0.0,5.2,1,0,100,04:40 PM,06:56 AM,07:16 AM,04:23 PM,-4,-1,1,-1,8,100,70,0.0,1017,0,10,99,5
2018-12-22 21:00:00,1,-1,0.0,5.2,1,0,100,04:40 PM,06:56 AM,07:16 AM,04:23 PM,-3,0,1,0,5,78,75,0.0,1017,0,10,48,3
2018-12-23 00:00:00,2,-1,0.0,8.7,2,0,100,05:43 PM,08:01 AM,07:16 AM,04:24 PM,-3,-4,-0,-4,15,55,79,0.0,1018,-0,10,314,10
2018-12-23 03:00:00,2,-1,0.0,8.7,2,0,100,05:43 PM,08:01 AM,07:16 AM,04:24 PM,-5,-5,-1,-5,19,18,75,0.0,1019,-1,10,288,13
2018-12-23 06:00:00,2,-1,0.0,8.7,2,0,100,05:43 PM,08:01 AM,07:16 AM,04:24 PM,-3,-3,-0,-3,13,17,78,0.0,1020,-1,10,263,10
2018-12-23 09:00:00,2,-1,0.0,8.7,2,2,100,05:43 PM,08:01 AM,07:16 AM,04:24 PM,-4,-5,-0,-5,21,17,78,0.0,1020,-0,10,248,15
2018-12-23 12:00:00,2,-1,0.0,8.7,2,2,100,05:43 PM,08:01 AM,07:16 AM,04:24 PM,-3,-2,2,-2,19,39,71,0.0,1019,1,10,258,14
2018-12-23 15:00:00,2,-1,0.0,8.7,2,2,100,05:43 PM,08:01 AM,07:16 AM,04:24 PM,-5,-2,2,-2,21,3,58,0.0,1019,2,10,273,14
2018-12-23 18:00:00,2,-1,0.0,8.7,2,0,100,05:43 PM,08:01 AM,07:16 AM,04:24 PM,-5,-2,2,-2,22,89,63,0.0,1020,2,10,241,13
2018-12-23 21:00:00,2,-1,0.0,8.7,2,0,100,05:43 PM,08:01 AM,07:16 AM,04:24 PM,-5,-5,1,-5,32,6,65,0.0,1021,1,10,272,21
2018-12-24 00:00:00,-0,-3,0.0,6.9,2,0,84,06:52 PM,09:00 AM,07:16 AM,04:24 PM,-8,-8,-2,-8,36,36,62,0.0,1022,-1,10,280,26
2018-12-24 03:00:00,-0,-3,0.0,6.9,2,0,84,06:52 PM,09:00 AM,07:16 AM,04:24 PM,-9,-9,-2,-9,32,15,61,0.0,1024,-2,10,285,24
2018-12-24 06:00:00,-0,-3,0.0,6.9,2,0,84,06:52 PM,09:00 AM,07:16 AM,04:24 PM,-10,-9,-3,-9,26,15,60,0.0,1024,-3,10,289,19
2018-12-24 09:00:00,-0,-3,0.0,6.9,2,2,84,06:52 PM,09:00 AM,07:16 AM,04:24 PM,-10,-8,-3,-8,20,4,56,0.0,1026,-3,10,289,15
2018-12-24 12:00:00,-0,-3,0.0,6.9,2,1,84,06:52 PM,09:00 AM,07:16 AM,04:24 PM,-10,-4,-1,-4,9,72,51,0.0,1026,-1,10,270,7
2018-12-24 15:00:00,-0,-3,0.0,6.9,2,2,84,06:52 PM,09:00 AM,07:16 AM,04:24 PM,-10,-0,0,-0,4,35,48,0.0,1025,-0,10,272,3
2018-12-24 18:00:00,-0,-3,0.0,6.9,2,0,84,06:52 PM,09:00 AM,07:16 AM,04:24 PM,-9,-3,-1,-3,9,74,54,0.0,1026,-1,10,156,6
2018-12-24 21:00:00,-0,-3,0.0,6.9,2,0,84,06:52 PM,09:00 AM,07:16 AM,04:24 PM,-5,-2,-1,-2,9,7,70,0.0,1025,-2,10,166,4
2018-12-25 00:00:00,4,-0,0.0,6.9,2,0,77,08:05 PM,09:50 AM,07:17 AM,04:25 PM,-6,-4,-0,-4,15,36,65,0.0,1025,-0,10,136,10
2018-12-25 03:00:00,4,-0,0.0,6.9,2,0,77,08:05 PM,09:50 AM,07:17 AM,04:25 PM,-5,-3,0,-3,14,63,67,0.0,1025,-0,10,135,9
2018-12-25 06:00:00,4,-0,0.0,6.9,2,0,77,08:05 PM,09:50 AM,07:17 AM,04:25 PM,-4,-3,1,-3,18,91,73,0.0,1025,1,10,159,10
2018-12-25 09:00:00,4,-0,0.0,6.9,2,1,77,08:05 PM,09:50 AM,07:17 AM,04:25 PM,-2,-2,1,-2,18,82,79,0.0,1026,1,10,202,10
2018-12-25 12:00:00,4,-0,0.0,6.9,2,2,77,08:05 PM,09:50 AM,07:17 AM,04:25 PM,-0,1,4,1,15,52,76,0.0,1026,4,10,233,9
2018-12-25 15:00:00,4,-0,0.0,6.9,2,2,77,08:05 PM,09:50 AM,07:17 AM,04:25 PM,0,3,4,3,10,45,78,0.0,1026,4,10,238,5
2018-12-25 18:00:00,4,-0,0.0,6.9,2,0,77,08:05 PM,09:50 AM,07:17 AM,04:25 PM,1,3,3,3,6,18,83,0.0,1027,3,10,240,3
2018-12-25 21:00:00,4,-0,0.0,6.9,2,0,77,08:05 PM,09:50 AM,07:17 AM,04:25 PM,0,2,3,2,7,15,84,0.0,1028,2,10,220,3
2018-12-26 00:00:00,4,1,0.0,6.9,2,0,69,09:19 PM,10:32 AM,07:17 AM,04:25 PM,0,2,2,2,7,13,86,0.0,1029,2,10,235,3
2018-12-26 03:00:00,4,1,0.0,6.9,2,0,69,09:19 PM,10:32 AM,07:17 AM,04:25 PM,0,2,3,2,8,8,85,0.0,1030,1,10,227,4
2018-12-26 06:00:00,4,1,0.0,6.9,2,0,69,09:19 PM,10:32 AM,07:17 AM,04:25 PM,0,0,2,0,11,8,86,0.0,1031,1,10,214,6
2018-12-26 09:00:00,4,1,0.0,6.9,2,2,69,09:19 PM,10:32 AM,07:17 AM,04:25 PM,-0,2,3,2,9,7,80,0.0,1031,2,10,182,5
2018-12-26 12:00:00,4,1,0.0,6.9,2,1,69,09:19 PM,10:32 AM,07:17 AM,04:25 PM,-1,3,4,3,11,83,70,0.0,1031,4,10,144,6
2018-12-26 15:00:00,4,1,0.0,6.9,2,2,69,09:19 PM,10:32 AM,07:17 AM,04:25 PM,-1,2,4,2,21,47,67,0.0,1030,4,10,106,12
2018-12-26 18:00:00,4,1,0.0,6.9,2,0,69,09:19 PM,10:32 AM,07:17 AM,04:25 PM,-1,-0,4,-0,36,34,69,0.0,1029,4,10,116,18
2018-12-26 21:00:00,4,1,0.0,6.9,2,0,69,09:19 PM,10:32 AM,07:17 AM,04:25 PM,-1,-1,4,-1,42,71,70,0.0,1027,3,10,124,22
2018-12-27 00:00:00,8,3,0.0,3.4,2,0,62,10:30 PM,11:08 AM,07:17 AM,04:26 PM,-2,-2,3,-2,47,79,69,0.0,1025,3,10,127,26
2018-12-27 03:00:00,8,3,0.0,3.4,2,0,62,10:30 PM,11:08 AM,07:17 AM,04:26 PM,-2,-2,3,-2,52,61,68,0.2,1022,3,5,125,29
2018-12-27 06:00:00,8,3,0.0,3.4,2,0,62,10:30 PM,11:08 AM,07:17 AM,04:26 PM,-1,-3,3,-3,57,100,72,0.0,1018,3,10,132,33
2018-12-27 09:00:00,8,3,0.0,3.4,2,1,62,10:30 PM,11:08 AM,07:17 AM,04:26 PM,1,-2,3,-2,55,100,86,1.7,1015,3,9,138,32
2018-12-27 12:00:00,8,3,0.0,3.4,2,1,62,10:30 PM,11:08 AM,07:17 AM,04:26 PM,3,-0,5,-0,57,100,92,0.0,1010,5,10,138,32
2018-12-27 15:00:00,8,3,0.0,3.4,2,2,62,10:30 PM,11:08 AM,07:17 AM,04:26 PM,5,3,7,3,50,100,92,1.9,1006,7,9,173,24
2018-12-27 18:00:00,8,3,0.0,3.4,2,0,62,10:30 PM,11:08 AM,07:17 AM,04:26 PM,7,4,8,4,48,100,93,0.0,1004,8,10,174,23
2018-12-27 21:00:00,8,3,0.0,3.4,2,0,62,10:30 PM,11:08 AM,07:17 AM,04:26 PM,8,5,9,5,50,98,95,2.4,1004,8,9,191,24
2018-12-28 00:00:00,9,-1,0.2,3.4,1,0,55,11:40 PM,11:41 AM,07:18 AM,04:27 PM,8,5,9,5,54,76,95,0.0,1003,9,10,192,26
2018-12-28 03:00:00,9,-1,0.2,3.4,1,0,55,11:40 PM,11:41 AM,07:18 AM,04:27 PM,8,5,9,5,51,96,95,0.0,1004,9,10,208,24
2018-12-28 06:00:00,9,-1,0.2,3.4,1,0,55,11:40 PM,11:41 AM,07:18 AM,04:27 PM,1,1,5,1,46,83,75,0.0,1006,5,10,243,28
2018-12-28 09:00:00,9,-1,0.2,3.4,1,1,55,11:40 PM,11:41 AM,07:18 AM,04:27 PM,-2,-3,2,-3,40,81,71,0.0,1009,2,10,244,28
2018-12-28 12:00:00,9,-1,0.2,3.4,1,1,55,11:40 PM,11:41 AM,07:18 AM,04:27 PM,-4,-6,0,-6,32,96,70,0.0,1010,0,10,239,26
2018-12-28 15:00:00,9,-1,0.2,3.4,1,1,55,11:40 PM,11:41 AM,07:18 AM,04:27 PM,-4,-5,1,-5,34,99,69,0.0,1013,1,10,246,27
2018-12-28 18:00:00,9,-1,0.2,3.4,1,0,55,11:40 PM,11:41 AM,07:18 AM,04:27 PM,-4,-7,-1,-7,33,100,76,0.0,1017,-1,10,246,24
2018-12-28 21:00:00,9,-1,0.2,3.4,1,0,55,11:40 PM,11:41 AM,07:18 AM,04:27 PM,-3,-6,-0,-6,30,100,81,0.2,1019,-0,5,267,21
2018-12-29 00:00:00,-1,-3,0.7,3.4,1,0,48,No moonrise,12:10 PM,07:18 AM,04:28 PM,-3,-5,-1,-5,14,100,84,0.0,1022,-1,10,311,10
2018-12-29 03:00:00,-1,-3,0.7,3.4,1,0,48,No moonrise,12:10 PM,07:18 AM,04:28 PM,-4,-6,-1,-6,19,100,83,0.2,1024,-1,5,351,14
2018-12-29 06:00:00,-1,-3,0.7,3.4,1,0,48,No moonrise,12:10 PM,07:18 AM,04:28 PM,-4,-6,-2,-6,16,100,82,0.0,1027,-2,10,340,12
2018-12-29 09:00:00,-1,-3,0.7,3.4,1,1,48,No moonrise,12:10 PM,07:18 AM,04:28 PM,-4,-3,-1,-3,6,100,80,0.1,1028,-2,10,338,5
2018-12-29 12:00:00,-1,-3,0.7,3.4,1,1,48,No moonrise,12:10 PM,07:18 AM,04:28 PM,-4,-3,-2,-3,4,100,82,0.0,1028,-2,10,25,4
2018-12-29 15:00:00,-1,-3,0.7,3.4,1,1,48,No moonrise,12:10 PM,07:18 AM,04:28 PM,-4,-4,-1,-4,9,100,81,0.1,1026,-1,5,138,7
2018-12-29 18:00:00,-1,-3,0.7,3.4,1,0,48,No moonrise,12:10 PM,07:18 AM,04:28 PM,-5,-7,-2,-7,20,100,79,0.0,1025,-2,10,219,15
2018-12-29 21:00:00,-1,-3,0.7,3.4,1,0,48,No moonrise,12:10 PM,07:18 AM,04:28 PM,-7,-9,-3,-9,27,100,74,0.4,1024,-3,2,225,21
2018-12-30 00:00:00,1,-5,0.0,8.7,1,0,40,12:47 AM,12:39 PM,07:18 AM,04:28 PM,-8,-11,-4,-11,29,95,75,0.0,1023,-4,10,243,23
2018-12-30 03:00:00,1,-5,0.0,8.7,1,0,40,12:47 AM,12:39 PM,07:18 AM,04:28 PM,-9,-11,-4,-11,28,0,69,0.0,1023,-4,10,230,21
2018-12-30 06:00:00,1,-5,0.0,8.7,1,0,40,12:47 AM,12:39 PM,07:18 AM,04:28 PM,-9,-11,-5,-11,19,1,72,0.0,1022,-5,10,234,15
2018-12-30 09:00:00,1,-5,0.0,8.7,1,2,40,12:47 AM,12:39 PM,07:18 AM,04:28 PM,-9,-10,-4,-10,27,5,64,0.0,1020,-4,10,211,20
2018-12-30 12:00:00,1,-5,0.0,8.7,1,2,40,12:47 AM,12:39 PM,07:18 AM,04:28 PM,-9,-7,-1,-7,27,9,57,0.0,1018,-1,10,195,21
2018-12-30 15:00:00,1,-5,0.0,8.7,1,2,40,12:47 AM,12:39 PM,07:18 AM,04:28 PM,-6,-4,1,-4,28,5,61,0.0,1017,1,10,200,19
2018-12-30 18:00:00,1,-5,0.0,8.7,1,0,40,12:47 AM,12:39 PM,07:18 AM,04:28 PM,-4,-5,0,-5,35,0,73,0.0,1017,0,10,186,21
2018-12-30 21:00:00,1,-5,0.0,8.7,1,0,40,12:47 AM,12:39 PM,07:18 AM,04:28 PM,-3,-5,0,-5,33,12,78,0.0,1017,0,10,199,20
2018-12-31 00:00:00,2,-1,0.0,3.4,1,0,36,01:53 AM,01:09 PM,07:18 AM,04:29 PM,-3,-5,0,-5,30,85,80,0.0,1016,0,10,188,18
2018-12-31 03:00:00,2,-1,0.0,3.4,1,0,36,01:53 AM,01:09 PM,07:18 AM,04:29 PM,-2,-3,1,-3,21,49,82,0.0,1015,1,10,183,12
2018-12-31 06:00:00,2,-1,0.0,3.4,1,0,36,01:53 AM,01:09 PM,07:18 AM,04:29 PM,0,-0,1,-0,11,100,94,0.0,1013,1,2,141,6
2018-12-31 09:00:00,2,-1,0.0,3.4,1,1,36,01:53 AM,01:09 PM,07:18 AM,04:29 PM,1,-2,2,-2,30,100,98,3.9,1010,2,7,118,15
2018-12-31 12:00:00,2,-1,0.0,3.4,1,1,36,01:53 AM,01:09 PM,07:18 AM,04:29 PM,2,-2,2,-2,26,100,100,0.0,1005,2,10,63,13
2018-12-31 15:00:00,2,-1,0.0,3.4,1,1,36,01:53 AM,01:09 PM,07:18 AM,04:29 PM,2,-2,2,-2,40,100,99,4.5,1000,2,7,60,20
2018-12-31 18:00:00,2,-1,0.0,3.4,1,0,36,01:53 AM,01:09 PM,07:18 AM,04:29 PM,2,-3,2,-3,41,100,96,8.2,1002,2,5,334,24
2018-12-31 21:00:00,2,-1,0.0,3.4,1,0,36,01:53 AM,01:09 PM,07:18 AM,04:29 PM,-4,-3,0,-3,32,100,75,4.6,1018,-1,8,333,8
2019-01-01 00:00:00,0,-2,0.9,3.4,1,0,26,02:58 AM,01:41 PM,07:18 AM,04:30 PM,-3,-5,-1,-5,34,100,82,2.2,1013,-2,4,325,12
2019-01-01 03:00:00,0,-2,0.9,3.4,1,0,26,02:58 AM,01:41 PM,07:18 AM,04:30 PM,-3,-5,-0,-5,30,100,79,0.8,1014,-1,7,329,15
2019-01-01 06:00:00,0,-2,0.9,3.4,1,0,26,02:58 AM,01:41 PM,07:18 AM,04:30 PM,-2,-4,1,-4,31,100,84,0.1,1017,-0,10,348,19
2019-01-01 09:00:00,0,-2,0.9,3.4,1,1,26,02:58 AM,01:41 PM,07:18 AM,04:30 PM,-2,-4,1,-4,28,100,83,0.0,1020,0,10,354,19
2019-01-01 12:00:00,0,-2,0.9,3.4,1,1,26,02:58 AM,01:41 PM,07:18 AM,04:30 PM,-6,-6,-0,-6,24,100,66,0.0,1023,-1,10,351,21
2019-01-01 15:00:00,0,-2,0.9,3.4,1,1,26,02:58 AM,01:41 PM,07:18 AM,04:30 PM,-5,-6,-0,-6,20,100,69,0.1,1024,-1,10,354,20
2019-01-01 18:00:00,0,-2,0.9,3.4,1,0,26,02:58 AM,01:41 PM,07:18 AM,04:30 PM,-9,-4,0,-4,18,100,66,0.1,1024,-3,10,127,19
2019-01-01 21:00:00,0,-2,0.9,3.4,1,0,26,02:58 AM,01:41 PM,07:18 AM,04:30 PM,-13,-5,-1,-5,14,100,63,0.1,1025,-5,10,222,20
2019-01-02 00:00:00,-3,-6,0.3,3.4,1,0,19,04:01 AM,02:15 PM,07:19 AM,04:31 PM,-15,-13,-7,-13,8,97,64,0.0,1027,-9,10,325,20
2019-01-02 03:00:00,-3,-6,0.3,3.4,1,0,19,04:01 AM,02:15 PM,07:19 AM,04:31 PM,-10,-8,-6,-8,4,98,74,0.0,1028,-7,10,268,8
2019-01-02 06:00:00,-3,-6,0.3,3.4,1,0,19,04:01 AM,02:15 PM,07:19 AM,04:31 PM,-7,-6,-4,-6,5,100,80,0.0,1028,-5,10,208,6
2019-01-02 09:00:00,-3,-6,0.3,3.4,1,1,19,04:01 AM,02:15 PM,07:19 AM,04:31 PM,-10,-9,-5,-9,13,100,66,0.1,1027,-6,10,184,10
2019-01-02 12:00:00,-3,-6,0.3,3.4,1,1,19,04:01 AM,02:15 PM,07:19 AM,04:31 PM,-11,-9,-4,-9,18,100,54,0.1,1025,-5,7,197,14
2019-01-02 15:00:00,-3,-6,0.3,3.4,1,1,19,04:01 AM,02:15 PM,07:19 AM,04:31 PM,-11,-7,-2,-7,24,96,51,0.1,1023,-3,8,224,16
2019-01-02 18:00:00,-3,-6,0.3,3.4,1,0,19,04:01 AM,02:15 PM,07:19 AM,04:31 PM,-13,-6,-3,-6,27,95,53,0.0,1024,-4,10,244,14
2019-01-02 21:00:00,-3,-6,0.3,3.4,1,0,19,04:01 AM,02:15 PM,07:19 AM,04:31 PM,-9,-9,-7,-9,28,66,66,0.0,1021,-9,10,252,12
2019-01-03 00:00:00,2,-6,0.0,8.7,2,0,11,05:02 AM,02:54 PM,07:19 AM,04:32 PM,-8,-10,-6,-10,27,20,68,0.0,1019,-7,10,253,11
2019-01-03 03:00:00,2,-6,0.0,8.7,2,0,11,05:02 AM,02:54 PM,07:19 AM,04:32 PM,-10,-8,-4,-8,26,2,66,0.0,1019,-5,10,242,10
2019-01-03 06:00:00,2,-6,0.0,8.7,2,0,11,05:02 AM,02:54 PM,07:19 AM,04:32 PM,-9,-9,-5,-9,25,1,72,0.0,1020,-6,10,236,10
2019-01-03 09:00:00,2,-6,0.0,8.7,2,2,11,05:02 AM,02:54 PM,07:19 AM,04:32 PM,-11,-10,-4,-10,24,1,61,0.0,1020,-5,10,230,16
2019-01-03 12:00:00,2,-6,0.0,8.7,2,2,11,05:02 AM,02:54 PM,07:19 AM,04:32 PM,-7,-4,1,-4,26,2,58,0.0,1017,-0,10,226,18
2019-01-03 15:00:00,2,-6,0.0,8.7,2,2,11,05:02 AM,02:54 PM,07:19 AM,04:32 PM,-8,-4,0,-4,27,3,53,0.0,1016,-1,10,227,17
2019-01-03 18:00:00,2,-6,0.0,8.7,2,0,11,05:02 AM,02:54 PM,07:19 AM,04:32 PM,-9,-7,-2,-7,33,4,56,0.0,1016,-3,10,222,16
2019-01-03 21:00:00,2,-6,0.0,8.7,2,0,11,05:02 AM,02:54 PM,07:19 AM,04:32 PM,-7,-8,-5,-8,39,5,66,0.0,1011,-6,10,222,16
2019-01-04 00:00:00,6,-2,0.0,8.7,2,0,4,06:00 AM,03:38 PM,07:19 AM,04:33 PM,-6,-7,-3,-7,37,4,70,0.0,1007,-4,10,231,16
2019-01-04 03:00:00,6,-2,0.0,8.7,2,0,4,06:00 AM,03:38 PM,07:19 AM,04:33 PM,-6,-6,-1,-6,35,2,70,0.0,1007,-2,10,231,15
2019-01-04 06:00:00,6,-2,0.0,8.7,2,0,4,06:00 AM,03:38 PM,07:19 AM,04:33 PM,-6,-6,-1,-6,30,2,69,0.0,1007,-2,10,230,15
2019-01-04 09:00:00,6,-2,0.0,8.7,2,2,4,06:00 AM,03:38 PM,07:19 AM,04:33 PM,-3,-2,2,-2,27,3,73,0.0,1010,1,10,225,15
2019-01-04 12:00:00,6,-2,0.0,8.7,2,2,4,06:00 AM,03:38 PM,07:19 AM,04:33 PM,-1,3,6,3,19,4,64,0.0,1009,5,10,223,13
2019-01-04 15:00:00,6,-2,0.0,8.7,2,2,4,06:00 AM,03:38 PM,07:19 AM,04:33 PM,-3,0,4,0,15,3,58,0.0,1010,4,10,241,19
2019-01-04 18:00:00,6,-2,0.0,8.7,2,0,4,06:00 AM,03:38 PM,07:19 AM,04:33 PM,-3,-2,2,-2,23,2,71,0.0,1008,1,10,287,13
2019-01-04 21:00:00,6,-2,0.0,8.7,2,0,4,06:00 AM,03:38 PM,07:19 AM,04:33 PM,-4,-3,1,-3,25,3,72,0.0,1010,0,10,301,19
2019-01-05 00:00:00,9,-2,0.0,8.7,2,0,0,06:54 AM,04:26 PM,07:19 AM,04:34 PM,-2,-3,2,-3,24,4,76,0.0,1012,1,10,304,18
2019-01-05 03:00:00,9,-2,0.0,8.7,2,0,0,06:54 AM,04:26 PM,07:19 AM,04:34 PM,-4,-5,0,-5,22,3,75,0.0,1013,-1,10,296,17
2019-01-05 06:00:00,9,-2,0.0,8.7,2,0,0,06:54 AM,04:26 PM,07:19 AM,04:34 PM,-5,-6,-1,-6,21,4,72,0.0,1015,-2,10,275,18
2019-01-05 09:00:00,9,-2,0.0,8.7,2,2,0,06:54 AM,04:26 PM,07:19 AM,04:34 PM,-3,-4,1,-4,22,7,74,0.0,1016,0,10,258,18
2019-01-05 12:00:00,9,-2,0.0,8.7,2,3,0,06:54 AM,04:26 PM,07:19 AM,04:34 PM,1,6,7,6,24,6,65,0.0,1013,7,10,244,16
2019-01-05 15:00:00,9,-2,0.0,8.7,2,3,0,06:54 AM,04:26 PM,07:19 AM,04:34 PM,-1,3,6,3,30,17,64,0.0,1014,5,10,254,16
2019-01-05 18:00:00,9,-2,0.0,8.7,2,0,0,06:54 AM,04:26 PM,07:19 AM,04:34 PM,-2,-1,3,-1,33,64,73,0.0,1017,2,10,271,15
2019-01-05 21:00:00,9,-2,0.0,8.7,2,0,0,06:54 AM,04:26 PM,07:19 AM,04:34 PM,-2,-3,1,-3,33,45,76,0.0,1018,1,10,291,14
2019-01-06 00:00:00,4,-1,0.0,6.9,2,0,0,07:42 AM,05:18 PM,07:18 AM,04:35 PM,-2,-2,1,-2,30,11,79,0.0,1022,0,10,324,11
2019-01-06 03:00:00,4,-1,0.0,6.9,2,0,0,07:42 AM,05:18 PM,07:18 AM,04:35 PM,-3,-3,0,-3,26,12,79,0.0,1025,-1,10,116,8
2019-01-06 06:00:00,4,-1,0.0,6.9,2,0,0,07:42 AM,05:18 PM,07:18 AM,04:35 PM,-3,-3,0,-3,24,45,79,0.0,1026,-1,10,32,8
2019-01-06 09:00:00,4,-1,0.0,6.9,2,2,0,07:42 AM,05:18 PM,07:18 AM,04:35 PM,-0,-2,1,-2,24,29,86,0.0,1024,1,10,70,12
2019-01-06 12:00:00,4,-1,0.0,6.9,2,2,0,07:42 AM,05:18 PM,07:18 AM,04:35 PM,1,0,4,0,24,38,81,0.0,1021,3,10,86,14
2019-01-06 15:00:00,4,-1,0.0,6.9,2,2,0,07:42 AM,05:18 PM,07:18 AM,04:35 PM,-1,-0,4,-0,27,68,71,0.0,1023,3,10,85,13
2019-01-06 18:00:00,4,-1,0.0,6.9,2,0,0,07:42 AM,05:18 PM,07:18 AM,04:35 PM,-2,-2,2,-2,35,76,74,0.0,1025,2,10,94,13
2019-01-06 21:00:00,4,-1,0.0,6.9,2,0,0,07:42 AM,05:18 PM,07:18 AM,04:35 PM,-2,-2,2,-2,41,84,79,0.1,1025,1,10,112,12
2019-01-07 00:00:00,9,1,0.0,3.4,1,0,3,08:25 AM,06:13 PM,07:18 AM,04:36 PM,-1,-1,2,-1,46,96,80,0.2,1020,1,5,130,14
2019-01-07 03:00:00,9,1,0.0,3.4,1,0,3,08:25 AM,06:13 PM,07:18 AM,04:36 PM,2,-0,4,-0,54,100,82,0.3,1013,3,2,142,24
2019-01-07 06:00:00,9,1,0.0,3.4,1,0,3,08:25 AM,06:13 PM,07:18 AM,04:36 PM,2,-1,4,-1,53,100,88,0.3,1010,3,2,153,22
2019-01-07 09:00:00,9,1,0.0,3.4,1,2,3,08:25 AM,06:13 PM,07:18 AM,04:36 PM,4,2,6,2,51,100,86,4.5,1006,6,5,166,26
2019-01-07 12:00:00,9,1,0.0,3.4,1,2,3,08:25 AM,06:13 PM,07:18 AM,04:36 PM,6,8,9,8,58,100,82,10.4,1002,9,6,180,31
2019-01-07 15:00:00,9,1,0.0,3.4,1,1,3,08:25 AM,06:13 PM,07:18 AM,04:36 PM,1,2,5,2,55,100,75,5.5,1016,4,6,201,19
2019-01-07 18:00:00,9,1,0.0,3.4,1,0,3,08:25 AM,06:13 PM,07:18 AM,04:36 PM,3,-3,2,-3,54,82,87,2.6,1013,-2,7,246,14
2019-01-07 21:00:00,9,1,0.0,3.4,1,0,3,08:25 AM,06:13 PM,07:18 AM,04:36 PM,5,-7,-4,-7,45,27,92,1.0,1005,-7,9,265,20
2019-01-08 00:00:00,6,0,0.0,5.2,2,0,10,09:02 AM,07:11 PM,07:18 AM,04:37 PM,4,-2,1,-2,26,24,90,0.0,1007,-0,10,262,17
2019-01-08 03:00:00,6,0,0.0,5.2,2,0,10,09:02 AM,07:11 PM,07:18 AM,04:37 PM,2,1,3,1,17,45,90,0.0,1011,2,10,219,9
2019-01-08 06:00:00,6,0,0.0,5.2,2,0,10,09:02 AM,07:11 PM,07:18 AM,04:37 PM,0,-1,2,-1,22,47,90,0.0,1013,1,10,214,8
2019-01-08 09:00:00,6,0,0.0,5.2,2,2,10,09:02 AM,07:11 PM,07:18 AM,04:37 PM,-3,-2,1,-2,29,63,76,0.0,1022,1,10,240,13
2019-01-08 12:00:00,6,0,0.0,5.2,2,1,10,09:02 AM,07:11 PM,07:18 AM,04:37 PM,-1,0,5,0,39,86,65,0.1,1016,4,5,282,27
2019-01-08 15:00:00,6,0,0.0,5.2,2,1,10,09:02 AM,07:11 PM,07:18 AM,04:37 PM,-2,1,6,1,46,31,59,0.1,1014,5,7,293,34
2019-01-08 18:00:00,6,0,0.0,5.2,2,0,10,09:02 AM,07:11 PM,07:18 AM,04:37 PM,-5,-1,4,-1,46,57,53,0.0,1017,3,10,294,30
2019-01-08 21:00:00,6,0,0.0,5.2,2,0,10,09:02 AM,07:11 PM,07:18 AM,04:37 PM,-7,-4,2,-4,43,88,54,0.0,1019,1,5,297,26
2019-01-09 00:00:00,-1,-4,0.0,8.7,1,0,18,09:35 AM,08:08 PM,07:18 AM,04:38 PM,-8,-6,-0,-6,40,75,59,0.0,1021,-1,7,301,22
2019-01-09 03:00:00,-1,-4,0.0,8.7,1,0,18,09:35 AM,08:08 PM,07:18 AM,04:38 PM,-9,-8,-2,-8,36,55,61,0.0,1023,-3,10,305,23
2019-01-09 06:00:00,-1,-4,0.0,8.7,1,0,18,09:35 AM,08:08 PM,07:18 AM,04:38 PM,-4,-5,-1,-5,35,29,77,0.0,1023,-2,10,306,17
2019-01-09 09:00:00,-1,-4,0.0,8.7,1,2,18,09:35 AM,08:08 PM,07:18 AM,04:38 PM,-7,-8,-2,-8,34,13,69,0.0,1025,-3,10,312,22
2019-01-09 12:00:00,-1,-4,0.0,8.7,1,2,18,09:35 AM,08:08 PM,07:18 AM,04:38 PM,-10,-9,-2,-9,30,9,56,0.0,1026,-3,10,315,26
2019-01-09 15:00:00,-1,-4,0.0,8.7,1,2,18,09:35 AM,08:08 PM,07:18 AM,04:38 PM,-10,-8,-2,-8,30,8,53,0.0,1027,-3,10,316,24
2019-01-09 18:00:00,-1,-4,0.0,8.7,1,0,18,09:35 AM,08:08 PM,07:18 AM,04:38 PM,-10,-9,-3,-9,31,5,57,0.0,1029,-4,10,318,24
2019-01-09 21:00:00,-1,-4,0.0,8.7,1,0,18,09:35 AM,08:08 PM,07:18 AM,04:38 PM,-10,-9,-3,-9,28,4,62,0.0,1030,-4,10,325,24
2019-01-10 00:00:00,-2,-5,0.0,7.0,2,0,25,10:04 AM,09:07 PM,07:18 AM,04:39 PM,-9,-10,-4,-10,26,4,65,0.0,1030,-5,10,333,21
2019-01-10 03:00:00,-2,-5,0.0,7.0,2,0,25,10:04 AM,09:07 PM,07:18 AM,04:39 PM,-9,-10,-4,-10,24,13,67,0.0,1031,-5,10,333,18
2019-01-10 06:00:00,-2,-5,0.0,7.0,2,0,25,10:04 AM,09:07 PM,07:18 AM,04:39 PM,-8,-9,-4,-9,23,27,69,0.0,1031,-5,10,330,16
2019-01-10 09:00:00,-2,-5,0.0,7.0,2,2,25,10:04 AM,09:07 PM,07:18 AM,04:39 PM,-7,-7,-3,-7,21,77,69,0.0,1032,-4,10,322,12
2019-01-10 12:00:00,-2,-5,0.0,7.0,2,1,25,10:04 AM,09:07 PM,07:18 AM,04:39 PM,-9,-7,-3,-7,16,53,62,0.0,1031,-4,10,320,12
2019-01-10 15:00:00,-2,-5,0.0,7.0,2,2,25,10:04 AM,09:07 PM,07:18 AM,04:39 PM,-9,-5,-2,-5,10,18,56,0.0,1030,-3,10,329,10
2019-01-10 18:00:00,-2,-5,0.0,7.0,2,0,25,10:04 AM,09:07 PM,07:18 AM,04:39 PM,-8,-5,-2,-5,6,6,63,0.0,1030,-3,10,124,6
2019-01-10 21:00:00,-2,-5,0.0,7.0,2,0,25,10:04 AM,09:07 PM,07:18 AM,04:39 PM,-9,-5,-4,-5,4,14,70,0.0,1029,-5,10,109,3
2019-01-11 00:00:00,0,-1,0.0,8.7,2,0,32,10:31 AM,10:05 PM,07:17 AM,04:40 PM,-9,-5,-5,-5,5,22,75,0.0,1029,-6,10,163,3
2019-01-11 03:00:00,0,-1,0.0,8.7,2,0,32,10:31 AM,10:05 PM,07:17 AM,04:40 PM,-9,-5,-5,-5,7,14,76,0.0,1029,-6,10,177,5
2019-01-11 06:00:00,0,-1,0.0,8.7,2,0,32,10:31 AM,10:05 PM,07:17 AM,04:40 PM,-5,-4,-1,-4,10,15,77,0.0,1024,-2,10,168,13
2019-01-11 09:00:00,0,-1,0.0,8.7,2,2,32,10:31 AM,10:05 PM,07:17 AM,04:40 PM,-4,-4,0,-4,14,18,72,0.0,1026,-1,10,165,12
2019-01-11 12:00:00,0,-1,0.0,8.7,2,2,32,10:31 AM,10:05 PM,07:17 AM,04:40 PM,-6,-3,1,-3,16,20,63,0.0,1028,-0,10,165,13
2019-01-11 15:00:00,0,-1,0.0,8.7,2,2,32,10:31 AM,10:05 PM,07:17 AM,04:40 PM,-6,-3,1,-3,15,22,61,0.0,1028,0,10,158,14
2019-01-11 18:00:00,0,-1,0.0,8.7,2,0,32,10:31 AM,10:05 PM,07:17 AM,04:40 PM,-3,-3,1,-3,13,21,75,0.0,1025,0,10,147,13
2019-01-11 21:00:00,0,-1,0.0,8.7,2,0,32,10:31 AM,10:05 PM,07:17 AM,04:40 PM,-2,-3,1,-3,14,26,84,0.0,1022,0,10,144,12
2019-01-12 00:00:00,0,-1,6.5,3.5,2,0,39,10:57 AM,11:05 PM,07:17 AM,04:41 PM,-1,-4,0,-4,14,42,87,0.0,1022,-1,10,133,10
2019-01-12 03:00:00,0,-1,6.5,3.5,2,0,39,10:57 AM,11:05 PM,07:17 AM,04:41 PM,-1,-4,0,-4,14,68,89,0.0,1021,-1,10,118,13
2019-01-12 06:00:00,0,-1,6.5,3.5,2,0,39,10:57 AM,11:05 PM,07:17 AM,04:41 PM,-1,-5,0,-5,17,77,88,0.0,1016,-1,10,100,18
2019-01-12 09:00:00,0,-1,6.5,3.5,2,1,39,10:57 AM,11:05 PM,07:17 AM,04:41 PM,-2,-5,0,-5,21,73,83,0.3,1016,-1,7,95,16
2019-01-12 12:00:00,0,-1,6.5,3.5,2,1,39,10:57 AM,11:05 PM,07:17 AM,04:41 PM,-2,-3,1,-3,25,91,79,0.9,1024,-0,3,94,14
2019-01-12 15:00:00,0,-1,6.5,3.5,2,1,39,10:57 AM,11:05 PM,07:17 AM,04:41 PM,-2,-3,1,-3,28,100,79,1.8,1028,0,2,81,19
2019-01-12 18:00:00,0,-1,6.5,3.5,2,0,39,10:57 AM,11:05 PM,07:17 AM,04:41 PM,-2,-3,1,-3,32,100,81,3.1,1026,0,2,79,13
2019-01-12 21:00:00,0,-1,6.5,3.5,2,0,39,10:57 AM,11:05 PM,07:17 AM,04:41 PM,-2,-3,0,-3,38,100,84,1.8,1028,-1,1,75,11
2019-01-13 00:00:00,0,-3,0.8,7.0,1,0,47,11:23 AM,No moonset,07:17 AM,04:42 PM,-2,-4,0,-4,38,100,88,1.3,1030,-1,1,71,12
2019-01-13 03:00:00,0,-3,0.8,7.0,1,0,47,11:23 AM,No moonset,07:17 AM,04:42 PM,-3,-5,0,-5,36,100,81,0.6,1029,-1,4,69,20
2019-01-13 06:00:00,0,-3,0.8,7.0,1,0,47,11:23 AM,No moonset,07:17 AM,04:42 PM,-4,-7,-1,-7,33,100,80,0.2,1030,-2,5,66,17
2019-01-13 09:00:00,0,-3,0.8,7.0,1,1,47,11:23 AM,No moonset,07:17 AM,04:42 PM,-4,-6,-1,-6,31,74,78,0.1,1030,-2,8,59,18
2019-01-13 12:00:00,0,-3,0.8,7.0,1,2,47,11:23 AM,No moonset,07:17 AM,04:42 PM,-5,-4,1,-4,26,33,70,0.0,1030,-0,10,55,15
2019-01-13 15:00:00,0,-3,0.8,7.0,1,2,47,11:23 AM,No moonset,07:17 AM,04:42 PM,-4,-4,1,-4,21,11,69,0.0,1029,0,10,46,16
2019-01-13 18:00:00,0,-3,0.8,7.0,1,0,47,11:23 AM,No moonset,07:17 AM,04:42 PM,-4,-4,0,-4,17,48,73,0.0,1030,-1,10,34,14
2019-01-13 21:00:00,0,-3,0.8,7.0,1,0,47,11:23 AM,No moonset,07:17 AM,04:42 PM,-5,-5,-2,-5,14,35,77,0.0,1031,-3,10,245,8
2019-01-14 00:00:00,2,-6,0.0,8.7,2,0,54,11:51 AM,12:06 AM,07:16 AM,04:43 PM,-6,-6,-3,-6,12,15,78,0.0,1030,-4,10,327,4
2019-01-14 03:00:00,2,-6,0.0,8.7,2,0,54,11:51 AM,12:06 AM,07:16 AM,04:43 PM,-7,-8,-4,-8,13,10,82,0.0,1029,-5,10,297,6
2019-01-14 06:00:00,2,-6,0.0,8.7,2,0,54,11:51 AM,12:06 AM,07:16 AM,04:43 PM,-7,-9,-5,-9,15,6,84,0.0,1030,-6,10,277,9
2019-01-14 09:00:00,2,-6,0.0,8.7,2,2,54,11:51 AM,12:06 AM,07:16 AM,04:43 PM,-4,-6,-2,-6,15,8,81,0.0,1030,-3,10,263,11
2019-01-14 12:00:00,2,-6,0.0,8.7,2,2,54,11:51 AM,12:06 AM,07:16 AM,04:43 PM,-4,-3,1,-3,15,16,66,0.0,1027,1,10,248,12
2019-01-14 15:00:00,2,-6,0.0,8.7,2,2,54,11:51 AM,12:06 AM,07:16 AM,04:43 PM,-3,-1,3,-1,17,50,68,0.0,1027,2,10,237,14
2019-01-14 18:00:00,2,-6,0.0,8.7,2,0,54,11:51 AM,12:06 AM,07:16 AM,04:43 PM,-2,-2,2,-2,20,50,78,0.0,1027,1,10,232,16
2019-01-14 21:00:00,2,-6,0.0,8.7,2,0,54,11:51 AM,12:06 AM,07:16 AM,04:43 PM,-1,-4,-1,-4,22,81,82,0.1,1026,-3,7,254,17
2019-01-15 00:00:00,3,0,0.7,3.5,1,0,61,12:20 PM,01:09 AM,07:16 AM,04:44 PM,-3,-4,-1,-4,21,100,76,0.2,1027,-2,5,263,13
2019-01-15 03:00:00,3,0,0.7,3.5,1,0,61,12:20 PM,01:09 AM,07:16 AM,04:44 PM,-3,-6,-1,-6,20,100,84,0.1,1024,-2,8,253,12
2019-01-15 06:00:00,3,0,0.7,3.5,1,0,61,12:20 PM,01:09 AM,07:16 AM,04:44 PM,-2,-4,0,-4,19,100,84,0.0,1024,-1,10,247,13
2019-01-15 09:00:00,3,0,0.7,3.5,1,1,61,12:20 PM,01:09 AM,07:16 AM,04:44 PM,-2,-3,1,-3,19,100,81,0.0,1025,0,10,240,12
2019-01-15 12:00:00,3,0,0.7,3.5,1,1,61,12:20 PM,01:09 AM,07:16 AM,04:44 PM,-1,-2,2,-2,23,97,76,0.1,1022,2,7,234,12
2019-01-15 15:00:00,3,0,0.7,3.5,1,1,61,12:20 PM,01:09 AM,07:16 AM,04:44 PM,-0,-0,4,-0,28,92,74,0.1,1021,3,7,232,14
2019-01-15 18:00:00,3,0,0.7,3.5,1,0,61,12:20 PM,01:09 AM,07:16 AM,04:44 PM,1,-1,3,-1,31,90,83,0.2,1019,3,6,238,14
2019-01-15 21:00:00,3,0,0.7,3.5,1,0,61,12:20 PM,01:09 AM,07:16 AM,04:44 PM,2,-2,1,-2,35,89,89,0.1,1017,-1,8,248,14
2019-01-16 00:00:00,0,-1,0.0,5.2,1,0,69,12:54 PM,02:14 AM,07:16 AM,04:46 PM,2,-2,1,-2,30,94,90,0.1,1018,-0,7,264,14
2019-01-16 03:00:00,0,-1,0.0,5.2,1,0,69,12:54 PM,02:14 AM,07:16 AM,04:46 PM,-1,-3,1,-3,24,91,91,0.0,1018,-0,8,274,12
2019-01-16 06:00:00,0,-1,0.0,5.2,1,0,69,12:54 PM,02:14 AM,07:16 AM,04:46 PM,-2,-5,0,-5,21,65,91,0.0,1017,-1,10,311,13
2019-01-16 09:00:00,0,-1,0.0,5.2,1,2,69,12:54 PM,02:14 AM,07:16 AM,04:46 PM,-3,-4,1,-4,20,26,81,0.0,1020,-0,10,348,14
2019-01-16 12:00:00,0,-1,0.0,5.2,1,2,69,12:54 PM,02:14 AM,07:16 AM,04:46 PM,-4,-3,1,-3,21,68,72,0.0,1021,0,10,138,14
2019-01-16 15:00:00,0,-1,0.0,5.2,1,1,69,12:54 PM,02:14 AM,07:16 AM,04:46 PM,-5,-4,0,-4,22,80,66,0.0,1024,-1,10,37,17
2019-01-16 18:00:00,0,-1,0.0,5.2,1,0,69,12:54 PM,02:14 AM,07:16 AM,04:46 PM,-5,-6,-1,-6,19,74,73,0.0,1024,-2,10,47,18
2019-01-16 21:00:00,0,-1,0.0,5.2,1,0,69,12:54 PM,02:14 AM,07:16 AM,04:46 PM,-5,-7,-2,-7,20,59,79,0.0,1023,-3,10,70,15
2019-01-17 00:00:00,1,-1,0.1,3.5,2,0,76,01:34 PM,03:22 AM,07:15 AM,04:47 PM,-4,-6,-1,-6,19,84,78,0.0,1022,-2,10,88,13
2019-01-17 03:00:00,1,-1,0.1,3.5,2,0,76,01:34 PM,03:22 AM,07:15 AM,04:47 PM,-5,-5,-1,-5,16,100,76,0.0,1022,-2,10,96,12
2019-01-17 06:00:00,1,-1,0.1,3.5,2,0,76,01:34 PM,03:22 AM,07:15 AM,04:47 PM,-3,-4,-0,-4,14,100,81,0.0,1021,-1,10,109,13
2019-01-17 09:00:00,1,-1,0.1,3.5,2,1,76,01:34 PM,03:22 AM,07:15 AM,04:47 PM,-3,-4,0,-4,11,100,82,0.0,1020,-1,10,121,12
2019-01-17 12:00:00,1,-1,0.1,3.5,2,1,76,01:34 PM,03:22 AM,07:15 AM,04:47 PM,-3,-4,0,-4,3,100,81,0.1,1018,-1,10,100,11
2019-01-17 15:00:00,1,-1,0.1,3.5,2,1,76,01:34 PM,03:22 AM,07:15 AM,04:47 PM,-2,-2,1,-2,6,100,80,0.0,1016,1,10,227,11
2019-01-17 18:00:00,1,-1,0.1,3.5,2,0,76,01:34 PM,03:22 AM,07:15 AM,04:47 PM,-3,-4,1,-4,12,100,77,0.0,1019,-0,10,295,15
2019-01-17 21:00:00,1,-1,0.1,3.5,2,0,76,01:34 PM,03:22 AM,07:15 AM,04:47 PM,-4,-6,-1,-6,13,100,83,0.0,1020,-2,10,292,15
2019-01-18 00:00:00,-1,-3,0.4,5.2,1,0,83,02:21 PM,04:31 AM,07:14 AM,04:48 PM,-3,-6,-2,-6,15,95,88,0.1,1018,-3,10,290,13
2019-01-18 03:00:00,-1,-3,0.4,5.2,1,0,83,02:21 PM,04:31 AM,07:14 AM,04:48 PM,-4,-6,-2,-6,14,86,87,0.0,1017,-3,10,303,12
2019-01-18 06:00:00,-1,-3,0.4,5.2,1,0,83,02:21 PM,04:31 AM,07:14 AM,04:48 PM,-3,-6,-2,-6,12,49,89,0.0,1017,-3,10,329,11
2019-01-18 09:00:00,-1,-3,0.4,5.2,1,1,83,02:21 PM,04:31 AM,07:14 AM,04:48 PM,-4,-6,-1,-6,13,42,84,0.0,1019,-2,10,126,14
2019-01-18 12:00:00,-1,-3,0.4,5.2,1,2,83,02:21 PM,04:31 AM,07:14 AM,04:48 PM,-4,-5,-0,-5,14,81,76,0.0,1019,-1,10,35,14
2019-01-18 15:00:00,-1,-3,0.4,5.2,1,1,83,02:21 PM,04:31 AM,07:14 AM,04:48 PM,-4,-4,0,-4,21,99,74,0.0,1019,-1,10,44,13
2019-01-18 18:00:00,-1,-3,0.4,5.2,1,0,83,02:21 PM,04:31 AM,07:14 AM,04:48 PM,-4,-5,0,-5,28,100,77,0.3,1020,-1,5,54,16
2019-01-18 21:00:00,-1,-3,0.4,5.2,1,0,83,02:21 PM,04:31 AM,07:14 AM,04:48 PM,-4,-6,-1,-6,32,100,80,0.4,1020,-2,2,67,20
2019-01-19 00:00:00,-4,-5,3.4,3.5,1,0,90,03:19 PM,05:39 AM,07:14 AM,04:49 PM,-4,-8,-2,-8,34,100,84,1.0,1019,-3,2,72,23
2019-01-19 03:00:00,-4,-5,3.4,3.5,1,0,90,03:19 PM,05:39 AM,07:14 AM,04:49 PM,-4,-8,-2,-8,38,100,86,3.0,1022,-3,1,70,22
2019-01-19 06:00:00,-4,-5,3.4,3.5,1,0,90,03:19 PM,05:39 AM,07:14 AM,04:49 PM,-5,-9,-3,-9,43,100,84,4.8,1023,-4,0,64,22
2019-01-19 09:00:00,-4,-5,3.4,3.5,1,1,90,03:19 PM,05:39 AM,07:14 AM,04:49 PM,-5,-11,-3,-11,44,100,87,2.3,1021,-4,0,56,29
2019-01-19 12:00:00,-4,-5,3.4,3.5,1,1,90,03:19 PM,05:39 AM,07:14 AM,04:49 PM,-6,-12,-4,-12,42,100,84,1.0,1023,-4,0,46,33
2019-01-19 15:00:00,-4,-5,3.4,3.5,1,1,90,03:19 PM,05:39 AM,07:14 AM,04:49 PM,-6,-11,-3,-11,44,100,78,0.5,1022,-4,0,31,37
2019-01-19 18:00:00,-4,-5,3.4,3.5,1,0,90,03:19 PM,05:39 AM,07:14 AM,04:49 PM,-7,-12,-4,-12,49,100,76,0.3,1024,-5,0,20,34
2019-01-19 21:00:00,-4,-5,3.4,3.5,1,0,90,03:19 PM,05:39 AM,07:14 AM,04:49 PM,-9,-14,-6,-14,49,94,77,0.3,1027,-7,0,12,32
2019-01-20 00:00:00,-9,-11,0.0,8.7,1,0,98,04:26 PM,06:41 AM,07:13 AM,04:50 PM,-10,-15,-6,-15,45,91,76,0.5,1023,-7,0,6,34
2019-01-20 03:00:00,-9,-11,0.0,8.7,1,0,98,04:26 PM,06:41 AM,07:13 AM,04:50 PM,-11,-16,-7,-16,40,92,76,0.5,1022,-8,0,235,36
2019-01-20 06:00:00,-9,-11,0.0,8.7,1,0,98,04:26 PM,06:41 AM,07:13 AM,04:50 PM,-12,-17,-8,-17,38,86,79,0.5,1025,-9,0,339,36
2019-01-20 09:00:00,-9,-11,0.0,8.7,1,1,98,04:26 PM,06:41 AM,07:13 AM,04:50 PM,-11,-19,-10,-19,37,34,88,0.2,1028,-11,6,336,36
2019-01-20 12:00:00,-9,-11,0.0,8.7,1,1,98,04:26 PM,06:41 AM,07:13 AM,04:50 PM,-11,-19,-9,-19,34,14,86,0.0,1029,-10,10,337,31
2019-01-20 15:00:00,-9,-11,0.0,8.7,1,2,98,04:26 PM,06:41 AM,07:13 AM,04:50 PM,-12,-17,-8,-17,32,59,78,0.0,1030,-9,10,335,26
2019-01-20 18:00:00,-9,-11,0.0,8.7,1,0,98,04:26 PM,06:41 AM,07:13 AM,04:50 PM,-13,-17,-9,-17,33,74,76,0.0,1031,-10,10,335,23
2019-01-20 21:00:00,-9,-11,0.0,8.7,1,0,98,04:26 PM,06:41 AM,07:13 AM,04:50 PM,-12,-16,-12,-16,33,79,75,0.1,1031,-14,10,346,21
2019-01-21 00:00:00,-11,-13,0.2,7.0,1,0,100,05:39 PM,07:37 AM,07:13 AM,04:52 PM,-13,-18,-12,-18,26,87,79,0.0,1032,-14,10,349,17
2019-01-21 03:00:00,-11,-13,0.2,7.0,1,0,100,05:39 PM,07:37 AM,07:13 AM,04:52 PM,-14,-18,-11,-18,10,92,80,0.3,1031,-12,5,221,14
2019-01-21 06:00:00,-11,-13,0.2,7.0,1,0,100,05:39 PM,07:37 AM,07:13 AM,04:52 PM,-14,-18,-12,-18,13,85,78,0.2,1030,-13,7,173,16
2019-01-21 09:00:00,-11,-13,0.2,7.0,1,1,100,05:39 PM,07:37 AM,07:13 AM,04:52 PM,-15,-19,-11,-19,17,58,75,0.0,1030,-12,10,178,21
2019-01-21 12:00:00,-11,-13,0.2,7.0,1,2,100,05:39 PM,07:37 AM,07:13 AM,04:52 PM,-14,-18,-10,-18,18,64,77,0.0,1031,-11,10,163,24
2019-01-21 15:00:00,-11,-13,0.2,7.0,1,1,100,05:39 PM,07:37 AM,07:13 AM,04:52 PM,-14,-18,-10,-18,22,47,75,0.0,1033,-11,10,149,22
2019-01-21 18:00:00,-11,-13,0.2,7.0,1,0,100,05:39 PM,07:37 AM,07:13 AM,04:52 PM,-14,-15,-11,-15,29,43,70,0.0,1028,-12,10,147,26
2019-01-21 21:00:00,-11,-13,0.2,7.0,1,0,100,05:39 PM,07:37 AM,07:13 AM,04:52 PM,-13,-16,-12,-16,35,48,68,0.0,1024,-16,10,144,27
2019-01-22 00:00:00,-1,-7,0.3,3.5,2,0,88,06:55 PM,08:24 AM,07:12 AM,04:53 PM,-12,-17,-10,-17,37,28,70,0.0,1024,-12,10,148,28
2019-01-22 03:00:00,-1,-7,0.3,3.5,2,0,88,06:55 PM,08:24 AM,07:12 AM,04:53 PM,-12,-16,-7,-16,37,11,71,0.0,1023,-8,10,154,29
2019-01-22 06:00:00,-1,-7,0.3,3.5,2,0,88,06:55 PM,08:24 AM,07:12 AM,04:53 PM,-11,-14,-6,-14,36,7,72,0.0,1021,-7,10,158,27
2019-01-22 09:00:00,-1,-7,0.3,3.5,2,2,88,06:55 PM,08:24 AM,07:12 AM,04:53 PM,-7,-11,-4,-11,37,69,77,0.0,1018,-5,10,169,27
2019-01-22 12:00:00,-1,-7,0.3,3.5,2,1,88,06:55 PM,08:24 AM,07:12 AM,04:53 PM,-5,-9,-2,-9,35,100,80,0.1,1018,-3,10,183,27
2019-01-22 15:00:00,-1,-7,0.3,3.5,2,1,88,06:55 PM,08:24 AM,07:12 AM,04:53 PM,-3,-7,-0,-7,30,100,80,0.3,1012,-1,5,186,23
2019-01-22 18:00:00,-1,-7,0.3,3.5,2,0,88,06:55 PM,08:24 AM,07:12 AM,04:53 PM,-0,-5,-1,-5,27,100,87,1.6,1007,-4,5,179,22
2019-01-22 21:00:00,-1,-7,0.3,3.5,2,0,88,06:55 PM,08:24 AM,07:12 AM,04:53 PM,1,-8,-5,-8,26,100,94,2.7,1007,-8,7,187,21
2019-01-23 00:00:00,0,-6,0.1,3.5,1,0,81,08:11 PM,09:05 AM,07:11 AM,04:54 PM,-0,-7,-2,-7,20,100,94,2.6,1011,-4,7,196,21
2019-01-23 03:00:00,0,-6,0.1,3.5,1,0,81,08:11 PM,09:05 AM,07:11 AM,04:54 PM,0,-3,2,-3,8,100,91,1.4,1007,1,8,110,17
2019-01-23 06:00:00,0,-6,0.1,3.5,1,0,81,08:11 PM,09:05 AM,07:11 AM,04:54 PM,-1,-3,2,-3,11,100,84,0.3,1004,1,3,50,17
2019-01-23 09:00:00,0,-6,0.1,3.5,1,1,81,08:11 PM,09:05 AM,07:11 AM,04:54 PM,-3,-7,-1,-7,21,100,82,1.4,1007,-2,6,250,22
2019-01-23 12:00:00,0,-6,0.1,3.5,1,1,81,08:11 PM,09:05 AM,07:11 AM,04:54 PM,-3,-7,-1,-7,31,100,86,0.7,1007,-2,10,330,24
2019-01-23 15:00:00,0,-6,0.1,3.5,1,1,81,08:11 PM,09:05 AM,07:11 AM,04:54 PM,-6,-9,-4,-9,27,100,79,0.1,1016,-5,7,301,20
2019-01-23 18:00:00,0,-6,0.1,3.5,1,0,81,08:11 PM,09:05 AM,07:11 AM,04:54 PM,-9,-11,-6,-11,26,100,76,0.1,1022,-7,8,300,15
2019-01-23 21:00:00,0,-6,0.1,3.5,1,0,81,08:11 PM,09:05 AM,07:11 AM,04:54 PM,-10,-13,-7,-13,23,99,79,0.1,1015,-8,10,306,19
2019-01-24 00:00:00,-6,-10,0.3,3.5,1,0,73,09:25 PM,09:40 AM,07:10 AM,04:55 PM,-11,-15,-8,-15,22,95,83,0.1,1015,-9,7,305,14
2019-01-24 03:00:00,-6,-10,0.3,3.5,1,0,73,09:25 PM,09:40 AM,07:10 AM,04:55 PM,-11,-14,-9,-14,21,58,85,0.0,1019,-10,8,293,10
2019-01-24 06:00:00,-6,-10,0.3,3.5,1,0,73,09:25 PM,09:40 AM,07:10 AM,04:55 PM,-11,-15,-9,-15,20,39,84,0.0,1020,-10,10,277,14
2019-01-24 09:00:00,-6,-10,0.3,3.5,1,2,73,09:25 PM,09:40 AM,07:10 AM,04:55 PM,-10,-15,-8,-15,19,72,87,0.0,1016,-9,10,264,18
2019-01-24 12:00:00,-6,-10,0.3,3.5,1,1,73,09:25 PM,09:40 AM,07:10 AM,04:55 PM,-9,-12,-6,-12,21,97,81,0.0,1018,-7,10,259,15
2019-01-24 15:00:00,-6,-10,0.3,3.5,1,1,73,09:25 PM,09:40 AM,07:10 AM,04:55 PM,-11,-13,-6,-13,28,100,68,0.1,1017,-7,7,272,24
2019-01-24 18:00:00,-6,-10,0.3,3.5,1,0,73,09:25 PM,09:40 AM,07:10 AM,04:55 PM,-13,-17,-8,-17,39,100,67,0.3,1017,-9,2,285,30
2019-01-24 21:00:00,-6,-10,0.3,3.5,1,0,73,09:25 PM,09:40 AM,07:10 AM,04:55 PM,-16,-21,-11,-21,41,100,67,0.2,1019,-12,1,285,31
2019-01-25 00:00:00,-15,-20,0.3,8.7,1,0,66,10:35 PM,10:12 AM,07:10 AM,04:57 PM,-19,-25,-14,-25,38,100,68,0.1,1022,-15,1,286,30
2019-01-25 03:00:00,-15,-20,0.3,8.7,1,0,66,10:35 PM,10:12 AM,07:10 AM,04:57 PM,-21,-27,-16,-27,35,91,69,0.0,1024,-17,7,284,28
2019-01-25 06:00:00,-15,-20,0.3,8.7,1,0,66,10:35 PM,10:12 AM,07:10 AM,04:57 PM,-22,-29,-18,-29,31,61,70,0.0,1025,-19,10,277,25
2019-01-25 09:00:00,-15,-20,0.3,8.7,1,2,66,10:35 PM,10:12 AM,07:10 AM,04:57 PM,-22,-28,-18,-28,25,35,71,0.0,1026,-19,10,267,21
2019-01-25 12:00:00,-15,-20,0.3,8.7,1,2,66,10:35 PM,10:12 AM,07:10 AM,04:57 PM,-21,-27,-17,-27,21,18,68,0.0,1025,-18,10,249,19
2019-01-25 15:00:00,-15,-20,0.3,8.7,1,2,66,10:35 PM,10:12 AM,07:10 AM,04:57 PM,-19,-23,-15,-23,22,50,66,0.0,1025,-16,10,241,19
2019-01-25 18:00:00,-15,-20,0.3,8.7,1,0,66,10:35 PM,10:12 AM,07:10 AM,04:57 PM,-18,-21,-14,-21,20,90,71,0.1,1024,-15,7,245,16
2019-01-25 21:00:00,-15,-20,0.3,8.7,1,0,66,10:35 PM,10:12 AM,07:10 AM,04:57 PM,-16,-19,-16,-19,18,95,77,0.2,1023,-18,3,292,11
2019-01-26 00:00:00,-10,-19,0.1,5.3,1,0,59,11:44 PM,10:42 AM,07:09 AM,04:58 PM,-16,-20,-15,-20,21,59,83,0.1,1024,-16,7,326,9
2019-01-26 03:00:00,-10,-19,0.1,5.3,1,0,59,11:44 PM,10:42 AM,07:09 AM,04:58 PM,-17,-23,-15,-23,21,29,84,0.0,1027,-16,10,326,13
2019-01-26 06:00:00,-10,-19,0.1,5.3,1,0,59,11:44 PM,10:42 AM,07:09 AM,04:58 PM,-20,-25,-17,-25,17,40,79,0.0,1025,-18,5,305,10
2019-01-26 09:00:00,-10,-19,0.1,5.3,1,1,59,11:44 PM,10:42 AM,07:09 AM,04:58 PM,-17,-22,-15,-22,13,73,82,0.0,1023,-16,7,274,14
2019-01-26 12:00:00,-10,-19,0.1,5.3,1,1,59,11:44 PM,10:42 AM,07:09 AM,04:58 PM,-14,-20,-12,-20,12,57,79,0.0,1022,-13,10,235,19
2019-01-26 15:00:00,-10,-19,0.1,5.3,1,2,59,11:44 PM,10:42 AM,07:09 AM,04:58 PM,-14,-17,-10,-17,15,62,73,0.0,1023,-11,10,221,18
2019-01-26 18:00:00,-10,-19,0.1,5.3,1,0,59,11:44 PM,10:42 AM,07:09 AM,04:58 PM,-15,-16,-10,-16,17,90,68,0.0,1020,-11,10,226,15
2019-01-26 21:00:00,-10,-19,0.1,5.3,1,0,59,11:44 PM,10:42 AM,07:09 AM,04:58 PM,-14,-17,-10,-17,18,100,74,0.5,1018,-11,5,269,13
2019-01-27 00:00:00,-13,-13,0.3,8.7,1,0,51,No moonrise,11:12 AM,07:08 AM,04:59 PM,-14,-17,-11,-17,25,100,80,0.3,1017,-12,7,298,14
2019-01-27 03:00:00,-13,-13,0.3,8.7,1,0,51,No moonrise,11:12 AM,07:08 AM,04:59 PM,-15,-18,-12,-18,27,73,80,0.0,1018,-13,10,305,14
2019-01-27 06:00:00,-13,-13,0.3,8.7,1,0,51,No moonrise,11:12 AM,07:08 AM,04:59 PM,-16,-19,-12,-19,25,33,78,0.0,1017,-13,10,305,13
2019-01-27 09:00:00,-13,-13,0.3,8.7,1,2,51,No moonrise,11:12 AM,07:08 AM,04:59 PM,-16,-19,-12,-19,21,14,77,0.0,1017,-13,10,301,14
2019-01-27 12:00:00,-13,-13,0.3,8.7,1,2,51,No moonrise,11:12 AM,07:08 AM,04:59 PM,-17,-20,-12,-20,15,14,67,0.0,1019,-13,10,282,15
2019-01-27 15:00:00,-13,-13,0.3,8.7,1,2,51,No moonrise,11:12 AM,07:08 AM,04:59 PM,-18,-19,-12,-19,12,24,61,0.0,1020,-13,10,244,12
2019-01-27 18:00:00,-13,-13,0.3,8.7,1,0,51,No moonrise,11:12 AM,07:08 AM,04:59 PM,-17,-16,-11,-16,14,52,63,0.0,1018,-14,10,205,10
2019-01-27 21:00:00,-13,-13,0.3,8.7,1,0,51,No moonrise,11:12 AM,07:08 AM,04:59 PM,-15,-18,-14,-18,20,76,65,0.0,1016,-18,10,156,15
2019-01-28 00:00:00,-2,-6,14.4,3.7,1,0,44,12:50 AM,11:44 AM,07:07 AM,05:01 PM,-12,-17,-10,-17,25,94,70,0.0,1012,-12,10,134,22
2019-01-28 03:00:00,-2,-6,14.4,3.7,1,0,44,12:50 AM,11:44 AM,07:07 AM,05:01 PM,-10,-15,-6,-15,33,100,77,2.3,1006,-7,5,133,30
2019-01-28 06:00:00,-2,-6,14.4,3.7,1,0,44,12:50 AM,11:44 AM,07:07 AM,05:01 PM,-5,-10,-3,-10,32,100,84,6.9,1001,-4,2,139,31
2019-01-28 09:00:00,-2,-6,14.4,3.7,1,1,44,12:50 AM,11:44 AM,07:07 AM,05:01 PM,-3,-9,-2,-9,30,100,95,4.7,1002,-3,2,157,25
2019-01-28 12:00:00,-2,-6,14.4,3.7,1,1,44,12:50 AM,11:44 AM,07:07 AM,05:01 PM,-3,-9,-2,-9,35,100,99,3.5,1001,-3,2,203,23
2019-01-28 15:00:00,-2,-6,14.4,3.7,1,1,44,12:50 AM,11:44 AM,07:07 AM,05:01 PM,-6,-12,-4,-12,39,100,84,1.4,1003,-5,1,242,32
2019-01-28 18:00:00,-2,-6,14.4,3.7,1,0,44,12:50 AM,11:44 AM,07:07 AM,05:01 PM,-11,-16,-7,-16,37,100,73,0.4,1007,-8,1,295,31
2019-01-28 21:00:00,-2,-6,14.4,3.7,1,0,44,12:50 AM,11:44 AM,07:07 AM,05:01 PM,-14,-19,-10,-19,39,100,73,0.4,1011,-11,1,305,27
2019-01-29 00:00:00,-16,-17,0.0,5.4,1,0,37,01:55 AM,12:17 PM,07:06 AM,05:02 PM,-13,-19,-10,-19,35,90,78,0.1,1012,-11,7,296,28
2019-01-29 03:00:00,-16,-17,0.0,5.4,1,0,37,01:55 AM,12:17 PM,07:06 AM,05:02 PM,-16,-23,-13,-23,31,95,76,0.0,1014,-14,10,279,25
2019-01-29 06:00:00,-16,-17,0.0,5.4,1,0,37,01:55 AM,12:17 PM,07:06 AM,05:02 PM,-19,-26,-16,-26,32,100,77,0.0,1015,-17,10,261,25
2019-01-29 09:00:00,-16,-17,0.0,5.4,1,1,37,01:55 AM,12:17 PM,07:06 AM,05:02 PM,-20,-27,-16,-27,33,60,73,0.0,1016,-17,10,263,30
2019-01-29 12:00:00,-16,-17,0.0,5.4,1,2,37,01:55 AM,12:17 PM,07:06 AM,05:02 PM,-19,-27,-15,-27,33,80,71,0.0,1017,-16,10,264,30
2019-01-29 15:00:00,-16,-17,0.0,5.4,1,1,37,01:55 AM,12:17 PM,07:06 AM,05:02 PM,-20,-27,-16,-27,37,100,71,0.1,1018,-17,3,268,27
2019-01-29 18:00:00,-16,-17,0.0,5.4,1,0,37,01:55 AM,12:17 PM,07:06 AM,05:02 PM,-23,-30,-17,-30,40,98,65,0.0,1019,-18,7,273,31
2019-01-29 21:00:00,-16,-17,0.0,5.4,1,0,37,01:55 AM,12:17 PM,07:06 AM,05:02 PM,-26,-34,-20,-34,40,99,61,0.0,1021,-21,5,273,34
2019-01-30 00:00:00,-25,-28,0.0,3.7,1,0,30,02:56 AM,12:54 PM,07:05 AM,05:03 PM,-28,-36,-22,-36,37,100,60,0.0,1021,-23,7,281,33
2019-01-30 03:00:00,-25,-28,0.0,3.7,1,0,30,02:56 AM,12:54 PM,07:05 AM,05:03 PM,-30,-40,-25,-40,37,100,62,0.0,1022,-26,5,282,31
2019-01-30 06:00:00,-25,-28,0.0,3.7,1,0,30,02:56 AM,12:54 PM,07:05 AM,05:03 PM,-32,-42,-27,-42,37,100,64,0.0,1024,-28,7,279,31
2019-01-30 09:00:00,-25,-28,0.0,3.7,1,1,30,02:56 AM,12:54 PM,07:05 AM,05:03 PM,-32,-42,-27,-42,32,100,64,0.0,1027,-28,10,267,32
2019-01-30 12:00:00,-25,-28,0.0,3.7,1,1,30,02:56 AM,12:54 PM,07:05 AM,05:03 PM,-31,-41,-26,-41,29,100,64,0.0,1027,-27,10,260,34
2019-01-30 15:00:00,-25,-28,0.0,3.7,1,1,30,02:56 AM,12:54 PM,07:05 AM,05:03 PM,-29,-39,-24,-39,29,100,66,0.0,1026,-25,10,259,31
2019-01-30 18:00:00,-25,-28,0.0,3.7,1,0,30,02:56 AM,12:54 PM,07:05 AM,05:03 PM,-29,-38,-25,-38,30,90,67,0.0,1027,-26,10,258,27
2019-01-30 21:00:00,-25,-28,0.0,3.7,1,0,30,02:56 AM,12:54 PM,07:05 AM,05:03 PM,-30,-39,-26,-39,30,67,67,0.0,1028,-27,10,260,24
2019-01-31 00:00:00,-17,-27,0.3,5.4,2,0,26,03:55 AM,01:36 PM,07:04 AM,05:04 PM,-30,-38,-26,-38,28,53,68,0.0,1029,-27,10,263,22
2019-01-31 03:00:00,-17,-27,0.3,5.4,2,0,26,03:55 AM,01:36 PM,07:04 AM,05:04 PM,-31,-38,-26,-38,26,47,68,0.0,1030,-27,10,264,21
2019-01-31 06:00:00,-17,-27,0.3,5.4,2,0,26,03:55 AM,01:36 PM,07:04 AM,05:04 PM,-30,-38,-26,-38,24,38,67,0.0,1031,-27,10,264,19
2019-01-31 09:00:00,-17,-27,0.3,5.4,2,2,26,03:55 AM,01:36 PM,07:04 AM,05:04 PM,-29,-36,-25,-36,20,35,71,0.0,1033,-26,10,254,18
2019-01-31 12:00:00,-17,-27,0.3,5.4,2,2,26,03:55 AM,01:36 PM,07:04 AM,05:04 PM,-25,-31,-21,-31,18,74,66,0.0,1033,-22,10,242,17
2019-01-31 15:00:00,-17,-27,0.3,5.4,2,1,26,03:55 AM,01:36 PM,07:04 AM,05:04 PM,-23,-26,-17,-26,15,85,62,0.0,1031,-18,10,242,14
2019-01-31 18:00:00,-17,-27,0.3,5.4,2,0,26,03:55 AM,01:36 PM,07:04 AM,05:04 PM,-22,-25,-17,-25,10,94,67,0.0,1030,-18,10,220,14
2019-01-31 21:00:00,-17,-27,0.3,5.4,2,0,26,03:55 AM,01:36 PM,07:04 AM,05:04 PM,-21,-24,-18,-24,11,100,70,0.3,1029,-19,5,191,9
2019-02-01 00:00:00,-8,-14,1.5,3.8,1,0,8,04:50 AM,02:22 PM,07:03 AM,05:06 PM,-20,-23,-17,-23,11,100,70,0.7,1028,-18,2,166,7
2019-02-01 03:00:00,-8,-14,1.5,3.8,1,0,8,04:50 AM,02:22 PM,07:03 AM,05:06 PM,-20,-22,-16,-22,10,100,70,0.5,1026,-17,2,144,8
2019-02-01 06:00:00,-8,-14,1.5,3.8,1,0,8,04:50 AM,02:22 PM,07:03 AM,05:06 PM,-17,-19,-14,-19,10,100,75,0.4,1025,-15,2,134,8
2019-02-01 09:00:00,-8,-14,1.5,3.8,1,1,8,04:50 AM,02:22 PM,07:03 AM,05:06 PM,-15,-16,-11,-16,12,100,74,0.2,1024,-12,7,134,8
2019-02-01 12:00:00,-8,-14,1.5,3.8,1,1,8,04:50 AM,02:22 PM,07:03 AM,05:06 PM,-13,-12,-9,-12,11,92,72,0.0,1025,-10,10,146,6
2019-02-01 15:00:00,-8,-14,1.5,3.8,1,1,8,04:50 AM,02:22 PM,07:03 AM,05:06 PM,-11,-8,-7,-8,12,90,70,0.0,1024,-8,10,172,4
2019-02-01 18:00:00,-8,-14,1.5,3.8,1,0,8,04:50 AM,02:22 PM,07:03 AM,05:06 PM,-11,-11,-8,-11,15,93,77,0.0,1025,-9,10,184,5
2019-02-01 21:00:00,-8,-14,1.5,3.8,1,0,8,04:50 AM,02:22 PM,07:03 AM,05:06 PM,-11,-14,-8,-14,21,62,80,0.0,1024,-9,10,182,10
2019-02-02 00:00:00,3,-2,0.0,3.8,2,0,1,05:40 AM,03:13 PM,07:02 AM,05:07 PM,-10,-13,-7,-13,26,43,82,0.0,1023,-8,10,194,12
2019-02-02 03:00:00,3,-2,0.0,3.8,2,0,1,05:40 AM,03:13 PM,07:02 AM,05:07 PM,-6,-9,-4,-9,31,19,84,0.0,1021,-5,10,208,17
2019-02-02 06:00:00,3,-2,0.0,3.8,2,0,1,05:40 AM,03:13 PM,07:02 AM,05:07 PM,-3,-7,-1,-7,35,24,85,0.0,1020,-2,10,218,20
2019-02-02 09:00:00,3,-2,0.0,3.8,2,2,1,05:40 AM,03:13 PM,07:02 AM,05:07 PM,-1,-6,-0,-6,34,71,95,0.0,1019,-1,10,225,19
2019-02-02 12:00:00,3,-2,0.0,3.8,2,1,1,05:40 AM,03:13 PM,07:02 AM,05:07 PM,1,-2,3,-2,35,91,91,0.0,1019,2,10,229,15
2019-02-02 15:00:00,3,-2,0.0,3.8,2,1,1,05:40 AM,03:13 PM,07:02 AM,05:07 PM,2,0,4,0,31,91,88,0.1,1017,3,5,221,15
2019-02-02 18:00:00,3,-2,0.0,3.8,2,0,1,05:40 AM,03:13 PM,07:02 AM,05:07 PM,2,0,4,0,30,91,89,0.3,1017,3,2,221,15
2019-02-02 21:00:00,3,-2,0.0,3.8,2,0,1,05:40 AM,03:13 PM,07:02 AM,05:07 PM,2,0,4,0,30,95,88,0.2,1016,3,2,209,15
2019-02-03 00:00:00,6,3,0.0,3.8,1,0,0,06:23 AM,04:07 PM,07:01 AM,05:08 PM,-1,-4,1,-4,32,95,85,0.2,1012,1,2,203,22
2019-02-03 03:00:00,6,3,0.0,3.8,1,0,0,06:23 AM,04:07 PM,07:01 AM,05:08 PM,1,-2,3,-2,37,96,89,0.1,1011,2,7,204,20
2019-02-03 06:00:00,6,3,0.0,3.8,1,0,0,06:23 AM,04:07 PM,07:01 AM,05:08 PM,3,0,4,0,40,96,94,0.0,1011,3,10,209,18
2019-02-03 09:00:00,6,3,0.0,3.8,1,1,0,06:23 AM,04:07 PM,07:01 AM,05:08 PM,4,1,5,1,39,95,94,0.1,1013,4,10,209,20
2019-02-03 12:00:00,6,3,0.0,3.8,1,2,0,06:23 AM,04:07 PM,07:01 AM,05:08 PM,5,3,6,3,38,95,87,0.2,1012,6,5,209,20
2019-02-03 15:00:00,6,3,0.0,3.8,1,2,0,06:23 AM,04:07 PM,07:01 AM,05:08 PM,4,4,7,4,33,94,85,0.1,1011,6,7,206,17
2019-02-03 18:00:00,6,3,0.0,3.8,1,0,0,06:23 AM,04:07 PM,07:01 AM,05:08 PM,5,5,7,5,30,95,89,0.2,1011,6,5,201,14
2019-02-03 21:00:00,6,3,0.0,3.8,1,0,0,06:23 AM,04:07 PM,07:01 AM,05:08 PM,4,3,6,3,30,98,88,0.1,1010,6,7,196,17
2019-02-04 00:00:00,9,6,0.0,3.8,2,0,0,07:02 AM,05:04 PM,07:00 AM,05:10 PM,5,5,7,5,30,93,87,0.2,1009,7,5,187,17
2019-02-04 03:00:00,9,6,0.0,3.8,2,0,0,07:02 AM,05:04 PM,07:00 AM,05:10 PM,7,5,8,5,33,93,93,0.1,1005,7,7,186,22
2019-02-04 06:00:00,9,6,0.0,3.8,2,0,0,07:02 AM,05:04 PM,07:00 AM,05:10 PM,6,3,7,3,37,98,92,0.2,1005,7,5,189,24
2019-02-04 09:00:00,9,6,0.0,3.8,2,2,0,07:02 AM,05:04 PM,07:00 AM,05:10 PM,6,3,7,3,41,100,92,0.1,1006,6,7,192,26
2019-02-04 12:00:00,9,6,0.0,3.8,2,2,0,07:02 AM,05:04 PM,07:00 AM,05:10 PM,7,8,9,8,41,100,89,1.3,1006,8,9,205,22
2019-02-04 15:00:00,9,6,0.0,3.8,2,2,0,07:02 AM,05:04 PM,07:00 AM,05:10 PM,7,9,9,9,34,100,90,1.0,1005,9,4,250,23
2019-02-04 18:00:00,9,6,0.0,3.8,2,0,0,07:02 AM,05:04 PM,07:00 AM,05:10 PM,5,4,7,4,26,92,91,0.6,1005,6,4,286,26
2019-02-04 21:00:00,9,6,0.0,3.8,2,0,0,07:02 AM,05:04 PM,07:00 AM,05:10 PM,1,-1,3,-1,22,38,88,0.2,1011,3,13,306,23
2019-02-05 00:00:00,-1,-7,0.0,5.5,2,0,0,07:37 AM,06:02 PM,06:59 AM,05:11 PM,-5,-7,-1,-7,21,12,79,0.0,1017,-2,18,315,18
2019-02-05 03:00:00,-1,-7,0.0,5.5,2,0,0,07:37 AM,06:02 PM,06:59 AM,05:11 PM,-8,-9,-4,-9,19,28,72,0.0,1020,-5,13,319,13
2019-02-05 06:00:00,-1,-7,0.0,5.5,2,0,0,07:37 AM,06:02 PM,06:59 AM,05:11 PM,-10,-11,-5,-11,18,35,69,0.0,1022,-6,10,111,14
2019-02-05 09:00:00,-1,-7,0.0,5.5,2,2,0,07:37 AM,06:02 PM,06:59 AM,05:11 PM,-6,-7,-2,-7,16,63,77,0.0,1018,-3,10,23,13
2019-02-05 12:00:00,-1,-7,0.0,5.5,2,1,0,07:37 AM,06:02 PM,06:59 AM,05:11 PM,-5,-5,-1,-5,19,69,75,0.0,1020,-2,10,41,14
2019-02-05 15:00:00,-1,-7,0.0,5.5,2,1,0,07:37 AM,06:02 PM,06:59 AM,05:11 PM,-5,-7,-1,-7,21,45,75,0.0,1022,-2,10,51,19
2019-02-05 18:00:00,-1,-7,0.0,5.5,2,0,0,07:37 AM,06:02 PM,06:59 AM,05:11 PM,-4,-5,-2,-5,21,31,78,0.0,1021,-3,10,52,17
2019-02-05 21:00:00,-1,-7,0.0,5.5,2,0,0,07:37 AM,06:02 PM,06:59 AM,05:11 PM,-4,-8,-6,-8,25,76,75,3.7,1017,-8,5,38,17
2019-02-06 00:00:00,0,0,0.0,4.0,1,0,7,08:07 AM,07:00 PM,06:58 AM,05:12 PM,-2,-6,-2,-6,21,100,82,6.7,1016,-3,3,58,17
2019-02-06 03:00:00,0,0,0.0,4.0,1,0,7,08:07 AM,07:00 PM,06:58 AM,05:12 PM,-2,-4,1,-4,17,100,84,3.7,1011,0,7,69,16
2019-02-06 06:00:00,0,0,0.0,4.0,1,0,7,08:07 AM,07:00 PM,06:58 AM,05:12 PM,-3,-5,0,-5,17,100,81,2.5,1009,-1,8,63,15
2019-02-06 09:00:00,0,0,0.0,4.0,1,1,7,08:07 AM,07:00 PM,06:58 AM,05:12 PM,-4,-6,-1,-6,19,100,80,1.1,1011,-2,4,49,21
2019-02-06 12:00:00,0,0,0.0,4.0,1,1,7,08:07 AM,07:00 PM,06:58 AM,05:12 PM,-1,-3,2,-3,19,100,87,0.1,1014,1,7,41,17
2019-02-06 15:00:00,0,0,0.0,4.0,1,1,7,08:07 AM,07:00 PM,06:58 AM,05:12 PM,-1,-3,2,-3,19,100,85,0.1,1010,1,10,40,16
2019-02-06 18:00:00,0,0,0.0,4.0,1,0,7,08:07 AM,07:00 PM,06:58 AM,05:12 PM,-3,-5,0,-5,21,100,82,0.0,1007,-1,10,40,19
2019-02-06 21:00:00,0,0,0.0,4.0,1,0,7,08:07 AM,07:00 PM,06:58 AM,05:12 PM,-4,-7,-1,-7,22,100,80,0.5,1008,-2,5,54,19
2019-02-07 00:00:00,8,5,0.0,4.0,2,0,14,08:35 AM,07:59 PM,06:57 AM,05:13 PM,-6,-10,-3,-10,20,100,79,1.6,1010,-4,7,63,23
2019-02-07 03:00:00,8,5,0.0,4.0,2,0,14,08:35 AM,07:59 PM,06:57 AM,05:13 PM,-8,-12,-5,-12,21,100,78,3.1,1014,-6,7,102,24
2019-02-07 06:00:00,8,5,0.0,4.0,2,0,14,08:35 AM,07:59 PM,06:57 AM,05:13 PM,-2,-5,-0,-5,23,97,88,4.1,1012,-1,7,138,18
2019-02-07 09:00:00,8,5,0.0,4.0,2,1,14,08:35 AM,07:59 PM,06:57 AM,05:13 PM,2,-1,3,-1,27,98,94,1.5,1008,2,9,158,14
2019-02-07 12:00:00,8,5,0.0,4.0,2,1,14,08:35 AM,07:59 PM,06:57 AM,05:13 PM,2,0,4,0,27,100,88,0.2,1004,3,5,171,17
2019-02-07 15:00:00,8,5,0.0,4.0,2,1,14,08:35 AM,07:59 PM,06:57 AM,05:13 PM,3,-1,4,-1,20,98,88,3.7,1002,3,5,205,25
2019-02-07 18:00:00,8,5,0.0,4.0,2,0,14,08:35 AM,07:59 PM,06:57 AM,05:13 PM,-2,-0,4,-0,41,96,83,5.8,1007,1,7,243,34
2019-02-07 21:00:00,8,5,0.0,4.0,2,0,14,08:35 AM,07:59 PM,06:57 AM,05:13 PM,-9,-1,3,-1,49,89,73,2.0,1013,-1,4,255,38
2019-02-08 00:00:00,-9,-11,0.0,7.1,1,0,22,09:01 AM,08:57 PM,06:55 AM,05:15 PM,-12,-13,-5,-13,44,90,69,0.1,1018,-7,1,260,38
2019-02-08 03:00:00,-9,-11,0.0,7.1,1,0,22,09:01 AM,08:57 PM,06:55 AM,05:15 PM,-17,-21,-11,-21,42,95,64,0.0,1023,-12,7,263,36
2019-02-08 06:00:00,-9,-11,0.0,7.1,1,0,22,09:01 AM,08:57 PM,06:55 AM,05:15 PM,-18,-24,-13,-24,40,99,66,0.0,1028,-14,10,266,36
2019-02-08 09:00:00,-9,-11,0.0,7.1,1,1,22,09:01 AM,08:57 PM,06:55 AM,05:15 PM,-17,-21,-11,-21,37,100,58,0.0,1030,-12,10,270,33
2019-02-08 12:00:00,-9,-11,0.0,7.1,1,1,22,09:01 AM,08:57 PM,06:55 AM,05:15 PM,-17,-17,-8,-17,35,49,49,0.0,1032,-9,10,272,27
2019-02-08 15:00:00,-9,-11,0.0,7.1,1,2,22,09:01 AM,08:57 PM,06:55 AM,05:15 PM,-17,-16,-8,-16,34,10,47,0.0,1034,-9,10,276,23
2019-02-08 18:00:00,-9,-11,0.0,7.1,1,0,22,09:01 AM,08:57 PM,06:55 AM,05:15 PM,-17,-16,-9,-16,32,1,52,0.0,1038,-10,10,284,20
2019-02-08 21:00:00,-9,-11,0.0,7.1,1,0,22,09:01 AM,08:57 PM,06:55 AM,05:15 PM,-17,-17,-10,-17,28,9,57,0.0,1040,-11,16,294,17
2019-02-09 00:00:00,-6,-13,0.0,8.7,2,0,29,09:27 AM,09:57 PM,06:54 AM,05:16 PM,-18,-17,-11,-17,23,9,57,0.0,1042,-12,19,299,13
2019-02-09 03:00:00,-6,-13,0.0,8.7,2,0,29,09:27 AM,09:57 PM,06:54 AM,05:16 PM,-18,-17,-12,-17,19,5,57,0.0,1044,-13,19,306,9
2019-02-09 06:00:00,-6,-13,0.0,8.7,2,0,29,09:27 AM,09:57 PM,06:54 AM,05:16 PM,-18,-17,-12,-17,15,5,58,0.0,1046,-13,19,320,7
2019-02-09 09:00:00,-6,-13,0.0,8.7,2,2,29,09:27 AM,09:57 PM,06:54 AM,05:16 PM,-17,-14,-10,-14,10,5,53,0.0,1046,-11,20,348,6
2019-02-09 12:00:00,-6,-13,0.0,8.7,2,2,29,09:27 AM,09:57 PM,06:54 AM,05:16 PM,-15,-11,-6,-11,5,6,52,0.0,1040,-7,20,168,9
2019-02-09 15:00:00,-6,-13,0.0,8.7,2,2,29,09:27 AM,09:57 PM,06:54 AM,05:16 PM,-13,-9,-6,-9,7,4,59,0.0,1041,-7,20,95,7
2019-02-09 18:00:00,-6,-13,0.0,8.7,2,0,29,09:27 AM,09:57 PM,06:54 AM,05:16 PM,-12,-10,-6,-10,11,5,63,0.0,1038,-7,20,96,7
2019-02-09 21:00:00,-6,-13,0.0,8.7,2,0,29,09:27 AM,09:57 PM,06:54 AM,05:16 PM,-11,-11,-7,-11,15,9,63,0.0,1036,-10,20,100,13
2019-02-10 00:00:00,-2,-5,1.2,4.0,2,0,37,09:53 AM,10:58 PM,06:53 AM,05:17 PM,-10,-10,-6,-10,18,19,64,0.0,1035,-8,20,121,17
2019-02-10 03:00:00,-2,-5,1.2,4.0,2,0,37,09:53 AM,10:58 PM,06:53 AM,05:17 PM,-11,-11,-6,-11,19,65,64,0.0,1034,-7,10,135,11
2019-02-10 06:00:00,-2,-5,1.2,4.0,2,0,37,09:53 AM,10:58 PM,06:53 AM,05:17 PM,-10,-10,-5,-10,17,67,65,0.0,1033,-6,10,138,9
2019-02-10 09:00:00,-2,-5,1.2,4.0,2,1,37,09:53 AM,10:58 PM,06:53 AM,05:17 PM,-10,-8,-3,-8,18,80,60,0.0,1032,-4,10,132,12
2019-02-10 12:00:00,-2,-5,1.2,4.0,2,1,37,09:53 AM,10:58 PM,06:53 AM,05:17 PM,-8,-7,-2,-7,16,88,64,0.0,1028,-3,16,128,13
2019-02-10 15:00:00,-2,-5,1.2,4.0,2,1,37,09:53 AM,10:58 PM,06:53 AM,05:17 PM,-7,-6,-1,-6,15,96,67,0.5,1028,-2,14,118,10
2019-02-10 18:00:00,-2,-5,1.2,4.0,2,0,37,09:53 AM,10:58 PM,06:53 AM,05:17 PM,-6,-6,-1,-6,14,100,73,0.9,1029,-2,12,107,10
2019-02-10 21:00:00,-2,-5,1.2,4.0,2,0,37,09:53 AM,10:58 PM,06:53 AM,05:17 PM,-4,-5,-1,-5,9,100,78,0.5,1028,-2,7,91,11
2019-02-11 00:00:00,0,-2,1.3,4.0,1,0,44,10:20 AM,No moonset,06:52 AM,05:19 PM,-4,-6,-2,-6,8,100,82,0.2,1028,-3,5,71,11
2019-02-11 03:00:00,0,-2,1.3,4.0,1,0,44,10:20 AM,No moonset,06:52 AM,05:19 PM,-3,-5,-1,-5,11,100,88,0.1,1023,-2,8,54,11
2019-02-11 06:00:00,0,-2,1.3,4.0,1,0,44,10:20 AM,No moonset,06:52 AM,05:19 PM,-4,-6,-1,-6,20,100,86,0.0,1022,-2,10,51,15
2019-02-11 09:00:00,0,-2,1.3,4.0,1,1,44,10:20 AM,No moonset,06:52 AM,05:19 PM,-3,-5,-0,-5,26,100,82,0.0,1021,-1,10,61,19
2019-02-11 12:00:00,0,-2,1.3,4.0,1,1,44,10:20 AM,No moonset,06:52 AM,05:19 PM,-2,-4,1,-4,24,100,80,0.1,1020,-0,15,74,20
2019-02-11 15:00:00,0,-2,1.3,4.0,1,1,44,10:20 AM,No moonset,06:52 AM,05:19 PM,-2,-4,1,-4,24,100,79,0.0,1018,0,18,75,22
2019-02-11 18:00:00,0,-2,1.3,4.0,1,0,44,10:20 AM,No moonset,06:52 AM,05:19 PM,-2,-5,1,-5,31,100,82,0.0,1016,0,17,77,24
2019-02-11 21:00:00,0,-2,1.3,4.0,1,0,44,10:20 AM,No moonset,06:52 AM,05:19 PM,-4,-6,-0,-6,38,100,77,1.1,1019,-1,7,82,18
2019-02-12 00:00:00,2,0,4.9,4.0,1,0,52,10:51 AM,12:00 AM,06:50 AM,05:20 PM,-2,-5,0,-5,38,100,83,5.1,1012,-1,3,85,21
2019-02-12 03:00:00,2,0,4.9,4.0,1,0,52,10:51 AM,12:00 AM,06:50 AM,05:20 PM,-0,-4,1,-4,33,100,89,6.7,1005,0,2,87,21
2019-02-12 06:00:00,2,0,4.9,4.0,1,0,52,10:51 AM,12:00 AM,06:50 AM,05:20 PM,0,-4,1,-4,27,100,91,4.3,1000,0,5,90,17
2019-02-12 09:00:00,2,0,4.9,4.0,1,1,52,10:51 AM,12:00 AM,06:50 AM,05:20 PM,1,-3,2,-3,18,100,92,1.2,997,1,4,90,16
2019-02-12 12:00:00,2,0,4.9,4.0,1,1,52,10:51 AM,12:00 AM,06:50 AM,05:20 PM,1,-2,3,-2,15,100,89,0.1,995,2,1,183,21
2019-02-12 15:00:00,2,0,4.9,4.0,1,1,52,10:51 AM,12:00 AM,06:50 AM,05:20 PM,-0,-4,2,-4,31,100,86,1.2,998,1,8,251,25
2019-02-12 18:00:00,2,0,4.9,4.0,1,0,52,10:51 AM,12:00 AM,06:50 AM,05:20 PM,-4,-8,-1,-8,35,100,80,2.9,1002,-2,5,284,29
2019-02-12 21:00:00,2,0,4.9,4.0,1,0,52,10:51 AM,12:00 AM,06:50 AM,05:20 PM,-6,-10,-2,-10,39,100,76,1.5,1004,-3,1,279,35
2019-02-13 00:00:00,-3,-7,0.0,5.6,1,0,60,11:27 AM,01:05 AM,06:49 AM,05:21 PM,-7,-11,-3,-11,46,100,73,0.9,1007,-4,0,270,36
2019-02-13 03:00:00,-3,-7,0.0,5.6,1,0,60,11:27 AM,01:05 AM,06:49 AM,05:21 PM,-8,-12,-4,-12,46,100,73,0.7,1011,-5,0,275,32
2019-02-13 06:00:00,-3,-7,0.0,5.6,1,0,60,11:27 AM,01:05 AM,06:49 AM,05:21 PM,-9,-13,-5,-13,42,100,74,0.4,1015,-6,10,275,30
2019-02-13 09:00:00,-3,-7,0.0,5.6,1,1,60,11:27 AM,01:05 AM,06:49 AM,05:21 PM,-9,-14,-6,-14,38,99,76,0.2,1017,-7,6,270,32
2019-02-13 12:00:00,-3,-7,0.0,5.6,1,1,60,11:27 AM,01:05 AM,06:49 AM,05:21 PM,-9,-12,-5,-12,34,97,72,0.1,1016,-6,7,264,28
2019-02-13 15:00:00,-3,-7,0.0,5.6,1,1,60,11:27 AM,01:05 AM,06:49 AM,05:21 PM,-8,-9,-3,-9,27,38,67,0.0,1016,-4,17,257,21
2019-02-13 18:00:00,-3,-7,0.0,5.6,1,0,60,11:27 AM,01:05 AM,06:49 AM,05:21 PM,-8,-8,-3,-8,23,19,69,0.0,1016,-4,20,240,15
2019-02-13 21:00:00,-3,-7,0.0,5.6,1,0,60,11:27 AM,01:05 AM,06:49 AM,05:21 PM,-7,-9,-5,-9,24,22,70,0.0,1015,-8,13,227,11
2019-02-14 00:00:00,6,1,0.0,4.0,2,0,67,12:09 PM,02:11 AM,06:48 AM,05:22 PM,-6,-7,-3,-7,26,70,74,0.0,1012,-5,10,190,11
2019-02-14 03:00:00,6,1,0.0,4.0,2,0,67,12:09 PM,02:11 AM,06:48 AM,05:22 PM,-2,-3,1,-3,31,98,79,0.0,1008,0,10,182,15
2019-02-14 06:00:00,6,1,0.0,4.0,2,0,67,12:09 PM,02:11 AM,06:48 AM,05:22 PM,-0,-3,2,-3,34,93,84,0.0,1006,1,10,192,17
2019-02-14 09:00:00,6,1,0.0,4.0,2,1,67,12:09 PM,02:11 AM,06:48 AM,05:22 PM,1,-1,3,-1,36,64,82,0.1,1004,3,14,191,17
2019-02-14 12:00:00,6,1,0.0,4.0,2,2,67,12:09 PM,02:11 AM,06:48 AM,05:22 PM,1,3,6,3,32,64,72,0.2,1002,5,9,192,17
2019-02-14 15:00:00,6,1,0.0,4.0,2,2,67,12:09 PM,02:11 AM,06:48 AM,05:22 PM,2,3,6,3,27,90,77,0.1,1001,6,13,188,17
2019-02-14 18:00:00,6,1,0.0,4.0,2,0,67,12:09 PM,02:11 AM,06:48 AM,05:22 PM,2,2,5,2,25,42,80,0.0,999,5,17,202,14
2019-02-14 21:00:00,6,1,0.0,4.0,2,0,67,12:09 PM,02:11 AM,06:48 AM,05:22 PM,0,-1,3,-1,30,58,82,0.0,1002,2,13,257,20
2019-02-15 00:00:00,-5,-9,0.0,8.7,1,0,75,01:00 PM,03:17 AM,06:46 AM,05:24 PM,-3,-5,0,-5,36,93,81,0.1,1004,-1,3,289,20
2019-02-15 03:00:00,-5,-9,0.0,8.7,1,0,75,01:00 PM,03:17 AM,06:46 AM,05:24 PM,-7,-10,-4,-10,34,100,78,0.1,1008,-5,1,293,23
2019-02-15 06:00:00,-5,-9,0.0,8.7,1,0,75,01:00 PM,03:17 AM,06:46 AM,05:24 PM,-10,-15,-7,-15,29,77,76,0.0,1012,-8,7,290,23
2019-02-15 09:00:00,-5,-9,0.0,8.7,1,1,75,01:00 PM,03:17 AM,06:46 AM,05:24 PM,-10,-15,-7,-15,26,22,74,0.0,1014,-8,17,289,22
2019-02-15 12:00:00,-5,-9,0.0,8.7,1,2,75,01:00 PM,03:17 AM,06:46 AM,05:24 PM,-9,-11,-5,-11,23,6,73,0.0,1015,-6,13,285,19
2019-02-15 15:00:00,-5,-9,0.0,8.7,1,2,75,01:00 PM,03:17 AM,06:46 AM,05:24 PM,-8,-10,-4,-10,19,56,70,0.0,1015,-5,10,300,17
2019-02-15 18:00:00,-5,-9,0.0,8.7,1,0,75,01:00 PM,03:17 AM,06:46 AM,05:24 PM,-9,-11,-5,-11,19,53,69,0.0,1016,-6,17,323,16
2019-02-15 21:00:00,-5,-9,0.0,8.7,1,0,75,01:00 PM,03:17 AM,06:46 AM,05:24 PM,-9,-13,-6,-13,19,58,74,0.0,1014,-7,13,340,25
2019-02-16 00:00:00,-3,-7,0.0,4.1,1,0,82,02:01 PM,04:21 AM,06:45 AM,05:25 PM,-10,-14,-7,-14,17,75,76,0.0,1016,-8,10,342,21
2019-02-16 03:00:00,-3,-7,0.0,4.1,1,0,82,02:01 PM,04:21 AM,06:45 AM,05:25 PM,-10,-14,-7,-14,16,80,76,0.0,1017,-8,10,340,15
2019-02-16 06:00:00,-3,-7,0.0,4.1,1,0,82,02:01 PM,04:21 AM,06:45 AM,05:25 PM,-9,-12,-6,-12,17,84,78,0.0,1018,-7,16,333,11
2019-02-16 09:00:00,-3,-7,0.0,4.1,1,1,82,02:01 PM,04:21 AM,06:45 AM,05:25 PM,-8,-10,-5,-10,15,95,77,0.0,1019,-6,13,348,12
2019-02-16 12:00:00,-3,-7,0.0,4.1,1,1,82,02:01 PM,04:21 AM,06:45 AM,05:25 PM,-7,-8,-3,-8,15,96,73,0.0,1019,-4,16,159,13
2019-02-16 15:00:00,-3,-7,0.0,4.1,1,1,82,02:01 PM,04:21 AM,06:45 AM,05:25 PM,-7,-8,-2,-8,21,81,70,0.0,1018,-3,20,59,16
2019-02-16 18:00:00,-3,-7,0.0,4.1,1,0,82,02:01 PM,04:21 AM,06:45 AM,05:25 PM,-8,-9,-3,-9,23,54,74,0.0,1019,-4,20,59,20
2019-02-16 21:00:00,-3,-7,0.0,4.1,1,0,82,02:01 PM,04:21 AM,06:45 AM,05:25 PM,-7,-10,-6,-10,26,54,74,0.0,1018,-8,13,76,21
2019-02-17 00:00:00,-3,-4,4.1,4.1,2,0,90,03:10 PM,05:19 AM,06:44 AM,05:26 PM,-7,-9,-4,-9,29,62,75,0.0,1015,-6,10,94,19
2019-02-17 03:00:00,-3,-4,4.1,4.1,2,0,90,03:10 PM,05:19 AM,06:44 AM,05:26 PM,-6,-8,-2,-8,27,59,75,0.0,1015,-3,10,101,19
2019-02-17 06:00:00,-3,-4,4.1,4.1,2,0,90,03:10 PM,05:19 AM,06:44 AM,05:26 PM,-6,-8,-2,-8,26,83,75,0.2,1015,-3,5,94,20
2019-02-17 09:00:00,-3,-4,4.1,4.1,2,1,90,03:10 PM,05:19 AM,06:44 AM,05:26 PM,-6,-8,-2,-8,27,98,76,0.6,1014,-3,8,93,21
2019-02-17 12:00:00,-3,-4,4.1,4.1,2,1,90,03:10 PM,05:19 AM,06:44 AM,05:26 PM,-5,-8,-2,-8,26,100,79,1.0,1014,-3,12,91,22
2019-02-17 15:00:00,-3,-4,4.1,4.1,2,1,90,03:10 PM,05:19 AM,06:44 AM,05:26 PM,-6,-9,-3,-9,23,100,79,0.9,1015,-4,13,77,21
2019-02-17 18:00:00,-3,-4,4.1,4.1,2,0,90,03:10 PM,05:19 AM,06:44 AM,05:26 PM,-6,-9,-3,-9,22,100,79,1.3,1016,-4,12,63,19
2019-02-17 21:00:00,-3,-4,4.1,4.1,2,0,90,03:10 PM,05:19 AM,06:44 AM,05:26 PM,-5,-9,-6,-9,20,100,81,1.0,1016,-7,5,58,17
2019-02-18 00:00:00,-3,-4,3.1,4.1,1,0,97,04:25 PM,06:10 AM,06:42 AM,05:28 PM,-6,-8,-4,-8,19,100,83,1.1,1017,-6,2,47,14
2019-02-18 03:00:00,-3,-4,3.1,4.1,1,0,97,04:25 PM,06:10 AM,06:42 AM,05:28 PM,-6,-9,-4,-9,19,100,81,0.5,1020,-5,4,29,13
2019-02-18 06:00:00,-3,-4,3.1,4.1,1,0,97,04:25 PM,06:10 AM,06:42 AM,05:28 PM,-6,-8,-3,-8,15,100,81,0.3,1022,-4,3,238,10
2019-02-18 09:00:00,-3,-4,3.1,4.1,1,1,97,04:25 PM,06:10 AM,06:42 AM,05:28 PM,-6,-6,-2,-6,23,100,76,0.5,1025,-3,2,355,10
2019-02-18 12:00:00,-3,-4,3.1,4.1,1,1,97,04:25 PM,06:10 AM,06:42 AM,05:28 PM,-6,-7,-2,-7,25,100,72,0.6,1027,-3,2,354,12
2019-02-18 15:00:00,-3,-4,3.1,4.1,1,1,97,04:25 PM,06:10 AM,06:42 AM,05:28 PM,-7,-7,-2,-7,21,97,72,0.3,1028,-3,5,347,12
2019-02-18 18:00:00,-3,-4,3.1,4.1,1,0,97,04:25 PM,06:10 AM,06:42 AM,05:28 PM,-7,-8,-3,-8,15,84,75,0.2,1029,-4,13,350,12
2019-02-18 21:00:00,-3,-4,3.1,4.1,1,0,97,04:25 PM,06:10 AM,06:42 AM,05:28 PM,-8,-8,-4,-8,7,69,77,0.1,1030,-5,12,339,14
2019-02-19 00:00:00,-3,-9,0.1,5.6,1,0,100,05:42 PM,06:55 AM,06:41 AM,05:29 PM,-9,-9,-6,-9,6,74,78,0.1,1035,-7,10,316,9
2019-02-19 03:00:00,-3,-9,0.1,5.6,1,0,100,05:42 PM,06:55 AM,06:41 AM,05:29 PM,-10,-8,-7,-8,8,78,80,0.0,1037,-8,10,317,6
2019-02-19 06:00:00,-3,-9,0.1,5.6,1,0,100,05:42 PM,06:55 AM,06:41 AM,05:29 PM,-11,-8,-8,-8,7,68,78,0.0,1038,-9,10,288,5
2019-02-19 09:00:00,-3,-9,0.1,5.6,1,1,100,05:42 PM,06:55 AM,06:41 AM,05:29 PM,-8,-7,-5,-7,4,57,73,0.0,1035,-6,10,274,5
2019-02-19 12:00:00,-3,-9,0.1,5.6,1,2,100,05:42 PM,06:55 AM,06:41 AM,05:29 PM,-7,-7,-2,-7,5,85,71,0.0,1030,-3,10,189,11
2019-02-19 15:00:00,-3,-9,0.1,5.6,1,1,100,05:42 PM,06:55 AM,06:41 AM,05:29 PM,-7,-8,-3,-8,8,100,73,0.0,1027,-4,10,138,12
2019-02-19 18:00:00,-3,-9,0.1,5.6,1,0,100,05:42 PM,06:55 AM,06:41 AM,05:29 PM,-7,-8,-3,-8,13,93,74,0.0,1031,-4,10,116,14
2019-02-19 21:00:00,-3,-9,0.1,5.6,1,0,100,05:42 PM,06:55 AM,06:41 AM,05:29 PM,-6,-9,-3,-9,18,88,76,0.0,1031,-4,10,97,16
2019-02-20 00:00:00,2,-4,2.1,4.1,1,0,88,06:59 PM,07:33 AM,06:39 AM,05:30 PM,-6,-8,-3,-8,23,84,80,0.0,1023,-4,10,103,16
2019-02-20 03:00:00,2,-4,2.1,4.1,1,0,88,06:59 PM,07:33 AM,06:39 AM,05:30 PM,-6,-8,-2,-8,27,94,79,0.2,1020,-3,5,104,18
2019-02-20 06:00:00,2,-4,2.1,4.1,1,0,88,06:59 PM,07:33 AM,06:39 AM,05:30 PM,-6,-8,-3,-8,35,100,80,1.1,1022,-4,2,96,17
2019-02-20 09:00:00,2,-4,2.1,4.1,1,1,88,06:59 PM,07:33 AM,06:39 AM,05:30 PM,-4,-7,-2,-7,37,100,84,1.4,1019,-3,3,106,18
2019-02-20 12:00:00,2,-4,2.1,4.1,1,1,88,06:59 PM,07:33 AM,06:39 AM,05:30 PM,-1,-4,1,-4,30,100,89,2.4,1013,0,3,121,16
2019-02-20 15:00:00,2,-4,2.1,4.1,1,1,88,06:59 PM,07:33 AM,06:39 AM,05:30 PM,1,-1,3,-1,26,100,91,2.7,1008,2,6,151,15
2019-02-20 18:00:00,2,-4,2.1,4.1,1,0,88,06:59 PM,07:33 AM,06:39 AM,05:30 PM,2,-2,3,-2,36,90,91,2.7,1007,2,6,212,18
2019-02-20 21:00:00,2,-4,2.1,4.1,1,0,88,06:59 PM,07:33 AM,06:39 AM,05:30 PM,1,-3,2,-3,37,66,91,1.0,1012,1,9,244,15
2019-02-21 00:00:00,0,-5,0.1,8.7,1,0,80,08:13 PM,08:07 AM,06:38 AM,05:31 PM,-1,-4,-0,-4,35,78,90,0.1,1015,-1,9,250,12
2019-02-21 03:00:00,0,-5,0.1,8.7,1,0,80,08:13 PM,08:07 AM,06:38 AM,05:31 PM,-4,-8,-2,-8,32,86,86,0.0,1017,-3,10,255,19
2019-02-21 06:00:00,0,-5,0.1,8.7,1,0,80,08:13 PM,08:07 AM,06:38 AM,05:31 PM,-6,-10,-4,-10,27,34,86,0.0,1019,-5,10,251,18
2019-02-21 09:00:00,0,-5,0.1,8.7,1,2,80,08:13 PM,08:07 AM,06:38 AM,05:31 PM,-5,-7,-3,-7,26,51,82,0.0,1023,-4,10,258,11
2019-02-21 12:00:00,0,-5,0.1,8.7,1,1,80,08:13 PM,08:07 AM,06:38 AM,05:31 PM,-5,-4,-1,-4,23,38,72,0.0,1026,-2,10,266,10
2019-02-21 15:00:00,0,-5,0.1,8.7,1,2,80,08:13 PM,08:07 AM,06:38 AM,05:31 PM,-4,-3,1,-3,19,11,74,0.0,1025,-0,10,274,10
2019-02-21 18:00:00,0,-5,0.1,8.7,1,0,80,08:13 PM,08:07 AM,06:38 AM,05:31 PM,-4,-5,-1,-5,17,11,80,0.0,1024,-2,10,277,10
2019-02-21 21:00:00,0,-5,0.1,8.7,1,0,80,08:13 PM,08:07 AM,06:38 AM,05:31 PM,-6,-7,-3,-7,13,17,81,0.0,1027,-4,10,295,9
2019-02-22 00:00:00,2,-7,0.0,8.7,2,0,73,09:26 PM,08:39 AM,06:36 AM,05:32 PM,-7,-6,-5,-6,11,12,82,0.0,1029,-6,10,328,7
2019-02-22 03:00:00,2,-7,0.0,8.7,2,0,73,09:26 PM,08:39 AM,06:36 AM,05:32 PM,-8,-8,-6,-8,11,6,84,0.0,1030,-7,10,344,4
2019-02-22 06:00:00,2,-7,0.0,8.7,2,0,73,09:26 PM,08:39 AM,06:36 AM,05:32 PM,-8,-9,-6,-9,12,9,83,0.0,1031,-7,10,118,4
2019-02-22 09:00:00,2,-7,0.0,8.7,2,2,73,09:26 PM,08:39 AM,06:36 AM,05:32 PM,-5,-5,-3,-5,12,10,81,0.0,1029,-4,10,35,8
2019-02-22 12:00:00,2,-7,0.0,8.7,2,2,73,09:26 PM,08:39 AM,06:36 AM,05:32 PM,-3,-2,1,-2,10,19,76,0.0,1028,0,10,72,11
2019-02-22 15:00:00,2,-7,0.0,8.7,2,2,73,09:26 PM,08:39 AM,06:36 AM,05:32 PM,0,-1,3,-1,11,20,81,0.0,1023,2,10,76,13
2019-02-22 18:00:00,2,-7,0.0,8.7,2,0,73,09:26 PM,08:39 AM,06:36 AM,05:32 PM,0,-2,2,-2,18,11,87,0.0,1020,2,10,65,13
2019-02-22 21:00:00,2,-7,0.0,8.7,2,0,73,09:26 PM,08:39 AM,06:36 AM,05:32 PM,0,-2,2,-2,23,19,89,0.0,1019,1,17,74,14
2019-02-23 00:00:00,4,-4,0.0,4.1,2,0,65,10:36 PM,09:11 AM,06:35 AM,05:34 PM,-2,-4,1,-4,26,24,82,0.0,1024,0,20,97,15
2019-02-23 03:00:00,4,-4,0.0,4.1,2,0,65,10:36 PM,09:11 AM,06:35 AM,05:34 PM,-3,-5,0,-5,27,24,78,0.0,1024,0,20,106,16
2019-02-23 06:00:00,4,-4,0.0,4.1,2,0,65,10:36 PM,09:11 AM,06:35 AM,05:34 PM,-2,-4,1,-4,29,57,84,0.0,1024,0,20,118,13
2019-02-23 09:00:00,4,-4,0.0,4.1,2,1,65,10:36 PM,09:11 AM,06:35 AM,05:34 PM,-0,-2,2,-2,28,91,85,0.4,1023,2,16,132,12
2019-02-23 12:00:00,4,-4,0.0,4.1,2,1,65,10:36 PM,09:11 AM,06:35 AM,05:34 PM,1,0,4,0,17,100,83,1.6,1015,3,11,95,15
2019-02-23 15:00:00,4,-4,0.0,4.1,2,1,65,10:36 PM,09:11 AM,06:35 AM,05:34 PM,2,1,5,1,21,100,87,1.2,1007,4,9,92,16
2019-02-23 18:00:00,4,-4,0.0,4.1,2,0,65,10:36 PM,09:11 AM,06:35 AM,05:34 PM,4,1,3,1,28,100,90,1.0,1000,2,8,113,17
2019-02-23 21:00:00,4,-4,0.0,4.1,2,0,65,10:36 PM,09:11 AM,06:35 AM,05:34 PM,5,-3,-1,-3,41,100,91,1.5,993,-3,6,134,22
2019-02-24 00:00:00,2,-6,0.0,4.1,1,0,57,11:44 PM,09:43 AM,06:33 AM,05:35 PM,5,1,5,1,46,82,84,6.1,990,4,7,202,23
2019-02-24 03:00:00,2,-6,0.0,4.1,1,0,57,11:44 PM,09:43 AM,06:33 AM,05:35 PM,2,-1,5,-1,48,100,82,2.0,989,4,9,216,31
2019-02-24 06:00:00,2,-6,0.0,4.1,1,0,57,11:44 PM,09:43 AM,06:33 AM,05:35 PM,-0,-5,2,-5,53,100,81,0.1,992,1,3,247,36
2019-02-24 09:00:00,2,-6,0.0,4.1,1,1,57,11:44 PM,09:43 AM,06:33 AM,05:35 PM,-3,-6,1,-6,54,100,74,0.1,997,1,0,270,39
2019-02-24 12:00:00,2,-6,0.0,4.1,1,1,57,11:44 PM,09:43 AM,06:33 AM,05:35 PM,-3,-4,2,-4,51,99,71,0.2,1001,2,0,273,36
2019-02-24 15:00:00,2,-6,0.0,4.1,1,1,57,11:44 PM,09:43 AM,06:33 AM,05:35 PM,-7,-9,-1,-9,51,100,65,0.1,1007,-1,1,274,41
2019-02-24 18:00:00,2,-6,0.0,4.1,1,0,57,11:44 PM,09:43 AM,06:33 AM,05:35 PM,-9,-11,-3,-11,53,100,64,0.1,1015,-4,1,277,37
2019-02-24 21:00:00,2,-6,0.0,4.1,1,0,57,11:44 PM,09:43 AM,06:33 AM,05:35 PM,-10,-13,-4,-13,52,33,64,0.0,1018,-5,7,278,36
2019-02-25 00:00:00,-6,-13,0.0,8.7,2,0,50,No moonrise,10:16 AM,06:32 AM,05:36 PM,-11,-15,-6,-15,47,0,65,0.0,1022,-7,10,285,32
2019-02-25 03:00:00,-6,-13,0.0,8.7,2,0,50,No moonrise,10:16 AM,06:32 AM,05:36 PM,-13,-17,-8,-17,40,3,65,0.0,1025,-9,10,288,25
2019-02-25 06:00:00,-6,-13,0.0,8.7,2,0,50,No moonrise,10:16 AM,06:32 AM,05:36 PM,-13,-16,-9,-16,31,6,70,0.0,1029,-10,10,289,17
2019-02-25 09:00:00,-6,-13,0.0,8.7,2,2,50,No moonrise,10:16 AM,06:32 AM,05:36 PM,-15,-16,-9,-16,23,23,60,0.0,1032,-10,10,293,15
2019-02-25 12:00:00,-6,-13,0.0,8.7,2,2,50,No moonrise,10:16 AM,06:32 AM,05:36 PM,-17,-13,-7,-13,18,32,47,0.0,1032,-8,10,294,16
2019-02-25 15:00:00,-6,-13,0.0,8.7,2,2,50,No moonrise,10:16 AM,06:32 AM,05:36 PM,-16,-11,-5,-11,15,42,44,0.0,1032,-6,10,297,15
2019-02-25 18:00:00,-6,-13,0.0,8.7,2,0,50,No moonrise,10:16 AM,06:32 AM,05:36 PM,-9,-9,-4,-9,14,47,63,0.0,1029,-7,10,308,14
2019-02-25 21:00:00,-6,-13,0.0,8.7,2,0,50,No moonrise,10:16 AM,06:32 AM,05:36 PM,-11,-11,-6,-11,11,52,63,0.0,1032,-8,10,338,13
2019-02-26 00:00:00,-5,-10,0.1,4.2,2,0,42,12:48 AM,10:53 AM,06:30 AM,05:37 PM,-14,-14,-8,-14,14,76,61,0.0,1034,-9,10,355,13
2019-02-26 03:00:00,-5,-10,0.1,4.2,2,0,42,12:48 AM,10:53 AM,06:30 AM,05:37 PM,-14,-15,-9,-15,19,76,65,0.0,1034,-10,10,121,13
2019-02-26 06:00:00,-5,-10,0.1,4.2,2,0,42,12:48 AM,10:53 AM,06:30 AM,05:37 PM,-13,-14,-9,-14,20,90,68,0.0,1035,-10,10,7,13
2019-02-26 09:00:00,-5,-10,0.1,4.2,2,1,42,12:48 AM,10:53 AM,06:30 AM,05:37 PM,-12,-13,-8,-13,19,100,66,0.0,1034,-9,10,19,15
2019-02-26 12:00:00,-5,-10,0.1,4.2,2,1,42,12:48 AM,10:53 AM,06:30 AM,05:37 PM,-13,-11,-6,-11,20,100,58,0.0,1033,-7,10,48,16
2019-02-26 15:00:00,-5,-10,0.1,4.2,2,1,42,12:48 AM,10:53 AM,06:30 AM,05:37 PM,-12,-10,-4,-10,19,100,57,0.1,1030,-5,10,67,14
2019-02-26 18:00:00,-5,-10,0.1,4.2,2,0,42,12:48 AM,10:53 AM,06:30 AM,05:37 PM,-10,-10,-4,-10,21,100,63,0.1,1028,-5,7,64,14
2019-02-26 21:00:00,-5,-10,0.1,4.2,2,0,42,12:48 AM,10:53 AM,06:30 AM,05:37 PM,-9,-10,-4,-10,24,93,69,0.0,1027,-5,8,80,13
2019-02-27 00:00:00,-4,-6,0.2,4.2,1,0,35,01:49 AM,11:34 AM,06:29 AM,05:39 PM,-9,-10,-4,-10,22,88,71,0.0,1027,-5,10,96,16
2019-02-27 03:00:00,-4,-6,0.2,4.2,1,0,35,01:49 AM,11:34 AM,06:29 AM,05:39 PM,-9,-9,-4,-9,17,86,70,0.1,1027,-5,7,106,16
2019-02-27 06:00:00,-4,-6,0.2,4.2,1,0,35,01:49 AM,11:34 AM,06:29 AM,05:39 PM,-9,-10,-5,-10,9,95,70,0.1,1028,-6,5,104,13
2019-02-27 09:00:00,-4,-6,0.2,4.2,1,1,35,01:49 AM,11:34 AM,06:29 AM,05:39 PM,-9,-10,-4,-10,6,100,69,0.1,1027,-5,8,222,15
2019-02-27 12:00:00,-4,-6,0.2,4.2,1,1,35,01:49 AM,11:34 AM,06:29 AM,05:39 PM,-9,-9,-3,-9,15,100,64,0.0,1029,-4,10,297,16
2019-02-27 15:00:00,-4,-6,0.2,4.2,1,1,35,01:49 AM,11:34 AM,06:29 AM,05:39 PM,-9,-8,-3,-8,24,97,63,0.0,1029,-4,10,305,13
2019-02-27 18:00:00,-4,-6,0.2,4.2,1,0,35,01:49 AM,11:34 AM,06:29 AM,05:39 PM,-10,-9,-4,-9,28,93,63,0.0,1028,-5,10,315,11
2019-02-27 21:00:00,-4,-6,0.2,4.2,1,0,35,01:49 AM,11:34 AM,06:29 AM,05:39 PM,-10,-9,-4,-9,26,84,65,0.0,1029,-5,10,329,13
2019-02-28 00:00:00,-3,-9,0.0,4.2,1,0,27,02:46 AM,12:19 PM,06:27 AM,05:40 PM,-11,-11,-6,-11,21,73,66,0.0,1029,-7,10,338,12
2019-02-28 03:00:00,-3,-9,0.0,4.2,1,0,27,02:46 AM,12:19 PM,06:27 AM,05:40 PM,-13,-13,-8,-13,17,51,67,0.0,1029,-9,10,338,11
2019-02-28 06:00:00,-3,-9,0.0,4.2,1,0,27,02:46 AM,12:19 PM,06:27 AM,05:40 PM,-13,-13,-8,-13,13,53,67,0.0,1029,-9,10,336,10
2019-02-28 09:00:00,-3,-9,0.0,4.2,1,2,27,02:46 AM,12:19 PM,06:27 AM,05:40 PM,-12,-12,-6,-12,10,86,59,0.0,1029,-7,10,342,13
2019-02-28 12:00:00,-3,-9,0.0,4.2,1,1,27,02:46 AM,12:19 PM,06:27 AM,05:40 PM,-11,-8,-3,-8,6,100,52,0.0,1028,-4,10,119,15
2019-02-28 15:00:00,-3,-9,0.0,4.2,1,1,27,02:46 AM,12:19 PM,06:27 AM,05:40 PM,-10,-7,-2,-7,5,89,53,0.0,1027,-3,10,241,16
2019-02-28 18:00:00,-3,-9,0.0,4.2,1,0,27,02:46 AM,12:19 PM,06:27 AM,05:40 PM,-9,-8,-3,-8,4,85,66,0.0,1022,-4,10,150,17
2019-02-28 21:00:00,-3,-9,0.0,4.2,1,0,27,02:46 AM,12:19 PM,06:27 AM,05:40 PM,-9,-9,-3,-9,7,80,65,0.0,1025,-4,10,46,16
2019-03-01 00:00:00,-3,-10,0.0,7.2,1,0,26,03:37 AM,01:08 PM,06:26 AM,05:41 PM,-10,-8,-4,-8,7,82,63,0.0,1026,-5,10,31,12
2019-03-01 03:00:00,-3,-10,0.0,7.2,1,0,26,03:37 AM,01:08 PM,06:26 AM,05:41 PM,-10,-8,-4,-8,8,70,62,0.0,1024,-5,10,14,11
2019-03-01 06:00:00,-3,-10,0.0,7.2,1,0,26,03:37 AM,01:08 PM,06:26 AM,05:41 PM,-10,-9,-4,-9,10,49,61,0.0,1023,-5,10,22,13
2019-03-01 09:00:00,-3,-10,0.0,7.2,1,2,26,03:37 AM,01:08 PM,06:26 AM,05:41 PM,-10,-10,-4,-10,11,28,63,0.0,1023,-5,10,48,15
2019-03-01 12:00:00,-3,-10,0.0,7.2,1,2,26,03:37 AM,01:08 PM,06:26 AM,05:41 PM,-9,-9,-3,-9,10,51,61,0.0,1022,-4,10,70,18
2019-03-01 15:00:00,-3,-10,0.0,7.2,1,1,26,03:37 AM,01:08 PM,06:26 AM,05:41 PM,-8,-8,-2,-8,11,80,62,0.0,1021,-3,10,53,18
2019-03-01 18:00:00,-3,-10,0.0,7.2,1,0,26,03:37 AM,01:08 PM,06:26 AM,05:41 PM,-7,-6,-2,-6,12,59,67,0.0,1018,-4,10,43,17
2019-03-01 21:00:00,-3,-10,0.0,7.2,1,0,26,03:37 AM,01:08 PM,06:26 AM,05:41 PM,-6,-8,-6,-8,10,63,71,0.0,1016,-8,10,37,18
2019-03-02 00:00:00,-3,-9,0.0,4.2,1,0,19,04:23 AM,02:01 PM,06:24 AM,05:42 PM,-7,-9,-4,-9,8,60,73,0.0,1016,-5,10,29,19
2019-03-02 03:00:00,-3,-9,0.0,4.2,1,0,19,04:23 AM,02:01 PM,06:24 AM,05:42 PM,-6,-8,-2,-8,5,61,76,0.0,1019,-3,10,9,19
2019-03-02 06:00:00,-3,-9,0.0,4.2,1,0,19,04:23 AM,02:01 PM,06:24 AM,05:42 PM,-6,-8,-2,-8,8,88,76,0.0,1020,-3,10,214,20
2019-03-02 09:00:00,-3,-9,0.0,4.2,1,1,19,04:23 AM,02:01 PM,06:24 AM,05:42 PM,-8,-9,-3,-9,16,91,69,0.0,1021,-4,10,326,22
2019-03-02 12:00:00,-3,-9,0.0,4.2,1,1,19,04:23 AM,02:01 PM,06:24 AM,05:42 PM,-10,-11,-4,-11,19,95,61,0.0,1021,-5,10,345,23
2019-03-02 15:00:00,-3,-9,0.0,4.2,1,1,19,04:23 AM,02:01 PM,06:24 AM,05:42 PM,-11,-11,-4,-11,17,100,58,0.0,1022,-5,10,356,23
2019-03-02 18:00:00,-3,-9,0.0,4.2,1,0,19,04:23 AM,02:01 PM,06:24 AM,05:42 PM,-12,-14,-6,-14,17,100,62,0.0,1023,-7,10,125,22
2019-03-02 21:00:00,-3,-9,0.0,4.2,1,0,19,04:23 AM,02:01 PM,06:24 AM,05:42 PM,-13,-16,-8,-16,14,81,66,0.0,1024,-9,10,6,21
2019-03-03 00:00:00,-7,-11,0.0,5.7,1,0,12,05:03 AM,02:57 PM,06:22 AM,05:43 PM,-14,-16,-9,-16,14,90,68,0.0,1026,-10,10,229,19
2019-03-03 03:00:00,-7,-11,0.0,5.7,1,0,12,05:03 AM,02:57 PM,06:22 AM,05:43 PM,-14,-17,-10,-17,19,100,70,0.0,1027,-11,10,340,17
2019-03-03 06:00:00,-7,-11,0.0,5.7,1,0,12,05:03 AM,02:57 PM,06:22 AM,05:43 PM,-15,-17,-10,-17,23,97,70,0.0,1028,-11,10,341,16
2019-03-03 09:00:00,-7,-11,0.0,5.7,1,1,12,05:03 AM,02:57 PM,06:22 AM,05:43 PM,-14,-16,-9,-16,23,99,65,0.0,1028,-10,10,333,16
2019-03-03 12:00:00,-7,-11,0.0,5.7,1,1,12,05:03 AM,02:57 PM,06:22 AM,05:43 PM,-14,-14,-7,-14,22,84,57,0.0,1028,-8,10,331,16
2019-03-03 15:00:00,-7,-11,0.0,5.7,1,1,12,05:03 AM,02:57 PM,06:22 AM,05:43 PM,-13,-13,-6,-13,22,37,56,0.0,1027,-7,10,325,16
2019-03-03 18:00:00,-7,-11,0.0,5.7,1,0,12,05:03 AM,02:57 PM,06:22 AM,05:43 PM,-12,-13,-7,-13,24,8,61,0.0,1027,-8,10,313,16
2019-03-03 21:00:00,-7,-11,0.0,5.7,1,0,12,05:03 AM,02:57 PM,06:22 AM,05:43 PM,-13,-15,-8,-15,26,8,65,0.0,1028,-9,10,304,16
2019-03-04 00:00:00,-11,-16,0.0,8.7,2,0,4,05:39 AM,03:55 PM,06:21 AM,05:45 PM,-14,-16,-9,-16,25,44,67,0.0,1028,-10,10,301,18
2019-03-04 03:00:00,-11,-16,0.0,8.7,2,0,4,05:39 AM,03:55 PM,06:21 AM,05:45 PM,-14,-17,-10,-17,24,60,69,0.0,1028,-11,10,296,18
2019-03-04 06:00:00,-11,-16,0.0,8.7,2,0,4,05:39 AM,03:55 PM,06:21 AM,05:45 PM,-14,-17,-10,-17,24,60,71,0.0,1028,-11,10,288,16
2019-03-04 09:00:00,-11,-16,0.0,8.7,2,2,4,05:39 AM,03:55 PM,06:21 AM,05:45 PM,-19,-23,-14,-23,24,45,66,0.0,1026,-15,10,281,19
2019-03-04 12:00:00,-11,-16,0.0,8.7,2,2,4,05:39 AM,03:55 PM,06:21 AM,05:45 PM,-21,-23,-14,-23,26,30,57,0.0,1025,-14,10,277,22
2019-03-04 15:00:00,-11,-16,0.0,8.7,2,2,4,05:39 AM,03:55 PM,06:21 AM,05:45 PM,-19,-20,-11,-20,27,14,51,0.0,1024,-11,10,273,23
2019-03-04 18:00:00,-11,-16,0.0,8.7,2,0,4,05:39 AM,03:55 PM,06:21 AM,05:45 PM,-19,-20,-11,-20,28,30,54,0.0,1023,-11,10,270,23
2019-03-04 21:00:00,-11,-16,0.0,8.7,2,0,4,05:39 AM,03:55 PM,06:21 AM,05:45 PM,-18,-20,-11,-20,31,74,60,0.0,1023,-11,10,265,24
2019-03-05 00:00:00,-7,-12,0.1,7.2,1,0,0,06:10 AM,04:53 PM,06:19 AM,05:46 PM,-17,-21,-12,-21,32,96,64,0.0,1022,-12,10,261,24
2019-03-05 03:00:00,-7,-12,0.1,7.2,1,0,0,06:10 AM,04:53 PM,06:19 AM,05:46 PM,-17,-21,-12,-21,32,100,67,0.0,1021,-12,10,259,24
2019-03-05 06:00:00,-7,-12,0.1,7.2,1,0,0,06:10 AM,04:53 PM,06:19 AM,05:46 PM,-17,-21,-12,-21,31,100,70,0.1,1020,-12,7,267,23
2019-03-05 09:00:00,-7,-12,0.1,7.2,1,1,0,06:10 AM,04:53 PM,06:19 AM,05:46 PM,-17,-21,-12,-21,28,100,67,0.0,1021,-12,8,279,23
2019-03-05 12:00:00,-7,-12,0.1,7.2,1,1,0,06:10 AM,04:53 PM,06:19 AM,05:46 PM,-17,-18,-9,-18,27,37,56,0.0,1022,-9,10,287,23
2019-03-05 15:00:00,-7,-12,0.1,7.2,1,2,0,06:10 AM,04:53 PM,06:19 AM,05:46 PM,-16,-15,-7,-15,28,43,49,0.0,1022,-7,10,286,24
2019-03-05 18:00:00,-7,-12,0.1,7.2,1,0,0,06:10 AM,04:53 PM,06:19 AM,05:46 PM,-15,-15,-7,-15,33,87,56,0.0,1023,-7,10,287,26
2019-03-05 21:00:00,-7,-12,0.1,7.2,1,0,0,06:10 AM,04:53 PM,06:19 AM,05:46 PM,-15,-17,-9,-17,33,96,61,0.1,1025,-9,10,291,24
2019-03-06 00:00:00,-2,-11,0.1,8.7,1,0,0,06:38 AM,05:52 PM,06:18 AM,05:47 PM,-15,-18,-10,-18,30,94,64,0.1,1027,-10,7,296,22
2019-03-06 03:00:00,-2,-11,0.1,8.7,1,0,0,06:38 AM,05:52 PM,06:18 AM,05:47 PM,-15,-18,-10,-18,24,76,68,0.0,1028,-10,8,297,18
2019-03-06 06:00:00,-2,-11,0.1,8.7,1,0,0,06:38 AM,05:52 PM,06:18 AM,05:47 PM,-15,-18,-11,-18,19,36,71,0.0,1028,-11,10,280,14
2019-03-06 09:00:00,-2,-11,0.1,8.7,1,2,0,06:38 AM,05:52 PM,06:18 AM,05:47 PM,-15,-17,-10,-17,18,12,66,0.0,1029,-10,10,259,14
2019-03-06 12:00:00,-2,-11,0.1,8.7,1,2,0,06:38 AM,05:52 PM,06:18 AM,05:47 PM,-15,-13,-7,-13,20,14,54,0.0,1028,-7,10,250,17
2019-03-06 15:00:00,-2,-11,0.1,8.7,1,2,0,06:38 AM,05:52 PM,06:18 AM,05:47 PM,-13,-10,-3,-10,26,23,47,0.0,1026,-3,10,255,21
2019-03-06 18:00:00,-2,-11,0.1,8.7,1,0,0,06:38 AM,05:52 PM,06:18 AM,05:47 PM,-11,-9,-3,-9,29,12,53,0.0,1025,-3,10,267,21
2019-03-06 21:00:00,-2,-11,0.1,8.7,1,0,0,06:38 AM,05:52 PM,06:18 AM,05:47 PM,-9,-9,-3,-9,31,25,64,0.0,1024,-3,10,279,21
2019-03-07 00:00:00,-3,-7,0.0,4.2,2,0,3,07:05 AM,06:51 PM,06:16 AM,05:48 PM,-9,-10,-4,-10,29,62,68,0.0,1026,-4,10,300,20
2019-03-07 03:00:00,-3,-7,0.0,4.2,2,0,3,07:05 AM,06:51 PM,06:16 AM,05:48 PM,-10,-12,-6,-12,23,45,72,0.0,1027,-6,10,320,16
2019-03-07 06:00:00,-3,-7,0.0,4.2,2,0,3,07:05 AM,06:51 PM,06:16 AM,05:48 PM,-11,-12,-7,-12,17,50,74,0.0,1029,-7,10,331,12
2019-03-07 09:00:00,-3,-7,0.0,4.2,2,2,3,07:05 AM,06:51 PM,06:16 AM,05:48 PM,-12,-10,-6,-10,10,75,67,0.0,1030,-6,10,116,8
2019-03-07 12:00:00,-3,-7,0.0,4.2,2,1,3,07:05 AM,06:51 PM,06:16 AM,05:48 PM,-12,-7,-5,-7,7,61,57,0.0,1030,-5,10,39,6
2019-03-07 15:00:00,-3,-7,0.0,4.2,2,2,3,07:05 AM,06:51 PM,06:16 AM,05:48 PM,-11,-6,-3,-6,8,68,55,0.0,1029,-3,10,71,7
2019-03-07 18:00:00,-3,-7,0.0,4.2,2,0,3,07:05 AM,06:51 PM,06:16 AM,05:48 PM,-10,-7,-3,-7,12,76,61,0.0,1028,-3,10,88,9
2019-03-07 21:00:00,-3,-7,0.0,4.2,2,0,3,07:05 AM,06:51 PM,06:16 AM,05:48 PM,-7,-7,-4,-7,12,41,77,0.0,1028,-4,10,87,8
2019-03-08 00:00:00,2,-4,0.0,7.2,2,0,10,07:31 AM,07:51 PM,06:14 AM,05:49 PM,-6,-7,-4,-7,10,39,84,0.0,1027,-4,10,97,7
2019-03-08 03:00:00,2,-4,0.0,7.2,2,0,10,07:31 AM,07:51 PM,06:14 AM,05:49 PM,-6,-7,-4,-7,10,82,82,0.0,1025,-4,10,103,6
2019-03-08 06:00:00,2,-4,0.0,7.2,2,0,10,07:31 AM,07:51 PM,06:14 AM,05:49 PM,-6,-6,-4,-6,10,90,81,0.0,1024,-4,10,103,6
2019-03-08 09:00:00,2,-4,0.0,7.2,2,1,10,07:31 AM,07:51 PM,06:14 AM,05:49 PM,-5,-5,-2,-5,10,61,78,0.0,1024,-2,10,99,7
2019-03-08 12:00:00,2,-4,0.0,7.2,2,2,10,07:31 AM,07:51 PM,06:14 AM,05:49 PM,-4,-2,0,-2,10,36,74,0.0,1023,0,10,94,8
2019-03-08 15:00:00,2,-4,0.0,7.2,2,2,10,07:31 AM,07:51 PM,06:14 AM,05:49 PM,-3,-1,1,-1,12,23,73,0.0,1021,1,10,74,9
2019-03-08 18:00:00,2,-4,0.0,7.2,2,0,10,07:31 AM,07:51 PM,06:14 AM,05:49 PM,-3,-3,0,-3,14,16,78,0.0,1021,0,10,63,9
2019-03-08 21:00:00,2,-4,0.0,7.2,2,0,10,07:31 AM,07:51 PM,06:14 AM,05:49 PM,-3,-4,-0,-4,15,20,79,0.0,1022,-3,10,76,9
2019-03-09 00:00:00,3,-4,0.0,5.7,2,0,17,07:56 AM,08:52 PM,06:13 AM,05:50 PM,-3,-4,-0,-4,18,13,80,0.0,1021,-1,10,94,10
2019-03-09 03:00:00,3,-4,0.0,5.7,2,0,17,07:56 AM,08:52 PM,06:13 AM,05:50 PM,-3,-4,-0,-4,21,8,83,0.0,1020,-0,10,110,12
2019-03-09 06:00:00,3,-4,0.0,5.7,2,0,17,07:56 AM,08:52 PM,06:13 AM,05:50 PM,-3,-5,-0,-5,27,6,83,0.0,1019,-0,10,116,15
2019-03-09 09:00:00,3,-4,0.0,5.7,2,2,17,07:56 AM,08:52 PM,06:13 AM,05:50 PM,-3,-4,1,-4,31,35,77,0.0,1016,1,10,117,20
2019-03-09 12:00:00,3,-4,0.0,5.7,2,2,17,07:56 AM,08:52 PM,06:13 AM,05:50 PM,-3,-3,2,-3,38,70,70,0.0,1012,2,10,109,24
2019-03-09 15:00:00,3,-4,0.0,5.7,2,1,17,07:56 AM,08:52 PM,06:13 AM,05:50 PM,-0,-3,3,-3,44,94,81,4.3,1004,3,8,103,27
2019-03-09 18:00:00,3,-4,0.0,5.7,2,0,17,07:56 AM,08:52 PM,06:13 AM,05:50 PM,2,-1,2,-1,42,100,93,15.7,997,1,6,95,24
2019-03-09 21:00:00,3,-4,0.0,5.7,2,0,17,07:56 AM,08:52 PM,06:13 AM,05:50 PM,3,-3,-1,-3,42,100,96,8.8,994,-3,6,148,22
2019-03-10 00:00:00,3,-1,0.0,4.3,1,0,24,08:23 AM,09:54 PM,06:11 AM,05:51 PM,3,-2,2,-2,49,100,91,3.2,995,1,7,218,28
2019-03-10 03:00:00,3,-1,0.0,4.3,1,0,24,08:23 AM,09:54 PM,06:11 AM,05:51 PM,0,-3,3,-3,50,100,83,1.1,999,3,2,248,32
2019-03-10 06:00:00,3,-1,0.0,4.3,1,0,24,08:23 AM,09:54 PM,06:11 AM,05:51 PM,-1,-4,2,-4,44,99,80,0.0,1004,2,7,259,28
2019-03-10 09:00:00,3,-1,0.0,4.3,1,1,24,08:23 AM,09:54 PM,06:11 AM,05:51 PM,-2,-3,2,-3,39,99,77,0.1,1009,2,10,263,26
2019-03-10 12:00:00,3,-1,0.0,4.3,1,1,24,08:23 AM,09:54 PM,06:11 AM,05:51 PM,-2,-3,3,-3,38,86,70,0.0,1013,3,10,261,26
2019-03-10 15:00:00,3,-1,0.0,4.3,1,1,24,08:23 AM,09:54 PM,06:11 AM,05:51 PM,-3,-3,2,-3,39,91,68,0.0,1017,2,10,263,27
2019-03-10 18:00:00,3,-1,0.0,4.3,1,0,24,08:23 AM,09:54 PM,06:11 AM,05:51 PM,-4,-4,2,-4,37,35,68,0.0,1020,2,10,267,24
2019-03-10 21:00:00,3,-1,0.0,4.3,1,0,24,08:23 AM,09:54 PM,06:11 AM,05:51 PM,-5,-5,0,-5,35,6,65,0.0,1023,0,10,272,22
2019-03-11 00:00:00,3,-2,0.0,8.7,2,0,32,08:53 AM,10:57 PM,06:09 AM,05:53 PM,-7,-6,-1,-6,30,20,63,0.0,1025,-1,10,280,19
2019-03-11 03:00:00,3,-2,0.0,8.7,2,0,32,08:53 AM,10:57 PM,06:09 AM,05:53 PM,-7,-6,-1,-6,24,43,64,0.0,1027,-1,10,286,16
2019-03-11 06:00:00,3,-2,0.0,8.7,2,0,32,08:53 AM,10:57 PM,06:09 AM,05:53 PM,-8,-7,-2,-7,22,74,66,0.0,1028,-2,10,293,15
2019-03-11 09:00:00,3,-2,0.0,8.7,2,1,32,08:53 AM,10:57 PM,06:09 AM,05:53 PM,-8,-6,-2,-6,19,59,61,0.0,1029,-2,10,297,14
2019-03-11 12:00:00,3,-2,0.0,8.7,2,2,32,08:53 AM,10:57 PM,06:09 AM,05:53 PM,-8,-3,0,-3,15,48,53,0.0,1030,0,10,287,12
2019-03-11 15:00:00,3,-2,0.0,8.7,2,2,32,08:53 AM,10:57 PM,06:09 AM,05:53 PM,-7,-1,3,-1,17,19,50,0.0,1029,3,10,284,12
2019-03-11 18:00:00,3,-2,0.0,8.7,2,0,32,08:53 AM,10:57 PM,06:09 AM,05:53 PM,-5,0,3,0,16,1,56,0.0,1029,3,10,295,11
2019-03-11 21:00:00,3,-2,0.0,8.7,2,0,32,08:53 AM,10:57 PM,06:09 AM,05:53 PM,-4,-2,2,-2,17,0,66,0.0,1029,2,10,287,11
