date_time,"los+angeles,ca_maxtempC","los+angeles,ca_mintempC","los+angeles,ca_totalSnow_cm","los+angeles,ca_sunHour","los+angeles,ca_uvIndex","los+angeles,ca_uvIndex","los+angeles,ca_moon_illumination","los+angeles,ca_moonrise","los+angeles,ca_moonset","los+angeles,ca_sunrise","los+angeles,ca_sunset","los+angeles,ca_DewPointC","los+angeles,ca_FeelsLikeC","los+angeles,ca_HeatIndexC","los+angeles,ca_WindChillC","los+angeles,ca_WindGustKmph","los+angeles,ca_cloudcover","los+angeles,ca_humidity","los+angeles,ca_precipMM","los+angeles,ca_pressure","los+angeles,ca_tempC","los+angeles,ca_visibility","los+angeles,ca_winddirDegree","los+angeles,ca_windspeedKmph"
2018-12-11 00:00:00,20,14,0.0,8.7,5,0,21,10:13 AM,08:47 PM,06:48 AM,04:44 PM,7,17,17,17,3,13,53,0.0,1018,16,10,2,2
2018-12-11 03:00:00,20,14,0.0,8.7,5,0,21,10:13 AM,08:47 PM,06:48 AM,04:44 PM,7,16,16,16,10,10,55,0.0,1017,15,10,56,6
2018-12-11 06:00:00,20,14,0.0,8.7,5,0,21,10:13 AM,08:47 PM,06:48 AM,04:44 PM,5,16,16,16,7,7,51,0.0,1018,14,10,359,5
2018-12-11 09:00:00,20,14,0.0,8.7,5,5,21,10:13 AM,08:47 PM,06:48 AM,04:44 PM,6,18,18,18,4,13,45,0.0,1018,17,10,49,4
2018-12-11 12:00:00,20,14,0.0,8.7,5,6,21,10:13 AM,08:47 PM,06:48 AM,04:44 PM,5,22,24,22,2,6,33,0.0,1017,20,10,217,1
2018-12-11 15:00:00,20,14,0.0,8.7,5,5,21,10:13 AM,08:47 PM,06:48 AM,04:44 PM,8,20,20,20,10,2,47,0.0,1017,19,10,246,9
2018-12-11 18:00:00,20,14,0.0,8.7,5,0,21,10:13 AM,08:47 PM,06:48 AM,04:44 PM,10,19,19,19,8,0,54,0.0,1019,17,10,247,7
2018-12-11 21:00:00,20,14,0.0,8.7,5,0,21,10:13 AM,08:47 PM,06:48 AM,04:44 PM,12,18,18,18,7,0,68,0.0,1019,16,10,125,6
2018-12-12 00:00:00,19,14,0.0,8.7,5,0,29,10:51 AM,09:42 PM,06:49 AM,04:44 PM,14,20,20,20,3,1,70,0.0,1019,15,10,224,3
2018-12-12 03:00:00,19,14,0.0,8.7,5,0,29,10:51 AM,09:42 PM,06:49 AM,04:44 PM,10,15,15,15,7,9,69,0.0,1019,14,10,106,5
2018-12-12 06:00:00,19,14,0.0,8.7,5,0,29,10:51 AM,09:42 PM,06:49 AM,04:44 PM,9,15,15,15,4,18,71,0.0,1019,14,10,138,3
2018-12-12 09:00:00,19,14,0.0,8.7,5,5,29,10:51 AM,09:42 PM,06:49 AM,04:44 PM,10,16,16,16,11,14,67,0.0,1020,16,10,122,9
2018-12-12 12:00:00,19,14,0.0,8.7,5,5,29,10:51 AM,09:42 PM,06:49 AM,04:44 PM,9,20,20,20,10,4,49,0.0,1020,19,10,178,9
2018-12-12 15:00:00,19,14,0.0,8.7,5,5,29,10:51 AM,09:42 PM,06:49 AM,04:44 PM,12,20,20,20,9,0,63,0.0,1020,17,10,174,8
2018-12-12 18:00:00,19,14,0.0,8.7,5,0,29,10:51 AM,09:42 PM,06:49 AM,04:44 PM,13,19,19,19,5,0,66,0.0,1022,16,10,209,4
2018-12-12 21:00:00,19,14,0.0,8.7,5,0,29,10:51 AM,09:42 PM,06:49 AM,04:44 PM,11,18,18,18,3,0,61,0.0,1023,15,10,2,3
2018-12-13 00:00:00,23,15,0.0,8.7,5,0,36,11:26 AM,10:36 PM,06:50 AM,04:44 PM,4,17,17,17,9,4,42,0.0,1023,15,10,339,6
2018-12-13 03:00:00,23,15,0.0,8.7,5,0,36,11:26 AM,10:36 PM,06:50 AM,04:44 PM,1,16,16,16,13,4,35,0.0,1023,15,10,39,8
2018-12-13 06:00:00,23,15,0.0,8.7,5,0,36,11:26 AM,10:36 PM,06:50 AM,04:44 PM,-2,16,16,16,15,3,28,0.0,1025,15,10,13,8
2018-12-13 09:00:00,23,15,0.0,8.7,5,5,36,11:26 AM,10:36 PM,06:50 AM,04:44 PM,-1,21,22,21,10,3,23,0.0,1025,20,10,56,8
2018-12-13 12:00:00,23,15,0.0,8.7,5,6,36,11:26 AM,10:36 PM,06:50 AM,04:44 PM,-1,24,24,26,4,3,17,0.0,1023,23,10,79,3
2018-12-13 15:00:00,23,15,0.0,8.7,5,6,36,11:26 AM,10:36 PM,06:50 AM,04:44 PM,1,25,24,25,2,2,20,0.0,1023,22,10,220,2
2018-12-13 18:00:00,23,15,0.0,8.7,5,0,36,11:26 AM,10:36 PM,06:50 AM,04:44 PM,0,22,22,22,9,1,24,0.0,1023,19,10,29,6
2018-12-13 21:00:00,23,15,0.0,8.7,5,0,36,11:26 AM,10:36 PM,06:50 AM,04:44 PM,-2,18,18,18,25,15,25,0.0,1023,18,10,54,13
2018-12-14 00:00:00,20,16,0.0,7.0,5,0,43,11:58 AM,11:31 PM,06:50 AM,04:45 PM,-0,19,19,19,9,6,27,0.0,1023,17,10,29,5
2018-12-14 03:00:00,20,16,0.0,7.0,5,0,43,11:58 AM,11:31 PM,06:50 AM,04:45 PM,-3,17,17,17,18,13,24,0.0,1022,17,10,51,10
2018-12-14 06:00:00,20,16,0.0,7.0,5,0,43,11:58 AM,11:31 PM,06:50 AM,04:45 PM,-4,17,17,17,11,32,23,0.0,1023,16,10,358,6
2018-12-14 09:00:00,20,16,0.0,7.0,5,5,43,11:58 AM,11:31 PM,06:50 AM,04:45 PM,-4,19,19,19,10,47,21,0.0,1023,18,10,60,7
2018-12-14 12:00:00,20,16,0.0,7.0,5,6,43,11:58 AM,11:31 PM,06:50 AM,04:45 PM,-4,21,21,21,2,48,18,0.0,1021,20,10,88,1
2018-12-14 15:00:00,20,16,0.0,7.0,5,4,43,11:58 AM,11:31 PM,06:50 AM,04:45 PM,-3,19,19,19,2,84,21,0.0,1021,19,10,330,1
2018-12-14 18:00:00,20,16,0.0,7.0,5,0,43,11:58 AM,11:31 PM,06:50 AM,04:45 PM,-1,19,19,19,6,65,26,0.0,1021,18,10,307,4
2018-12-14 21:00:00,20,16,0.0,7.0,5,0,43,11:58 AM,11:31 PM,06:50 AM,04:45 PM,2,17,17,17,2,82,37,0.0,1020,17,10,21,1
2018-12-15 00:00:00,21,15,0.0,8.7,5,0,51,12:28 PM,No moonset,06:51 AM,04:45 PM,0,18,18,18,7,5,31,0.0,1020,16,10,352,5
2018-12-15 03:00:00,21,15,0.0,8.7,5,0,51,12:28 PM,No moonset,06:51 AM,04:45 PM,1,19,19,19,7,0,29,0.0,1019,16,10,24,6
2018-12-15 06:00:00,21,15,0.0,8.7,5,0,51,12:28 PM,No moonset,06:51 AM,04:45 PM,-2,19,19,19,6,0,23,0.0,1019,15,10,359,5
2018-12-15 09:00:00,21,15,0.0,8.7,5,5,51,12:28 PM,No moonset,06:51 AM,04:45 PM,-2,23,23,23,2,0,18,0.0,1019,19,10,341,1
2018-12-15 12:00:00,21,15,0.0,8.7,5,6,51,12:28 PM,No moonset,06:51 AM,04:45 PM,-1,24,23,24,9,0,19,0.0,1018,21,10,221,8
2018-12-15 15:00:00,21,15,0.0,8.7,5,5,51,12:28 PM,No moonset,06:51 AM,04:45 PM,4,22,23,22,8,2,31,0.0,1018,20,10,250,7
2018-12-15 18:00:00,21,15,0.0,8.7,5,0,51,12:28 PM,No moonset,06:51 AM,04:45 PM,7,21,21,21,5,0,40,0.0,1020,18,10,291,4
2018-12-15 21:00:00,21,15,0.0,8.7,5,0,51,12:28 PM,No moonset,06:51 AM,04:45 PM,6,20,20,20,2,0,41,0.0,1020,17,10,129,1
2018-12-16 00:00:00,20,15,0.0,8.7,5,0,58,12:59 PM,12:27 AM,06:52 AM,04:45 PM,6,21,21,21,4,0,37,0.0,1020,16,10,340,3
2018-12-16 03:00:00,20,15,0.0,8.7,5,0,58,12:59 PM,12:27 AM,06:52 AM,04:45 PM,5,20,20,20,5,2,37,0.0,1020,16,10,320,4
2018-12-16 06:00:00,20,15,0.0,8.7,5,0,58,12:59 PM,12:27 AM,06:52 AM,04:45 PM,2,17,17,17,6,4,35,0.0,1021,15,10,322,4
2018-12-16 09:00:00,20,15,0.0,8.7,5,5,58,12:59 PM,12:27 AM,06:52 AM,04:45 PM,7,21,24,21,5,2,38,0.0,1021,18,10,120,5
2018-12-16 12:00:00,20,15,0.0,8.7,5,6,58,12:59 PM,12:27 AM,06:52 AM,04:45 PM,5,21,23,21,8,6,34,0.0,1020,20,10,196,7
2018-12-16 15:00:00,20,15,0.0,8.7,5,5,58,12:59 PM,12:27 AM,06:52 AM,04:45 PM,9,18,18,18,10,9,54,0.0,1020,18,10,233,9
2018-12-16 18:00:00,20,15,0.0,8.7,5,0,58,12:59 PM,12:27 AM,06:52 AM,04:45 PM,11,17,17,17,3,7,67,0.0,1020,16,10,252,3
2018-12-16 21:00:00,20,15,0.0,8.7,5,0,58,12:59 PM,12:27 AM,06:52 AM,04:45 PM,11,16,16,16,3,100,70,0.0,1021,16,10,247,2
2018-12-17 00:00:00,18,14,0.0,8.7,4,0,65,01:31 PM,01:24 AM,06:52 AM,04:46 PM,11,16,16,16,2,66,71,0.0,1021,15,10,214,1
2018-12-17 03:00:00,18,14,0.0,8.7,4,0,65,01:31 PM,01:24 AM,06:52 AM,04:46 PM,11,15,15,15,8,46,77,0.0,1020,15,10,81,6
2018-12-17 06:00:00,18,14,0.0,8.7,4,0,65,01:31 PM,01:24 AM,06:52 AM,04:46 PM,11,15,15,15,3,24,75,0.1,1021,14,10,238,3
2018-12-17 09:00:00,18,14,0.0,8.7,4,5,65,01:31 PM,01:24 AM,06:52 AM,04:46 PM,11,16,16,16,2,38,72,0.0,1022,16,10,84,2
2018-12-17 12:00:00,18,14,0.0,8.7,4,5,65,01:31 PM,01:24 AM,06:52 AM,04:46 PM,10,18,18,18,9,44,60,0.1,1021,18,10,192,8
2018-12-17 15:00:00,18,14,0.0,8.7,4,5,65,01:31 PM,01:24 AM,06:52 AM,04:46 PM,12,17,17,17,10,60,73,0.0,1020,17,10,223,9
2018-12-17 18:00:00,18,14,0.0,8.7,4,0,65,01:31 PM,01:24 AM,06:52 AM,04:46 PM,13,16,16,16,13,73,81,0.2,1022,16,10,244,10
2018-12-17 21:00:00,18,14,0.0,8.7,4,0,65,01:31 PM,01:24 AM,06:52 AM,04:46 PM,13,16,16,16,7,62,87,0.0,1023,15,10,286,5
2018-12-18 00:00:00,19,14,0.0,8.7,5,0,72,02:04 PM,02:23 AM,06:53 AM,04:46 PM,13,17,17,17,2,10,81,0.0,1023,15,10,298,2
2018-12-18 03:00:00,19,14,0.0,8.7,5,0,72,02:04 PM,02:23 AM,06:53 AM,04:46 PM,14,17,17,17,2,3,81,0.0,1022,14,10,56,2
2018-12-18 06:00:00,19,14,0.0,8.7,5,0,72,02:04 PM,02:23 AM,06:53 AM,04:46 PM,10,15,15,15,4,14,73,0.0,1024,14,10,292,3
2018-12-18 09:00:00,19,14,0.0,8.7,5,5,72,02:04 PM,02:23 AM,06:53 AM,04:46 PM,10,17,17,17,4,16,64,0.0,1024,16,10,197,4
2018-12-18 12:00:00,19,14,0.0,8.7,5,5,72,02:04 PM,02:23 AM,06:53 AM,04:46 PM,8,19,19,19,12,12,50,0.0,1022,19,10,233,11
2018-12-18 15:00:00,19,14,0.0,8.7,5,5,72,02:04 PM,02:23 AM,06:53 AM,04:46 PM,11,17,17,17,11,17,66,0.0,1021,17,10,236,9
2018-12-18 18:00:00,19,14,0.0,8.7,5,0,72,02:04 PM,02:23 AM,06:53 AM,04:46 PM,11,17,17,17,7,13,66,0.0,1022,16,10,279,5
2018-12-18 21:00:00,19,14,0.0,8.7,5,0,72,02:04 PM,02:23 AM,06:53 AM,04:46 PM,10,16,16,16,4,11,65,0.0,1023,15,10,209,3
2018-12-19 00:00:00,22,15,0.0,8.7,5,0,80,02:41 PM,03:25 AM,06:54 AM,04:47 PM,7,16,16,16,5,14,55,0.0,1023,15,10,332,3
2018-12-19 03:00:00,22,15,0.0,8.7,5,0,80,02:41 PM,03:25 AM,06:54 AM,04:47 PM,6,15,15,15,10,32,53,0.0,1022,15,10,65,5
2018-12-19 06:00:00,22,15,0.0,8.7,5,0,80,02:41 PM,03:25 AM,06:54 AM,04:47 PM,5,15,15,15,8,32,50,0.0,1022,15,10,11,4
2018-12-19 09:00:00,22,15,0.0,8.7,5,5,80,02:41 PM,03:25 AM,06:54 AM,04:47 PM,5,20,20,20,3,37,39,0.0,1023,19,10,63,3
2018-12-19 12:00:00,22,15,0.0,8.7,5,6,80,02:41 PM,03:25 AM,06:54 AM,04:47 PM,6,24,24,23,10,20,33,0.0,1022,22,10,222,8
2018-12-19 15:00:00,22,15,0.0,8.7,5,6,80,02:41 PM,03:25 AM,06:54 AM,04:47 PM,10,22,24,22,7,5,47,0.0,1021,20,10,228,6
2018-12-19 18:00:00,22,15,0.0,8.7,5,0,80,02:41 PM,03:25 AM,06:54 AM,04:47 PM,11,22,24,22,3,0,50,0.0,1022,19,10,320,3
2018-12-19 21:00:00,22,15,0.0,8.7,5,0,80,02:41 PM,03:25 AM,06:54 AM,04:47 PM,10,21,21,21,1,0,49,0.0,1021,18,10,26,1
2018-12-20 00:00:00,23,17,0.0,8.7,5,0,87,03:24 PM,04:29 AM,06:54 AM,04:47 PM,9,22,24,22,5,0,45,0.0,1021,17,10,2,4
2018-12-20 03:00:00,23,17,0.0,8.7,5,0,87,03:24 PM,04:29 AM,06:54 AM,04:47 PM,4,18,18,18,10,11,40,0.0,1020,17,10,16,5
2018-12-20 06:00:00,23,17,0.0,8.7,5,0,87,03:24 PM,04:29 AM,06:54 AM,04:47 PM,3,17,17,17,8,32,38,0.0,1020,17,10,7,4
2018-12-20 09:00:00,23,17,0.0,8.7,5,6,87,03:24 PM,04:29 AM,06:54 AM,04:47 PM,5,22,23,22,1,5,33,0.0,1021,20,10,102,1
2018-12-20 12:00:00,23,17,0.0,8.7,5,6,87,03:24 PM,04:29 AM,06:54 AM,04:47 PM,5,25,25,26,7,1,27,0.0,1019,23,10,187,6
2018-12-20 15:00:00,23,17,0.0,8.7,5,6,87,03:24 PM,04:29 AM,06:54 AM,04:47 PM,10,23,24,23,9,0,43,0.0,1018,21,10,255,8
2018-12-20 18:00:00,23,17,0.0,8.7,5,0,87,03:24 PM,04:29 AM,06:54 AM,04:47 PM,10,20,20,20,5,5,53,0.0,1019,18,10,315,3
2018-12-20 21:00:00,23,17,0.0,8.7,5,0,87,03:24 PM,04:29 AM,06:54 AM,04:47 PM,7,18,18,18,1,64,51,0.0,1018,17,10,241,0
2018-12-21 00:00:00,20,12,0.0,8.7,4,0,94,04:12 PM,05:36 AM,06:55 AM,04:48 PM,7,17,17,17,3,90,51,0.0,1017,17,10,119,1
2018-12-21 03:00:00,20,12,0.0,8.7,4,0,94,04:12 PM,05:36 AM,06:55 AM,04:48 PM,8,17,17,17,4,26,54,0.0,1016,16,10,135,2
2018-12-21 06:00:00,20,12,0.0,8.7,4,0,94,04:12 PM,05:36 AM,06:55 AM,04:48 PM,9,12,12,12,3,31,78,0.0,1016,12,10,117,3
2018-12-21 09:00:00,20,12,0.0,8.7,4,5,94,04:12 PM,05:36 AM,06:55 AM,04:48 PM,11,19,19,19,2,19,60,0.0,1017,18,10,62,2
2018-12-21 12:00:00,20,12,0.0,8.7,4,5,94,04:12 PM,05:36 AM,06:55 AM,04:48 PM,11,23,24,23,9,2,48,0.0,1015,20,10,180,8
2018-12-21 15:00:00,20,12,0.0,8.7,4,5,94,04:12 PM,05:36 AM,06:55 AM,04:48 PM,11,20,20,20,6,3,55,0.0,1015,19,10,197,5
2018-12-21 18:00:00,20,12,0.0,8.7,4,0,94,04:12 PM,05:36 AM,06:55 AM,04:48 PM,13,19,19,19,5,2,67,0.0,1015,17,10,247,4
2018-12-21 21:00:00,20,12,0.0,8.7,4,0,94,04:12 PM,05:36 AM,06:55 AM,04:48 PM,12,17,17,17,3,14,74,0.0,1015,16,10,87,2
2018-12-22 00:00:00,20,15,0.0,8.7,5,0,100,05:09 PM,06:43 AM,06:55 AM,04:48 PM,12,17,17,17,5,8,72,0.0,1015,15,10,256,4
2018-12-22 03:00:00,20,15,0.0,8.7,5,0,100,05:09 PM,06:43 AM,06:55 AM,04:48 PM,11,16,16,16,5,8,72,0.0,1017,15,10,98,4
2018-12-22 06:00:00,20,15,0.0,8.7,5,0,100,05:09 PM,06:43 AM,06:55 AM,04:48 PM,9,16,16,16,3,7,61,0.0,1017,15,10,19,2
2018-12-22 09:00:00,20,15,0.0,8.7,5,5,100,05:09 PM,06:43 AM,06:55 AM,04:48 PM,9,18,18,18,3,6,55,0.0,1020,17,10,124,3
2018-12-22 12:00:00,20,15,0.0,8.7,5,6,100,05:09 PM,06:43 AM,06:55 AM,04:48 PM,7,22,24,22,7,6,40,0.0,1018,20,10,206,6
2018-12-22 15:00:00,20,15,0.0,8.7,5,5,100,05:09 PM,06:43 AM,06:55 AM,04:48 PM,10,19,19,19,9,7,54,0.0,1018,18,10,228,8
2018-12-22 18:00:00,20,15,0.0,8.7,5,0,100,05:09 PM,06:43 AM,06:55 AM,04:48 PM,10,18,18,18,4,6,60,0.0,1019,17,10,269,4
2018-12-22 21:00:00,20,15,0.0,8.7,5,0,100,05:09 PM,06:43 AM,06:55 AM,04:48 PM,11,17,17,17,3,5,66,0.0,1020,16,10,69,3
2018-12-23 00:00:00,19,14,0.0,8.7,5,0,100,06:12 PM,07:48 AM,06:56 AM,04:49 PM,9,17,17,17,5,14,58,0.0,1020,16,10,327,3
2018-12-23 03:00:00,19,14,0.0,8.7,5,0,100,06:12 PM,07:48 AM,06:56 AM,04:49 PM,9,16,16,16,2,22,63,0.0,1020,15,10,84,1
2018-12-23 06:00:00,19,14,0.0,8.7,5,0,100,06:12 PM,07:48 AM,06:56 AM,04:49 PM,9,16,16,16,5,4,63,0.0,1021,14,10,279,4
2018-12-23 09:00:00,19,14,0.0,8.7,5,5,100,06:12 PM,07:48 AM,06:56 AM,04:49 PM,10,18,18,18,4,6,59,0.0,1022,16,10,163,4
2018-12-23 12:00:00,19,14,0.0,8.7,5,5,100,06:12 PM,07:48 AM,06:56 AM,04:49 PM,9,20,20,20,11,5,49,0.0,1020,19,10,218,9
2018-12-23 15:00:00,19,14,0.0,8.7,5,5,100,06:12 PM,07:48 AM,06:56 AM,04:49 PM,11,18,18,18,7,9,63,0.0,1019,17,10,240,6
2018-12-23 18:00:00,19,14,0.0,8.7,5,0,100,06:12 PM,07:48 AM,06:56 AM,04:49 PM,12,18,18,18,8,4,71,0.0,1020,16,10,263,7
2018-12-23 21:00:00,19,14,0.0,8.7,5,0,100,06:12 PM,07:48 AM,06:56 AM,04:49 PM,12,17,17,17,3,3,74,0.0,1020,15,10,244,2
2018-12-24 00:00:00,19,14,0.0,7.0,5,0,84,07:20 PM,08:46 AM,06:56 AM,04:49 PM,11,18,18,18,3,2,62,0.0,1019,15,10,286,3
2018-12-24 03:00:00,19,14,0.0,7.0,5,0,84,07:20 PM,08:46 AM,06:56 AM,04:49 PM,11,19,19,19,1,1,60,0.0,1019,14,10,5,1
2018-12-24 06:00:00,19,14,0.0,7.0,5,0,84,07:20 PM,08:46 AM,06:56 AM,04:49 PM,8,17,17,17,3,3,54,0.0,1019,14,10,347,3
2018-12-24 09:00:00,19,14,0.0,7.0,5,4,84,07:20 PM,08:46 AM,06:56 AM,04:49 PM,7,16,16,16,4,100,54,0.0,1018,16,10,174,3
2018-12-24 12:00:00,19,14,0.0,7.0,5,5,84,07:20 PM,08:46 AM,06:56 AM,04:49 PM,8,20,20,20,11,4,45,0.0,1016,19,10,214,9
2018-12-24 15:00:00,19,14,0.0,7.0,5,5,84,07:20 PM,08:46 AM,06:56 AM,04:49 PM,9,19,19,19,12,2,53,0.0,1015,18,10,219,10
2018-12-24 18:00:00,19,14,0.0,7.0,5,0,84,07:20 PM,08:46 AM,06:56 AM,04:49 PM,11,16,16,16,13,2,75,0.0,1014,15,10,193,1
2018-12-24 21:00:00,19,14,0.0,7.0,5,0,84,07:20 PM,08:46 AM,06:56 AM,04:49 PM,12,15,15,15,7,77,82,0.0,1013,15,10,201,5
2018-12-25 00:00:00,18,13,0.0,8.7,3,0,77,08:29 PM,09:39 AM,06:56 AM,04:50 PM,12,15,15,15,7,33,80,0.2,1013,15,9,261,5
2018-12-25 03:00:00,18,13,0.0,8.7,3,0,77,08:29 PM,09:39 AM,06:56 AM,04:50 PM,10,13,14,13,17,9,77,0.0,1011,14,10,247,12
2018-12-25 06:00:00,18,13,0.0,8.7,3,0,77,08:29 PM,09:39 AM,06:56 AM,04:50 PM,8,13,14,13,15,9,68,0.2,1010,13,10,270,11
2018-12-25 09:00:00,18,13,0.0,8.7,3,4,77,08:29 PM,09:39 AM,06:56 AM,04:50 PM,7,16,16,16,6,13,58,0.0,1010,15,10,306,5
2018-12-25 12:00:00,18,13,0.0,8.7,3,5,77,08:29 PM,09:39 AM,06:56 AM,04:50 PM,3,18,18,18,13,11,35,0.0,1009,18,10,319,12
2018-12-25 15:00:00,18,13,0.0,8.7,3,5,77,08:29 PM,09:39 AM,06:56 AM,04:50 PM,3,17,17,17,29,6,39,0.0,1010,17,10,331,23
2018-12-25 18:00:00,18,13,0.0,8.7,3,0,77,08:29 PM,09:39 AM,06:56 AM,04:50 PM,2,14,15,14,23,1,43,0.0,1012,15,10,338,17
2018-12-25 21:00:00,18,13,0.0,8.7,3,0,77,08:29 PM,09:39 AM,06:56 AM,04:50 PM,3,12,14,12,31,3,48,0.0,1013,14,10,341,20
2018-12-26 00:00:00,18,12,0.0,7.0,4,0,69,09:39 PM,10:24 AM,06:57 AM,04:50 PM,3,14,14,14,14,8,46,0.0,1015,13,10,344,10
2018-12-26 03:00:00,18,12,0.0,7.0,4,0,69,09:39 PM,10:24 AM,06:57 AM,04:50 PM,3,13,14,13,10,8,49,0.0,1016,13,10,350,8
2018-12-26 06:00:00,18,12,0.0,7.0,4,0,69,09:39 PM,10:24 AM,06:57 AM,04:50 PM,2,14,14,14,8,3,46,0.0,1017,12,10,341,6
2018-12-26 09:00:00,18,12,0.0,7.0,4,5,69,09:39 PM,10:24 AM,06:57 AM,04:50 PM,2,16,16,16,3,39,39,0.0,1018,16,10,123,3
2018-12-26 12:00:00,18,12,0.0,7.0,4,4,69,09:39 PM,10:24 AM,06:57 AM,04:50 PM,2,18,18,18,9,70,33,0.0,1016,18,10,218,8
2018-12-26 15:00:00,18,12,0.0,7.0,4,5,69,09:39 PM,10:24 AM,06:57 AM,04:50 PM,4,18,18,18,12,14,39,0.0,1016,17,10,237,10
2018-12-26 18:00:00,18,12,0.0,7.0,4,0,69,09:39 PM,10:24 AM,06:57 AM,04:50 PM,7,19,19,19,5,0,48,0.0,1017,16,10,260,5
2018-12-26 21:00:00,18,12,0.0,7.0,4,0,69,09:39 PM,10:24 AM,06:57 AM,04:50 PM,4,15,15,15,3,32,50,0.0,1017,14,10,291,2
2018-12-27 00:00:00,18,12,0.0,8.7,4,0,62,10:45 PM,11:05 AM,06:57 AM,04:51 PM,5,16,15,16,5,7,50,0.0,1016,13,10,74,4
2018-12-27 03:00:00,18,12,0.0,8.7,4,0,62,10:45 PM,11:05 AM,06:57 AM,04:51 PM,6,14,13,14,5,32,60,0.0,1015,13,10,15,4
2018-12-27 06:00:00,18,12,0.0,8.7,4,0,62,10:45 PM,11:05 AM,06:57 AM,04:51 PM,5,13,13,13,3,10,57,0.0,1015,12,10,43,3
2018-12-27 09:00:00,18,12,0.0,8.7,4,4,62,10:45 PM,11:05 AM,06:57 AM,04:51 PM,8,16,16,16,7,3,60,0.0,1015,14,10,138,6
2018-12-27 12:00:00,18,12,0.0,8.7,4,5,62,10:45 PM,11:05 AM,06:57 AM,04:51 PM,0,18,18,18,16,0,30,0.0,1013,18,10,338,14
2018-12-27 15:00:00,18,12,0.0,8.7,4,5,62,10:45 PM,11:05 AM,06:57 AM,04:51 PM,0,16,16,16,31,0,35,0.0,1013,16,10,343,24
2018-12-27 18:00:00,18,12,0.0,8.7,4,0,62,10:45 PM,11:05 AM,06:57 AM,04:51 PM,-2,11,13,11,33,0,35,0.0,1015,13,10,355,23
2018-12-27 21:00:00,18,12,0.0,8.7,4,0,62,10:45 PM,11:05 AM,06:57 AM,04:51 PM,-4,11,13,11,31,0,30,0.0,1016,13,10,2,19
2018-12-28 00:00:00,15,11,0.0,8.7,4,0,55,11:50 PM,11:42 AM,06:58 AM,04:52 PM,-6,10,12,10,28,0,27,0.0,1018,12,10,14,17
2018-12-28 03:00:00,15,11,0.0,8.7,4,0,55,11:50 PM,11:42 AM,06:58 AM,04:52 PM,-6,10,12,10,18,0,29,0.0,1019,11,10,8,13
2018-12-28 06:00:00,15,11,0.0,8.7,4,0,55,11:50 PM,11:42 AM,06:58 AM,04:52 PM,-10,9,11,9,21,0,21,0.0,1020,11,10,31,14
2018-12-28 09:00:00,15,11,0.0,8.7,4,4,55,11:50 PM,11:42 AM,06:58 AM,04:52 PM,-12,13,14,13,16,0,16,0.0,1021,13,10,40,14
2018-12-28 12:00:00,15,11,0.0,8.7,4,4,55,11:50 PM,11:42 AM,06:58 AM,04:52 PM,-13,17,17,17,10,0,12,0.0,1020,15,10,55,8
2018-12-28 15:00:00,15,11,0.0,8.7,4,4,55,11:50 PM,11:42 AM,06:58 AM,04:52 PM,-8,19,19,19,2,0,16,0.0,1020,15,10,326,1
2018-12-28 18:00:00,15,11,0.0,8.7,4,0,55,11:50 PM,11:42 AM,06:58 AM,04:52 PM,-8,15,15,15,6,8,20,0.0,1023,13,10,359,5
2018-12-28 21:00:00,15,11,0.0,8.7,4,0,55,11:50 PM,11:42 AM,06:58 AM,04:52 PM,-9,13,13,13,1,14,22,0.0,1024,12,10,298,0
2018-12-29 00:00:00,16,10,0.0,8.7,4,0,48,No moonrise,12:16 PM,06:58 AM,04:52 PM,-6,15,15,15,6,0,22,0.0,1025,11,10,324,5
2018-12-29 03:00:00,16,10,0.0,8.7,4,0,48,No moonrise,12:16 PM,06:58 AM,04:52 PM,-4,16,15,16,5,0,27,0.0,1026,11,10,272,4
2018-12-29 06:00:00,16,10,0.0,8.7,4,0,48,No moonrise,12:16 PM,06:58 AM,04:52 PM,-6,13,13,13,7,0,25,0.0,1028,10,10,11,6
2018-12-29 09:00:00,16,10,0.0,8.7,4,4,48,No moonrise,12:16 PM,06:58 AM,04:52 PM,-11,17,17,17,2,0,14,0.0,1028,13,10,92,2
2018-12-29 12:00:00,16,10,0.0,8.7,4,5,48,No moonrise,12:16 PM,06:58 AM,04:52 PM,-13,19,19,19,9,0,11,0.0,1026,16,10,253,8
2018-12-29 15:00:00,16,10,0.0,8.7,4,5,48,No moonrise,12:16 PM,06:58 AM,04:52 PM,-5,17,17,17,10,3,22,0.0,1025,15,10,224,9
2018-12-29 18:00:00,16,10,0.0,8.7,4,0,48,No moonrise,12:16 PM,06:58 AM,04:52 PM,-2,15,15,15,9,3,30,0.0,1025,14,10,285,7
2018-12-29 21:00:00,16,10,0.0,8.7,4,0,48,No moonrise,12:16 PM,06:58 AM,04:52 PM,-2,15,15,15,4,3,32,0.0,1024,13,10,70,3
2018-12-30 00:00:00,16,11,0.0,8.7,4,0,40,12:52 AM,12:50 PM,06:58 AM,04:53 PM,-3,14,13,14,6,19,33,0.0,1023,12,10,327,4
2018-12-30 03:00:00,16,11,0.0,8.7,4,0,40,12:52 AM,12:50 PM,06:58 AM,04:53 PM,-3,14,14,14,3,6,32,0.0,1021,12,10,85,2
2018-12-30 06:00:00,16,11,0.0,8.7,4,0,40,12:52 AM,12:50 PM,06:58 AM,04:53 PM,1,16,16,16,0,0,37,0.0,1020,11,10,7,0
2018-12-30 09:00:00,16,11,0.0,8.7,4,4,40,12:52 AM,12:50 PM,06:58 AM,04:53 PM,2,18,18,18,5,0,35,0.0,1018,14,10,151,4
2018-12-30 12:00:00,16,11,0.0,8.7,4,5,40,12:52 AM,12:50 PM,06:58 AM,04:53 PM,1,18,18,18,12,0,31,0.0,1015,16,10,193,10
2018-12-30 15:00:00,16,11,0.0,8.7,4,5,40,12:52 AM,12:50 PM,06:58 AM,04:53 PM,5,16,16,16,9,3,47,0.0,1014,15,10,198,8
2018-12-30 18:00:00,16,11,0.0,8.7,4,0,40,12:52 AM,12:50 PM,06:58 AM,04:53 PM,8,16,16,16,7,0,60,0.0,1014,14,10,172,6
2018-12-30 21:00:00,16,11,0.0,8.7,4,0,40,12:52 AM,12:50 PM,06:58 AM,04:53 PM,9,12,13,12,15,35,79,0.0,1013,12,10,90,10
2018-12-31 00:00:00,16,11,0.0,8.7,4,0,36,01:54 AM,01:24 PM,06:58 AM,04:54 PM,10,14,13,14,4,22,82,0.0,1013,12,10,74,3
2018-12-31 03:00:00,16,11,0.0,8.7,4,0,36,01:54 AM,01:24 PM,06:58 AM,04:54 PM,10,12,12,12,6,70,86,0.0,1012,12,10,47,4
2018-12-31 06:00:00,16,11,0.0,8.7,4,0,36,01:54 AM,01:24 PM,06:58 AM,04:54 PM,9,12,12,12,3,21,82,0.0,1012,11,10,62,3
2018-12-31 09:00:00,16,11,0.0,8.7,4,4,36,01:54 AM,01:24 PM,06:58 AM,04:54 PM,7,15,15,15,4,12,56,0.0,1013,14,10,30,4
2018-12-31 12:00:00,16,11,0.0,8.7,4,5,36,01:54 AM,01:24 PM,06:58 AM,04:54 PM,0,16,16,16,14,14,34,0.1,1012,16,10,54,12
2018-12-31 15:00:00,16,11,0.0,8.7,4,5,36,01:54 AM,01:24 PM,06:58 AM,04:54 PM,-4,16,16,16,17,6,25,0.1,1012,15,10,38,14
2018-12-31 18:00:00,16,11,0.0,8.7,4,0,36,01:54 AM,01:24 PM,06:58 AM,04:54 PM,-9,14,14,14,14,3,21,0.0,1013,13,10,29,13
2018-12-31 21:00:00,16,11,0.0,8.7,4,0,36,01:54 AM,01:24 PM,06:58 AM,04:54 PM,-8,12,12,12,18,4,26,0.0,1014,11,10,35,10
2019-01-01 00:00:00,15,6,0.0,8.7,4,0,26,02:54 AM,02:00 PM,06:59 AM,04:55 PM,-7,9,10,9,18,0,30,0.0,1016,9,10,21,10
2019-01-01 03:00:00,15,6,0.0,8.7,4,0,26,02:54 AM,02:00 PM,06:59 AM,04:55 PM,-7,6,7,6,9,0,35,0.0,1017,6,10,14,9
2019-01-01 06:00:00,15,6,0.0,8.7,4,0,26,02:54 AM,02:00 PM,06:59 AM,04:55 PM,-8,5,6,5,6,0,38,0.0,1019,5,10,122,5
2019-01-01 09:00:00,15,6,0.0,8.7,4,3,26,02:54 AM,02:00 PM,06:59 AM,04:55 PM,-9,7,8,7,7,0,29,0.0,1021,8,10,240,6
2019-01-01 12:00:00,15,6,0.0,8.7,4,4,26,02:54 AM,02:00 PM,06:59 AM,04:55 PM,-10,13,13,13,8,0,19,0.0,1022,12,10,14,6
2019-01-01 15:00:00,15,6,0.0,8.7,4,4,26,02:54 AM,02:00 PM,06:59 AM,04:55 PM,-11,15,15,15,8,0,15,0.0,1021,14,10,21,8
2019-01-01 18:00:00,15,6,0.0,8.7,4,0,26,02:54 AM,02:00 PM,06:59 AM,04:55 PM,-11,12,12,12,11,1,18,0.0,1021,11,10,135,11
2019-01-01 21:00:00,15,6,0.0,8.7,4,0,26,02:54 AM,02:00 PM,06:59 AM,04:55 PM,-10,9,9,9,14,29,25,0.0,1022,9,10,354,8
2019-01-02 00:00:00,16,5,0.0,8.7,4,0,19,03:53 AM,02:38 PM,06:59 AM,04:55 PM,-9,6,7,6,14,55,32,0.0,1022,7,10,341,8
2019-01-02 03:00:00,16,5,0.0,8.7,4,0,19,03:53 AM,02:38 PM,06:59 AM,04:55 PM,-8,4,5,4,10,4,39,0.0,1022,4,10,332,6
2019-01-02 06:00:00,16,5,0.0,8.7,4,0,19,03:53 AM,02:38 PM,06:59 AM,04:55 PM,-7,4,4,4,9,2,44,0.0,1022,3,10,325,6
2019-01-02 09:00:00,16,5,0.0,8.7,4,3,19,03:53 AM,02:38 PM,06:59 AM,04:55 PM,-8,8,8,8,5,0,31,0.0,1023,8,10,288,5
2019-01-02 12:00:00,16,5,0.0,8.7,4,4,19,03:53 AM,02:38 PM,06:59 AM,04:55 PM,-8,14,14,14,7,0,19,0.0,1024,14,10,204,3
2019-01-02 15:00:00,16,5,0.0,8.7,4,5,19,03:53 AM,02:38 PM,06:59 AM,04:55 PM,-5,16,16,16,14,0,23,0.0,1024,16,10,207,1
2019-01-02 18:00:00,16,5,0.0,8.7,4,0,19,03:53 AM,02:38 PM,06:59 AM,04:55 PM,-1,13,14,13,13,0,39,0.0,1023,13,10,220,1
2019-01-02 21:00:00,16,5,0.0,8.7,4,0,19,03:53 AM,02:38 PM,06:59 AM,04:55 PM,-0,10,11,10,4,0,51,0.0,1024,9,10,172,2
2019-01-03 00:00:00,17,6,0.0,8.7,4,0,11,04:51 AM,03:20 PM,06:59 AM,04:56 PM,-2,8,8,8,3,0,51,0.0,1025,7,10,139,3
2019-01-03 03:00:00,17,6,0.0,8.7,4,0,11,04:51 AM,03:20 PM,06:59 AM,04:56 PM,-4,7,7,7,6,0,49,0.0,1024,6,10,351,4
2019-01-03 06:00:00,17,6,0.0,8.7,4,0,11,04:51 AM,03:20 PM,06:59 AM,04:56 PM,-4,6,6,6,9,0,47,0.0,1024,6,10,334,5
2019-01-03 09:00:00,17,6,0.0,8.7,4,3,11,04:51 AM,03:20 PM,06:59 AM,04:56 PM,-5,10,10,10,5,2,37,0.0,1023,10,10,302,3
2019-01-03 12:00:00,17,6,0.0,8.7,4,5,11,04:51 AM,03:20 PM,06:59 AM,04:56 PM,-6,17,17,17,3,4,19,0.0,1021,17,10,232,0
2019-01-03 15:00:00,17,6,0.0,8.7,4,5,11,04:51 AM,03:20 PM,06:59 AM,04:56 PM,-2,17,17,17,10,2,26,0.0,1020,16,10,215,2
2019-01-03 18:00:00,17,6,0.0,8.7,4,0,11,04:51 AM,03:20 PM,06:59 AM,04:56 PM,1,14,14,14,10,0,43,0.0,1020,13,10,236,1
2019-01-03 21:00:00,17,6,0.0,8.7,4,0,11,04:51 AM,03:20 PM,06:59 AM,04:56 PM,3,11,11,11,4,0,59,0.0,1020,11,10,294,0
2019-01-04 00:00:00,18,7,0.0,8.7,4,0,4,05:47 AM,04:05 PM,06:59 AM,04:57 PM,2,10,10,10,3,0,57,0.0,1020,9,10,229,3
2019-01-04 03:00:00,18,7,0.0,8.7,4,0,4,05:47 AM,04:05 PM,06:59 AM,04:57 PM,0,9,9,9,4,0,55,0.0,1019,8,10,9,3
2019-01-04 06:00:00,18,7,0.0,8.7,4,0,4,05:47 AM,04:05 PM,06:59 AM,04:57 PM,-1,8,8,8,4,0,52,0.0,1018,7,10,12,2
2019-01-04 09:00:00,18,7,0.0,8.7,4,4,4,05:47 AM,04:05 PM,06:59 AM,04:57 PM,-3,11,11,11,4,0,40,0.0,1018,11,10,87,2
2019-01-04 12:00:00,18,7,0.0,8.7,4,5,4,05:47 AM,04:05 PM,06:59 AM,04:57 PM,-3,18,18,18,6,0,22,0.0,1016,18,10,205,2
2019-01-04 15:00:00,18,7,0.0,8.7,4,5,4,05:47 AM,04:05 PM,06:59 AM,04:57 PM,0,18,18,18,10,0,30,0.0,1015,17,10,186,1
2019-01-04 18:00:00,18,7,0.0,8.7,4,0,4,05:47 AM,04:05 PM,06:59 AM,04:57 PM,5,15,15,15,6,2,55,0.0,1015,14,10,195,0
2019-01-04 21:00:00,18,7,0.0,8.7,4,0,4,05:47 AM,04:05 PM,06:59 AM,04:57 PM,7,12,12,12,3,28,75,0.0,1016,11,10,199,0
2019-01-05 00:00:00,15,9,0.0,7.0,3,0,0,06:39 AM,04:54 PM,06:59 AM,04:58 PM,6,11,11,11,4,75,75,0.0,1016,10,10,153,3
2019-01-05 03:00:00,15,9,0.0,7.0,3,0,0,06:39 AM,04:54 PM,06:59 AM,04:58 PM,5,10,10,10,6,63,73,0.0,1015,9,10,123,1
2019-01-05 06:00:00,15,9,0.0,7.0,3,0,0,06:39 AM,04:54 PM,06:59 AM,04:58 PM,4,9,9,9,9,38,71,0.0,1014,9,10,121,0
2019-01-05 09:00:00,15,9,0.0,7.0,3,4,0,06:39 AM,04:54 PM,06:59 AM,04:58 PM,5,12,12,12,11,48,64,0.0,1015,11,10,134,5
2019-01-05 12:00:00,15,9,0.0,7.0,3,3,0,06:39 AM,04:54 PM,06:59 AM,04:58 PM,7,15,15,15,14,53,61,0.0,1014,15,10,157,6
2019-01-05 15:00:00,15,9,0.0,7.0,3,3,0,06:39 AM,04:54 PM,06:59 AM,04:58 PM,8,16,16,16,16,69,62,0.2,1013,15,10,143,7
2019-01-05 18:00:00,15,9,0.0,7.0,3,0,0,06:39 AM,04:54 PM,06:59 AM,04:58 PM,8,14,14,14,21,79,69,0.6,1014,14,9,122,3
2019-01-05 21:00:00,15,9,0.0,7.0,3,0,0,06:39 AM,04:54 PM,06:59 AM,04:58 PM,9,13,13,13,25,77,77,1.6,1014,12,8,106,5
2019-01-06 00:00:00,16,9,0.0,8.7,3,0,0,07:27 AM,05:46 PM,06:59 AM,04:59 PM,9,13,13,13,21,100,81,4.3,1014,12,7,124,5
2019-01-06 03:00:00,16,9,0.0,8.7,3,0,0,07:27 AM,05:46 PM,06:59 AM,04:59 PM,10,12,12,12,15,84,86,7.8,1015,12,7,110,7
2019-01-06 06:00:00,16,9,0.0,8.7,3,0,0,07:27 AM,05:46 PM,06:59 AM,04:59 PM,10,11,11,11,14,36,91,6.1,1016,10,7,87,6
2019-01-06 09:00:00,16,9,0.0,8.7,3,4,0,07:27 AM,05:46 PM,06:59 AM,04:59 PM,10,12,12,12,8,6,90,0.0,1018,11,10,97,5
2019-01-06 12:00:00,16,9,0.0,8.7,3,4,0,07:27 AM,05:46 PM,06:59 AM,04:59 PM,12,16,16,16,7,13,80,0.0,1014,15,10,157,6
2019-01-06 15:00:00,16,9,0.0,8.7,3,5,0,07:27 AM,05:46 PM,06:59 AM,04:59 PM,11,16,16,16,6,14,72,0.0,1016,15,10,245,6
2019-01-06 18:00:00,16,9,0.0,8.7,3,0,0,07:27 AM,05:46 PM,06:59 AM,04:59 PM,9,14,14,14,8,26,74,0.0,1021,13,10,222,2
2019-01-06 21:00:00,16,9,0.0,8.7,3,0,0,07:27 AM,05:46 PM,06:59 AM,04:59 PM,9,12,12,12,12,71,83,0.1,1022,12,10,152,2
2019-01-07 00:00:00,15,9,0.0,3.9,3,0,3,08:11 AM,06:39 PM,06:59 AM,05:00 PM,8,11,11,11,20,100,85,0.4,1022,10,10,104,2
2019-01-07 03:00:00,15,9,0.0,3.9,3,0,3,08:11 AM,06:39 PM,06:59 AM,05:00 PM,9,10,10,10,21,100,89,1.4,1022,9,8,94,0
2019-01-07 06:00:00,15,9,0.0,3.9,3,0,3,08:11 AM,06:39 PM,06:59 AM,05:00 PM,8,10,10,10,23,100,87,2.2,1023,9,8,90,3
2019-01-07 09:00:00,15,9,0.0,3.9,3,3,3,08:11 AM,06:39 PM,06:59 AM,05:00 PM,8,11,11,11,19,98,84,1.5,1023,11,9,90,7
2019-01-07 12:00:00,15,9,0.0,3.9,3,3,3,08:11 AM,06:39 PM,06:59 AM,05:00 PM,10,15,15,15,11,93,75,1.3,1023,14,7,104,7
2019-01-07 15:00:00,15,9,0.0,3.9,3,3,3,08:11 AM,06:39 PM,06:59 AM,05:00 PM,11,16,16,16,4,91,72,0.2,1022,15,3,172,1
2019-01-07 18:00:00,15,9,0.0,3.9,3,0,3,08:11 AM,06:39 PM,06:59 AM,05:00 PM,11,14,14,14,4,64,81,0.1,1022,14,7,269,2
2019-01-07 21:00:00,15,9,0.0,3.9,3,0,3,08:11 AM,06:39 PM,06:59 AM,05:00 PM,11,13,13,13,6,13,90,0.0,1022,12,10,323,4
2019-01-08 00:00:00,18,10,0.0,8.7,5,0,10,08:50 AM,07:34 PM,06:59 AM,05:00 PM,11,12,12,12,4,11,91,0.0,1022,11,10,224,4
2019-01-08 03:00:00,18,10,0.0,8.7,5,0,10,08:50 AM,07:34 PM,06:59 AM,05:00 PM,9,11,11,11,6,11,89,0.0,1021,10,10,117,3
2019-01-08 06:00:00,18,10,0.0,8.7,5,0,10,08:50 AM,07:34 PM,06:59 AM,05:00 PM,8,10,10,10,11,10,85,0.0,1021,10,10,348,5
2019-01-08 09:00:00,18,10,0.0,8.7,5,4,10,08:50 AM,07:34 PM,06:59 AM,05:00 PM,7,13,13,13,10,9,69,0.0,1022,12,10,354,4
2019-01-08 12:00:00,18,10,0.0,8.7,5,5,10,08:50 AM,07:34 PM,06:59 AM,05:00 PM,5,18,18,18,5,8,45,0.0,1021,17,10,295,2
2019-01-08 15:00:00,18,10,0.0,8.7,5,5,10,08:50 AM,07:34 PM,06:59 AM,05:00 PM,7,19,19,19,7,10,47,0.0,1018,18,10,184,5
2019-01-08 18:00:00,18,10,0.0,8.7,5,0,10,08:50 AM,07:34 PM,06:59 AM,05:00 PM,10,17,17,17,7,4,62,0.0,1019,16,10,183,3
2019-01-08 21:00:00,18,10,0.0,8.7,5,0,10,08:50 AM,07:34 PM,06:59 AM,05:00 PM,11,14,14,14,4,8,81,0.0,1020,13,10,148,3
2019-01-09 00:00:00,16,10,0.0,7.1,4,0,18,09:26 AM,08:28 PM,06:59 AM,05:01 PM,11,13,13,13,4,7,86,0.0,1021,12,10,84,3
2019-01-09 03:00:00,16,10,0.0,7.1,4,0,18,09:26 AM,08:28 PM,06:59 AM,05:01 PM,9,11,11,11,5,5,85,0.0,1021,11,10,27,3
2019-01-09 06:00:00,16,10,0.0,7.1,4,0,18,09:26 AM,08:28 PM,06:59 AM,05:01 PM,8,10,10,10,7,12,84,0.0,1021,10,10,25,3
2019-01-09 09:00:00,16,10,0.0,7.1,4,3,18,09:26 AM,08:28 PM,06:59 AM,05:01 PM,8,13,13,13,6,41,75,0.0,1020,12,10,68,3
2019-01-09 12:00:00,16,10,0.0,7.1,4,5,18,09:26 AM,08:28 PM,06:59 AM,05:01 PM,9,16,16,16,4,71,61,0.0,1019,16,10,178,6
2019-01-09 15:00:00,16,10,0.0,7.1,4,4,18,09:26 AM,08:28 PM,06:59 AM,05:01 PM,10,16,16,16,13,59,66,0.0,1020,16,10,247,9
2019-01-09 18:00:00,16,10,0.0,7.1,4,0,18,09:26 AM,08:28 PM,06:59 AM,05:01 PM,11,14,14,14,17,58,79,0.0,1020,14,10,293,8
2019-01-09 21:00:00,16,10,0.0,7.1,4,0,18,09:26 AM,08:28 PM,06:59 AM,05:01 PM,11,13,13,13,5,11,87,0.0,1020,12,10,261,2
2019-01-10 00:00:00,17,10,0.0,8.7,4,0,25,09:59 AM,09:23 PM,06:59 AM,05:02 PM,11,12,12,12,4,13,93,0.0,1021,11,10,194,1
2019-01-10 03:00:00,17,10,0.0,8.7,4,0,25,09:59 AM,09:23 PM,06:59 AM,05:02 PM,10,11,11,11,3,3,93,0.0,1021,10,10,349,0
2019-01-10 06:00:00,17,10,0.0,8.7,4,0,25,09:59 AM,09:23 PM,06:59 AM,05:02 PM,9,10,10,10,4,0,90,0.0,1020,10,10,346,3
2019-01-10 09:00:00,17,10,0.0,8.7,4,4,25,09:59 AM,09:23 PM,06:59 AM,05:02 PM,9,12,12,12,4,0,82,0.0,1021,12,10,308,3
2019-01-10 12:00:00,17,10,0.0,8.7,4,5,25,09:59 AM,09:23 PM,06:59 AM,05:02 PM,9,16,16,16,5,6,66,0.0,1020,15,10,216,3
2019-01-10 15:00:00,17,10,0.0,8.7,4,5,25,09:59 AM,09:23 PM,06:59 AM,05:02 PM,11,17,17,17,11,11,68,0.0,1019,16,10,233,2
2019-01-10 18:00:00,17,10,0.0,8.7,4,0,25,09:59 AM,09:23 PM,06:59 AM,05:02 PM,12,14,14,14,11,3,84,0.0,1019,14,10,227,1
2019-01-10 21:00:00,17,10,0.0,8.7,4,0,25,09:59 AM,09:23 PM,06:59 AM,05:02 PM,11,13,13,13,6,6,90,0.0,1020,12,10,210,0
2019-01-11 00:00:00,16,10,0.0,7.1,4,0,32,10:30 AM,10:17 PM,06:59 AM,05:03 PM,10,12,12,12,4,3,93,0.0,1020,11,10,179,3
2019-01-11 03:00:00,16,10,0.0,7.1,4,0,32,10:30 AM,10:17 PM,06:59 AM,05:03 PM,10,11,11,11,3,16,93,0.0,1019,10,10,165,3
2019-01-11 06:00:00,16,10,0.0,7.1,4,0,32,10:30 AM,10:17 PM,06:59 AM,05:03 PM,9,11,11,11,2,61,90,0.0,1019,10,10,164,3
2019-01-11 09:00:00,16,10,0.0,7.1,4,4,32,10:30 AM,10:17 PM,06:59 AM,05:03 PM,10,13,13,13,3,63,82,0.0,1020,12,10,90,4
2019-01-11 12:00:00,16,10,0.0,7.1,4,4,32,10:30 AM,10:17 PM,06:59 AM,05:03 PM,10,16,16,16,8,43,68,0.0,1018,16,10,136,4
2019-01-11 15:00:00,16,10,0.0,7.1,4,5,32,10:30 AM,10:17 PM,06:59 AM,05:03 PM,9,16,16,16,14,59,62,0.0,1016,16,10,142,1
2019-01-11 18:00:00,16,10,0.0,7.1,4,0,32,10:30 AM,10:17 PM,06:59 AM,05:03 PM,9,14,14,14,13,5,71,0.0,1016,14,10,132,1
2019-01-11 21:00:00,16,10,0.0,7.1,4,0,32,10:30 AM,10:17 PM,06:59 AM,05:03 PM,10,13,13,13,13,12,81,0.0,1016,12,10,100,1
2019-01-12 00:00:00,15,11,0.0,5.5,3,0,39,11:00 AM,11:13 PM,06:59 AM,05:04 PM,10,13,13,13,19,38,84,0.1,1016,12,8,88,5
2019-01-12 03:00:00,15,11,0.0,5.5,3,0,39,11:00 AM,11:13 PM,06:59 AM,05:04 PM,10,12,12,12,24,75,89,3.4,1016,11,5,83,4
2019-01-12 06:00:00,15,11,0.0,5.5,3,0,39,11:00 AM,11:13 PM,06:59 AM,05:04 PM,11,12,12,12,26,89,95,6.7,1017,11,5,74,3
2019-01-12 09:00:00,15,11,0.0,5.5,3,3,39,11:00 AM,11:13 PM,06:59 AM,05:04 PM,11,13,13,13,23,75,88,0.4,1016,12,6,98,4
2019-01-12 12:00:00,15,11,0.0,5.5,3,4,39,11:00 AM,11:13 PM,06:59 AM,05:04 PM,10,15,15,15,18,64,69,0.3,1016,15,9,106,5
2019-01-12 15:00:00,15,11,0.0,5.5,3,4,39,11:00 AM,11:13 PM,06:59 AM,05:04 PM,9,15,15,15,11,15,66,0.0,1017,15,10,107,6
2019-01-12 18:00:00,15,11,0.0,5.5,3,0,39,11:00 AM,11:13 PM,06:59 AM,05:04 PM,9,14,14,14,6,37,76,0.2,1017,13,10,95,6
2019-01-12 21:00:00,15,11,0.0,5.5,3,0,39,11:00 AM,11:13 PM,06:59 AM,05:04 PM,9,13,13,13,2,79,81,0.5,1018,12,9,148,3
2019-01-13 00:00:00,16,9,0.0,7.1,4,0,47,11:30 AM,No moonset,06:59 AM,05:05 PM,9,12,12,12,2,52,82,0.3,1019,11,9,167,3
2019-01-13 03:00:00,16,9,0.0,7.1,4,0,47,11:30 AM,No moonset,06:59 AM,05:05 PM,8,10,10,10,3,10,83,0.0,1019,10,10,37,1
2019-01-13 06:00:00,16,9,0.0,7.1,4,0,47,11:30 AM,No moonset,06:59 AM,05:05 PM,7,9,9,9,8,8,84,0.0,1018,9,10,35,1
2019-01-13 09:00:00,16,9,0.0,7.1,4,4,47,11:30 AM,No moonset,06:59 AM,05:05 PM,7,12,12,12,8,7,75,0.0,1019,11,10,33,5
2019-01-13 12:00:00,16,9,0.0,7.1,4,3,47,11:30 AM,No moonset,06:59 AM,05:05 PM,8,16,16,16,4,32,60,0.0,1018,15,10,85,4
2019-01-13 15:00:00,16,9,0.0,7.1,4,4,47,11:30 AM,No moonset,06:59 AM,05:05 PM,8,16,16,16,7,80,61,0.0,1017,15,10,158,4
2019-01-13 18:00:00,16,9,0.0,7.1,4,0,47,11:30 AM,No moonset,06:59 AM,05:05 PM,9,14,14,14,8,61,72,0.0,1018,13,10,116,1
2019-01-13 21:00:00,16,9,0.0,7.1,4,0,47,11:30 AM,No moonset,06:59 AM,05:05 PM,9,13,13,13,13,10,77,0.0,1017,12,10,67,1
2019-01-14 00:00:00,12,10,0.0,3.9,4,0,54,12:01 PM,12:09 AM,06:59 AM,05:06 PM,8,12,12,12,17,8,75,0.0,1018,11,10,68,4
2019-01-14 03:00:00,12,10,0.0,3.9,4,0,54,12:01 PM,12:09 AM,06:59 AM,05:06 PM,7,12,12,12,23,9,72,0.0,1018,11,10,64,8
2019-01-14 06:00:00,12,10,0.0,3.9,4,0,54,12:01 PM,12:09 AM,06:59 AM,05:06 PM,7,11,11,11,29,30,73,0.0,1018,10,10,70,9
2019-01-14 09:00:00,12,10,0.0,3.9,4,3,54,12:01 PM,12:09 AM,06:59 AM,05:06 PM,7,11,11,11,28,73,74,3.1,1018,11,8,52,11
2019-01-14 12:00:00,12,10,0.0,3.9,4,3,54,12:01 PM,12:09 AM,06:59 AM,05:06 PM,8,12,12,12,27,100,73,9.7,1017,12,5,34,15
2019-01-14 15:00:00,12,10,0.0,3.9,4,3,54,12:01 PM,12:09 AM,06:59 AM,05:06 PM,8,13,13,13,27,100,73,11.9,1015,12,5,65,17
2019-01-14 18:00:00,12,10,0.0,3.9,4,0,54,12:01 PM,12:09 AM,06:59 AM,05:06 PM,9,12,12,12,22,90,83,9.6,1015,11,7,68,7
2019-01-14 21:00:00,12,10,0.0,3.9,4,0,54,12:01 PM,12:09 AM,06:59 AM,05:06 PM,10,10,11,10,22,75,85,0.5,1016,9,10,78,8
2019-01-15 00:00:00,13,10,0.0,3.9,4,0,61,12:35 PM,01:08 AM,06:58 AM,05:07 PM,11,8,10,8,19,67,88,0.3,1015,8,9,65,15
2019-01-15 03:00:00,13,10,0.0,3.9,4,0,61,12:35 PM,01:08 AM,06:58 AM,05:07 PM,11,13,13,13,19,39,91,0.0,1015,12,10,75,10
2019-01-15 06:00:00,13,10,0.0,3.9,4,0,61,12:35 PM,01:08 AM,06:58 AM,05:07 PM,12,12,12,12,24,58,96,0.0,1016,12,10,87,9
2019-01-15 09:00:00,13,10,0.0,3.9,4,3,61,12:35 PM,01:08 AM,06:58 AM,05:07 PM,10,12,12,12,27,82,92,0.1,1018,11,10,96,8
2019-01-15 12:00:00,13,10,0.0,3.9,4,3,61,12:35 PM,01:08 AM,06:58 AM,05:07 PM,9,14,14,14,31,100,77,0.6,1018,13,10,123,10
2019-01-15 15:00:00,13,10,0.0,3.9,4,3,61,12:35 PM,01:08 AM,06:58 AM,05:07 PM,10,14,14,14,32,100,79,1.6,1017,13,8,125,10
2019-01-15 18:00:00,13,10,0.0,3.9,4,0,61,12:35 PM,01:08 AM,06:58 AM,05:07 PM,11,14,14,14,36,100,84,2.5,1017,13,8,114,5
2019-01-15 21:00:00,13,10,0.0,3.9,4,0,61,12:35 PM,01:08 AM,06:58 AM,05:07 PM,11,13,13,13,28,100,91,2.7,1017,12,8,105,5
2019-01-16 00:00:00,16,11,0.0,3.9,3,0,69,01:14 PM,02:09 AM,06:58 AM,05:08 PM,12,13,13,13,22,90,94,3.3,1017,12,8,94,4
2019-01-16 03:00:00,16,11,0.0,3.9,3,0,69,01:14 PM,02:09 AM,06:58 AM,05:08 PM,11,12,12,12,27,74,95,0.7,1016,11,10,79,5
2019-01-16 06:00:00,16,11,0.0,3.9,3,0,69,01:14 PM,02:09 AM,06:58 AM,05:08 PM,11,11,11,11,22,73,97,0.5,1017,11,9,69,8
2019-01-16 09:00:00,16,11,0.0,3.9,3,3,69,01:14 PM,02:09 AM,06:58 AM,05:08 PM,12,14,14,14,23,70,93,0.0,1020,13,10,79,8
2019-01-16 12:00:00,16,11,0.0,3.9,3,4,69,01:14 PM,02:09 AM,06:58 AM,05:08 PM,13,17,17,17,25,100,79,0.3,1022,16,10,94,9
2019-01-16 15:00:00,16,11,0.0,3.9,3,4,69,01:14 PM,02:09 AM,06:58 AM,05:08 PM,13,16,16,16,27,100,83,1.9,1021,15,8,97,7
2019-01-16 18:00:00,16,11,0.0,3.9,3,0,69,01:14 PM,02:09 AM,06:58 AM,05:08 PM,12,14,14,14,28,100,86,3.3,1020,13,7,99,3
2019-01-16 21:00:00,16,11,0.0,3.9,3,0,69,01:14 PM,02:09 AM,06:58 AM,05:08 PM,9,13,13,13,27,100,80,1.8,1021,12,9,96,2
2019-01-17 00:00:00,16,11,0.0,3.9,3,0,76,01:58 PM,03:13 AM,06:58 AM,05:09 PM,11,13,13,13,23,100,86,1.5,1021,13,7,96,4
2019-01-17 03:00:00,16,11,0.0,3.9,3,0,76,01:58 PM,03:13 AM,06:58 AM,05:09 PM,14,16,16,16,25,100,93,0.3,1021,15,2,94,6
2019-01-17 06:00:00,16,11,0.0,3.9,3,0,76,01:58 PM,03:13 AM,06:58 AM,05:09 PM,14,15,15,15,31,100,96,2.5,1021,14,3,112,9
2019-01-17 09:00:00,16,11,0.0,3.9,3,3,76,01:58 PM,03:13 AM,06:58 AM,05:09 PM,13,14,14,14,24,100,97,10.8,1020,13,6,141,6
2019-01-17 12:00:00,16,11,0.0,3.9,3,4,76,01:58 PM,03:13 AM,06:58 AM,05:09 PM,15,17,17,17,12,100,89,15.5,1021,16,6,156,5
2019-01-17 15:00:00,16,11,0.0,3.9,3,4,76,01:58 PM,03:13 AM,06:58 AM,05:09 PM,14,16,16,16,5,100,88,9.0,1019,16,4,121,9
2019-01-17 18:00:00,16,11,0.0,3.9,3,0,76,01:58 PM,03:13 AM,06:58 AM,05:09 PM,12,14,14,14,8,94,86,7.0,1017,14,5,133,7
2019-01-17 21:00:00,16,11,0.0,3.9,3,0,76,01:58 PM,03:13 AM,06:58 AM,05:09 PM,10,13,13,13,6,81,81,0.1,1019,12,10,273,1
2019-01-18 00:00:00,17,10,0.0,8.7,3,0,83,02:49 PM,04:19 AM,06:58 AM,05:10 PM,11,12,12,12,7,75,87,0.1,1020,11,10,271,2
2019-01-18 03:00:00,17,10,0.0,8.7,3,0,83,02:49 PM,04:19 AM,06:58 AM,05:10 PM,11,12,12,12,3,53,94,0.0,1021,11,10,212,2
2019-01-18 06:00:00,17,10,0.0,8.7,3,0,83,02:49 PM,04:19 AM,06:58 AM,05:10 PM,10,12,12,12,3,13,93,0.0,1022,11,10,109,4
2019-01-18 09:00:00,17,10,0.0,8.7,3,4,83,02:49 PM,04:19 AM,06:58 AM,05:10 PM,10,13,13,13,3,5,86,0.0,1022,12,10,82,2
2019-01-18 12:00:00,17,10,0.0,8.7,3,5,83,02:49 PM,04:19 AM,06:58 AM,05:10 PM,9,17,17,17,5,7,64,0.0,1024,16,10,178,3
2019-01-18 15:00:00,17,10,0.0,8.7,3,5,83,02:49 PM,04:19 AM,06:58 AM,05:10 PM,10,17,17,17,10,3,63,0.0,1023,17,10,219,5
2019-01-18 18:00:00,17,10,0.0,8.7,3,0,83,02:49 PM,04:19 AM,06:58 AM,05:10 PM,11,15,15,15,13,4,75,0.0,1024,15,10,250,0
2019-01-18 21:00:00,17,10,0.0,8.7,3,0,83,02:49 PM,04:19 AM,06:58 AM,05:10 PM,12,14,14,14,11,6,83,0.0,1025,13,10,290,1
2019-01-19 00:00:00,21,11,0.0,8.7,5,0,90,03:49 PM,05:25 AM,06:57 AM,05:11 PM,10,13,13,13,11,4,82,0.0,1025,12,10,332,0
2019-01-19 03:00:00,21,11,0.0,8.7,5,0,90,03:49 PM,05:25 AM,06:57 AM,05:11 PM,9,12,12,12,17,5,80,0.0,1025,11,10,359,0
2019-01-19 06:00:00,21,11,0.0,8.7,5,0,90,03:49 PM,05:25 AM,06:57 AM,05:11 PM,8,11,11,11,21,7,78,0.0,1024,11,10,359,1
2019-01-19 09:00:00,21,11,0.0,8.7,5,4,90,03:49 PM,05:25 AM,06:57 AM,05:11 PM,8,14,14,14,18,16,66,0.0,1025,13,10,356,0
2019-01-19 12:00:00,21,11,0.0,8.7,5,5,90,03:49 PM,05:25 AM,06:57 AM,05:11 PM,8,19,19,19,8,28,49,0.0,1024,18,10,336,3
2019-01-19 15:00:00,21,11,0.0,8.7,5,6,90,03:49 PM,05:25 AM,06:57 AM,05:11 PM,9,22,22,22,5,18,41,0.0,1022,21,10,293,5
2019-01-19 18:00:00,21,11,0.0,8.7,5,0,90,03:49 PM,05:25 AM,06:57 AM,05:11 PM,10,20,21,20,8,11,51,0.0,1021,20,10,294,4
2019-01-19 21:00:00,21,11,0.0,8.7,5,0,90,03:49 PM,05:25 AM,06:57 AM,05:11 PM,11,17,18,17,13,3,69,0.0,1022,16,10,337,0
2019-01-20 00:00:00,19,13,0.0,8.7,5,0,98,04:55 PM,06:27 AM,06:57 AM,05:12 PM,9,15,15,15,13,1,67,0.0,1021,14,10,243,1
2019-01-20 03:00:00,19,13,0.0,8.7,5,0,98,04:55 PM,06:27 AM,06:57 AM,05:12 PM,7,14,14,14,13,0,65,0.0,1020,13,10,9,3
2019-01-20 06:00:00,19,13,0.0,8.7,5,0,98,04:55 PM,06:27 AM,06:57 AM,05:12 PM,6,14,14,14,12,2,61,0.0,1019,13,10,4,4
2019-01-20 09:00:00,19,13,0.0,8.7,5,4,98,04:55 PM,06:27 AM,06:57 AM,05:12 PM,7,16,16,16,8,10,57,0.0,1020,15,10,3,1
2019-01-20 12:00:00,19,13,0.0,8.7,5,4,98,04:55 PM,06:27 AM,06:57 AM,05:12 PM,9,19,19,19,4,38,49,0.0,1019,19,10,73,1
2019-01-20 15:00:00,19,13,0.0,8.7,5,5,98,04:55 PM,06:27 AM,06:57 AM,05:12 PM,11,19,19,19,9,53,57,0.0,1017,19,10,211,3
2019-01-20 18:00:00,19,13,0.0,8.7,5,0,98,04:55 PM,06:27 AM,06:57 AM,05:12 PM,12,17,17,17,7,8,73,0.0,1016,16,10,218,4
2019-01-20 21:00:00,19,13,0.0,8.7,5,0,98,04:55 PM,06:27 AM,06:57 AM,05:12 PM,13,15,15,15,5,2,85,0.0,1016,14,10,230,1
2019-01-21 00:00:00,17,11,0.0,8.7,4,0,100,06:06 PM,07:24 AM,06:56 AM,05:13 PM,11,14,14,14,10,4,83,0.0,1017,13,10,240,5
2019-01-21 03:00:00,17,11,0.0,8.7,4,0,100,06:06 PM,07:24 AM,06:56 AM,05:13 PM,8,13,13,13,18,9,71,0.0,1017,13,10,256,7
2019-01-21 06:00:00,17,11,0.0,8.7,4,0,100,06:06 PM,07:24 AM,06:56 AM,05:13 PM,6,12,12,12,20,10,65,0.0,1019,11,10,299,12
2019-01-21 09:00:00,17,11,0.0,8.7,4,4,100,06:06 PM,07:24 AM,06:56 AM,05:13 PM,4,13,13,13,23,13,54,0.0,1020,13,10,347,13
2019-01-21 12:00:00,17,11,0.0,8.7,4,5,100,06:06 PM,07:24 AM,06:56 AM,05:13 PM,4,17,17,17,24,0,42,0.0,1020,16,10,333,14
2019-01-21 15:00:00,17,11,0.0,8.7,4,5,100,06:06 PM,07:24 AM,06:56 AM,05:13 PM,3,17,17,17,25,0,38,0.0,1019,16,10,313,16
2019-01-21 18:00:00,17,11,0.0,8.7,4,0,100,06:06 PM,07:24 AM,06:56 AM,05:13 PM,2,15,15,15,24,0,44,0.0,1019,14,10,328,17
2019-01-21 21:00:00,17,11,0.0,8.7,4,0,100,06:06 PM,07:24 AM,06:56 AM,05:13 PM,3,13,13,13,26,0,50,0.0,1022,13,10,346,10
2019-01-22 00:00:00,18,8,0.0,8.7,4,0,88,07:18 PM,08:15 AM,06:56 AM,05:14 PM,2,11,11,11,27,0,52,0.0,1023,11,10,339,7
2019-01-22 03:00:00,18,8,0.0,8.7,4,0,88,07:18 PM,08:15 AM,06:56 AM,05:14 PM,1,10,10,10,24,0,53,0.0,1022,9,10,345,7
2019-01-22 06:00:00,18,8,0.0,8.7,4,0,88,07:18 PM,08:15 AM,06:56 AM,05:14 PM,-0,9,9,9,22,0,52,0.0,1024,8,10,354,4
2019-01-22 09:00:00,18,8,0.0,8.7,4,4,88,07:18 PM,08:15 AM,06:56 AM,05:14 PM,0,11,11,11,14,0,46,0.0,1026,11,10,354,3
2019-01-22 12:00:00,18,8,0.0,8.7,4,5,88,07:18 PM,08:15 AM,06:56 AM,05:14 PM,0,17,17,17,7,0,33,0.0,1026,16,10,305,3
2019-01-22 15:00:00,18,8,0.0,8.7,4,5,88,07:18 PM,08:15 AM,06:56 AM,05:14 PM,-2,18,18,18,5,2,25,0.0,1025,18,10,253,4
2019-01-22 18:00:00,18,8,0.0,8.7,4,0,88,07:18 PM,08:15 AM,06:56 AM,05:14 PM,0,16,16,16,6,3,34,0.0,1026,15,10,321,5
2019-01-22 21:00:00,18,8,0.0,8.7,4,0,88,07:18 PM,08:15 AM,06:56 AM,05:14 PM,0,13,13,13,7,0,42,0.0,1027,12,10,350,7
2019-01-23 00:00:00,18,9,0.0,8.7,4,0,81,08:28 PM,08:59 AM,06:55 AM,05:15 PM,-1,11,11,11,9,0,44,0.0,1027,10,10,333,8
2019-01-23 03:00:00,18,9,0.0,8.7,4,0,81,08:28 PM,08:59 AM,06:55 AM,05:15 PM,-2,9,9,9,9,1,48,0.0,1027,8,10,337,7
2019-01-23 06:00:00,18,9,0.0,8.7,4,0,81,08:28 PM,08:59 AM,06:55 AM,05:15 PM,-2,7,8,7,10,2,49,0.0,1027,7,10,347,6
2019-01-23 09:00:00,18,9,0.0,8.7,4,4,81,08:28 PM,08:59 AM,06:55 AM,05:15 PM,-2,12,12,12,9,2,37,0.0,1027,11,10,330,5
2019-01-23 12:00:00,18,9,0.0,8.7,4,5,81,08:28 PM,08:59 AM,06:55 AM,05:15 PM,-2,17,17,17,5,0,26,0.0,1026,16,10,275,5
2019-01-23 15:00:00,18,9,0.0,8.7,4,5,81,08:28 PM,08:59 AM,06:55 AM,05:15 PM,1,18,18,18,10,0,31,0.0,1024,18,10,240,9
2019-01-23 18:00:00,18,9,0.0,8.7,4,0,81,08:28 PM,08:59 AM,06:55 AM,05:15 PM,5,16,16,16,12,0,50,0.0,1023,15,10,250,11
2019-01-23 21:00:00,18,9,0.0,8.7,4,0,81,08:28 PM,08:59 AM,06:55 AM,05:15 PM,6,13,13,13,8,1,65,0.0,1023,12,10,291,5
2019-01-24 00:00:00,21,10,0.0,8.7,5,0,73,09:37 PM,09:39 AM,06:55 AM,05:16 PM,4,12,12,12,6,3,62,0.0,1022,11,10,339,4
2019-01-24 03:00:00,21,10,0.0,8.7,5,0,73,09:37 PM,09:39 AM,06:55 AM,05:16 PM,3,10,10,10,12,4,58,0.0,1021,10,10,356,6
2019-01-24 06:00:00,21,10,0.0,8.7,5,0,73,09:37 PM,09:39 AM,06:55 AM,05:16 PM,2,10,10,10,19,4,57,0.0,1020,9,10,354,6
2019-01-24 09:00:00,21,10,0.0,8.7,5,4,73,09:37 PM,09:39 AM,06:55 AM,05:16 PM,3,14,14,14,17,8,50,0.0,1021,13,10,351,5
2019-01-24 12:00:00,21,10,0.0,8.7,5,5,73,09:37 PM,09:39 AM,06:55 AM,05:16 PM,5,20,20,20,7,16,37,0.0,1021,19,10,352,4
2019-01-24 15:00:00,21,10,0.0,8.7,5,6,73,09:37 PM,09:39 AM,06:55 AM,05:16 PM,3,22,22,22,5,13,28,0.0,1020,21,10,354,3
2019-01-24 18:00:00,21,10,0.0,8.7,5,0,73,09:37 PM,09:39 AM,06:55 AM,05:16 PM,5,21,22,21,6,8,38,0.0,1020,21,10,349,3
2019-01-24 21:00:00,21,10,0.0,8.7,5,0,73,09:37 PM,09:39 AM,06:55 AM,05:16 PM,5,19,22,19,8,0,53,0.0,1021,19,10,237,0
2019-01-25 00:00:00,22,11,0.0,8.7,5,0,66,10:42 PM,10:16 AM,06:54 AM,05:17 PM,3,16,18,16,14,0,52,0.0,1022,15,10,121,1
2019-01-25 03:00:00,22,11,0.0,8.7,5,0,66,10:42 PM,10:16 AM,06:54 AM,05:17 PM,1,11,11,11,14,0,50,0.0,1021,11,10,358,1
2019-01-25 06:00:00,22,11,0.0,8.7,5,0,66,10:42 PM,10:16 AM,06:54 AM,05:17 PM,0,11,11,11,16,0,50,0.0,1021,10,10,355,0
2019-01-25 09:00:00,22,11,0.0,8.7,5,4,66,10:42 PM,10:16 AM,06:54 AM,05:17 PM,2,14,14,14,14,0,45,0.0,1022,14,10,349,1
2019-01-25 12:00:00,22,11,0.0,8.7,5,5,66,10:42 PM,10:16 AM,06:54 AM,05:17 PM,4,20,20,20,7,0,35,0.0,1022,20,10,332,1
2019-01-25 15:00:00,22,11,0.0,8.7,5,6,66,10:42 PM,10:16 AM,06:54 AM,05:17 PM,2,22,22,22,7,0,26,0.0,1019,22,10,298,1
2019-01-25 18:00:00,22,11,0.0,8.7,5,0,66,10:42 PM,10:16 AM,06:54 AM,05:17 PM,4,19,20,19,7,0,38,0.0,1020,19,10,292,2
2019-01-25 21:00:00,22,11,0.0,8.7,5,0,66,10:42 PM,10:16 AM,06:54 AM,05:17 PM,6,16,17,16,5,0,52,0.0,1021,15,10,321,1
2019-01-26 00:00:00,23,11,0.0,8.7,5,0,59,11:46 PM,10:51 AM,06:54 AM,05:18 PM,3,13,13,13,11,0,50,0.0,1022,13,10,241,4
2019-01-26 03:00:00,23,11,0.0,8.7,5,0,59,11:46 PM,10:51 AM,06:54 AM,05:18 PM,2,12,12,12,17,0,50,0.0,1022,11,10,121,1
2019-01-26 06:00:00,23,11,0.0,8.7,5,0,59,11:46 PM,10:51 AM,06:54 AM,05:18 PM,1,11,11,11,17,0,46,0.0,1023,11,10,354,0
2019-01-26 09:00:00,23,11,0.0,8.7,5,4,59,11:46 PM,10:51 AM,06:54 AM,05:18 PM,2,15,15,15,14,0,44,0.0,1023,14,10,330,3
2019-01-26 12:00:00,23,11,0.0,8.7,5,6,59,11:46 PM,10:51 AM,06:54 AM,05:18 PM,2,21,21,21,7,0,29,0.0,1023,21,10,285,6
2019-01-26 15:00:00,23,11,0.0,8.7,5,6,59,11:46 PM,10:51 AM,06:54 AM,05:18 PM,1,24,24,24,8,0,23,0.0,1022,23,10,259,0
2019-01-26 18:00:00,23,11,0.0,8.7,5,0,59,11:46 PM,10:51 AM,06:54 AM,05:18 PM,4,22,23,22,9,23,33,0.0,1022,21,10,285,1
2019-01-26 21:00:00,23,11,0.0,8.7,5,0,59,11:46 PM,10:51 AM,06:54 AM,05:18 PM,5,19,22,19,11,70,47,0.0,1023,19,10,329,0
2019-01-27 00:00:00,22,13,0.0,8.7,5,0,51,No moonrise,11:26 AM,06:53 AM,05:19 PM,4,16,18,16,13,57,49,0.0,1023,16,10,354,0
2019-01-27 03:00:00,22,13,0.0,8.7,5,0,51,No moonrise,11:26 AM,06:53 AM,05:19 PM,2,12,12,12,15,17,49,0.0,1022,12,10,355,1
2019-01-27 06:00:00,22,13,0.0,8.7,5,0,51,No moonrise,11:26 AM,06:53 AM,05:19 PM,1,12,12,12,14,14,47,0.0,1022,11,10,357,5
2019-01-27 09:00:00,22,13,0.0,8.7,5,5,51,No moonrise,11:26 AM,06:53 AM,05:19 PM,3,16,16,16,9,17,42,0.0,1021,15,10,315,4
2019-01-27 12:00:00,22,13,0.0,8.7,5,6,51,No moonrise,11:26 AM,06:53 AM,05:19 PM,4,21,21,21,6,12,33,0.0,1020,20,10,231,3
2019-01-27 15:00:00,22,13,0.0,8.7,5,6,51,No moonrise,11:26 AM,06:53 AM,05:19 PM,4,22,22,22,12,6,29,0.0,1018,22,10,222,5
2019-01-27 18:00:00,22,13,0.0,8.7,5,0,51,No moonrise,11:26 AM,06:53 AM,05:19 PM,6,20,21,20,11,4,42,0.0,1017,20,10,230,7
2019-01-27 21:00:00,22,13,0.0,8.7,5,0,51,No moonrise,11:26 AM,06:53 AM,05:19 PM,9,18,20,18,6,5,64,0.0,1017,18,10,232,0
2019-01-28 00:00:00,20,12,0.0,8.7,5,0,44,12:47 AM,12:01 PM,06:53 AM,05:20 PM,8,15,17,15,4,6,68,0.0,1017,15,10,196,3
2019-01-28 03:00:00,20,12,0.0,8.7,5,0,44,12:47 AM,12:01 PM,06:53 AM,05:20 PM,6,12,12,12,2,6,66,0.0,1016,12,10,186,2
2019-01-28 06:00:00,20,12,0.0,8.7,5,0,44,12:47 AM,12:01 PM,06:53 AM,05:20 PM,4,12,12,12,2,9,62,0.0,1016,11,10,265,1
2019-01-28 09:00:00,20,12,0.0,8.7,5,4,44,12:47 AM,12:01 PM,06:53 AM,05:20 PM,6,15,15,15,3,18,55,0.0,1016,14,10,289,2
2019-01-28 12:00:00,20,12,0.0,8.7,5,5,44,12:47 AM,12:01 PM,06:53 AM,05:20 PM,8,20,20,20,5,33,46,0.0,1016,19,10,210,2
2019-01-28 15:00:00,20,12,0.0,8.7,5,6,44,12:47 AM,12:01 PM,06:53 AM,05:20 PM,7,21,21,21,9,33,40,0.0,1014,20,10,220,1
2019-01-28 18:00:00,20,12,0.0,8.7,5,0,44,12:47 AM,12:01 PM,06:53 AM,05:20 PM,8,20,21,20,8,17,49,0.0,1015,20,10,247,0
2019-01-28 21:00:00,20,12,0.0,8.7,5,0,44,12:47 AM,12:01 PM,06:53 AM,05:20 PM,10,17,19,17,4,9,68,0.0,1016,17,10,288,2
2019-01-29 00:00:00,21,13,0.0,8.7,5,0,37,01:48 AM,12:38 PM,06:52 AM,05:21 PM,9,15,15,15,5,12,71,0.0,1015,14,10,296,0
2019-01-29 03:00:00,21,13,0.0,8.7,5,0,37,01:48 AM,12:38 PM,06:52 AM,05:21 PM,8,14,14,14,3,15,70,0.0,1015,13,10,308,0
2019-01-29 06:00:00,21,13,0.0,8.7,5,0,37,01:48 AM,12:38 PM,06:52 AM,05:21 PM,9,14,14,14,2,15,74,0.0,1014,13,10,235,2
2019-01-29 09:00:00,21,13,0.0,8.7,5,4,37,01:48 AM,12:38 PM,06:52 AM,05:21 PM,7,15,15,15,4,12,60,0.0,1013,15,10,137,2
2019-01-29 12:00:00,21,13,0.0,8.7,5,5,37,01:48 AM,12:38 PM,06:52 AM,05:21 PM,5,19,19,19,7,8,41,0.0,1012,19,10,183,3
2019-01-29 15:00:00,21,13,0.0,8.7,5,5,37,01:48 AM,12:38 PM,06:52 AM,05:21 PM,9,21,21,21,11,12,48,0.0,1012,20,10,192,1
2019-01-29 18:00:00,21,13,0.0,8.7,5,0,37,01:48 AM,12:38 PM,06:52 AM,05:21 PM,11,17,17,17,10,17,68,0.0,1012,17,10,195,1
2019-01-29 21:00:00,21,13,0.0,8.7,5,0,37,01:48 AM,12:38 PM,06:52 AM,05:21 PM,12,16,16,16,7,22,83,0.0,1013,15,10,180,1
2019-01-30 00:00:00,19,12,0.0,8.7,5,0,30,02:46 AM,01:19 PM,06:51 AM,05:22 PM,12,15,15,15,5,23,87,0.0,1013,14,10,192,0
2019-01-30 03:00:00,19,12,0.0,8.7,5,0,30,02:46 AM,01:19 PM,06:51 AM,05:22 PM,11,13,13,13,4,11,88,0.0,1013,13,10,253,2
2019-01-30 06:00:00,19,12,0.0,8.7,5,0,30,02:46 AM,01:19 PM,06:51 AM,05:22 PM,11,12,12,12,3,9,90,0.0,1013,12,10,285,3
2019-01-30 09:00:00,19,12,0.0,8.7,5,4,30,02:46 AM,01:19 PM,06:51 AM,05:22 PM,10,15,15,15,3,9,74,0.0,1013,14,10,249,1
2019-01-30 12:00:00,19,12,0.0,8.7,5,5,30,02:46 AM,01:19 PM,06:51 AM,05:22 PM,9,19,19,19,8,9,50,0.0,1013,19,10,204,2
2019-01-30 15:00:00,19,12,0.0,8.7,5,5,30,02:46 AM,01:19 PM,06:51 AM,05:22 PM,11,19,19,19,12,5,58,0.0,1012,18,10,206,3
2019-01-30 18:00:00,19,12,0.0,8.7,5,0,30,02:46 AM,01:19 PM,06:51 AM,05:22 PM,11,16,16,16,13,8,72,0.0,1012,16,10,227,1
2019-01-30 21:00:00,19,12,0.0,8.7,5,0,30,02:46 AM,01:19 PM,06:51 AM,05:22 PM,12,15,15,15,10,8,83,0.0,1013,14,10,199,0
2019-01-31 00:00:00,16,12,0.0,4.0,4,0,26,03:42 AM,02:03 PM,06:51 AM,05:23 PM,12,14,14,14,8,8,87,0.0,1014,13,10,123,1
2019-01-31 03:00:00,16,12,0.0,4.0,4,0,26,03:42 AM,02:03 PM,06:51 AM,05:23 PM,12,14,14,14,5,10,89,0.0,1014,13,10,152,1
2019-01-31 06:00:00,16,12,0.0,4.0,4,0,26,03:42 AM,02:03 PM,06:51 AM,05:23 PM,12,13,13,13,8,30,90,0.0,1013,12,10,139,1
2019-01-31 09:00:00,16,12,0.0,4.0,4,3,26,03:42 AM,02:03 PM,06:51 AM,05:23 PM,11,14,14,14,15,73,85,0.1,1013,13,7,110,4
2019-01-31 12:00:00,16,12,0.0,4.0,4,4,26,03:42 AM,02:03 PM,06:51 AM,05:23 PM,11,16,16,16,19,95,73,2.2,1013,16,4,126,6
2019-01-31 15:00:00,16,12,0.0,4.0,4,4,26,03:42 AM,02:03 PM,06:51 AM,05:23 PM,10,16,16,16,16,94,68,7.3,1012,16,6,118,5
2019-01-31 18:00:00,16,12,0.0,4.0,4,0,26,03:42 AM,02:03 PM,06:51 AM,05:23 PM,11,14,14,14,19,57,80,6.5,1014,14,7,89,5
2019-01-31 21:00:00,16,12,0.0,4.0,4,0,26,03:42 AM,02:03 PM,06:51 AM,05:23 PM,11,13,13,13,7,7,85,0.0,1015,12,10,102,1
2019-02-01 00:00:00,15,11,0.0,7.1,4,0,8,04:35 AM,02:50 PM,06:50 AM,05:24 PM,10,12,12,12,6,4,84,0.0,1015,12,10,62,0
2019-02-01 03:00:00,15,11,0.0,7.1,4,0,8,04:35 AM,02:50 PM,06:50 AM,05:24 PM,9,11,11,11,6,7,86,0.0,1016,10,10,59,0
2019-02-01 06:00:00,15,11,0.0,7.1,4,0,8,04:35 AM,02:50 PM,06:50 AM,05:24 PM,9,11,11,11,5,12,86,0.0,1015,11,10,79,3
2019-02-01 09:00:00,15,11,0.0,7.1,4,3,8,04:35 AM,02:50 PM,06:50 AM,05:24 PM,10,13,13,13,10,30,80,0.0,1016,13,10,89,5
2019-02-01 12:00:00,15,11,0.0,7.1,4,5,8,04:35 AM,02:50 PM,06:50 AM,05:24 PM,11,16,16,16,12,64,69,0.0,1016,15,10,140,5
2019-02-01 15:00:00,15,11,0.0,7.1,4,4,8,04:35 AM,02:50 PM,06:50 AM,05:24 PM,10,16,16,16,10,48,68,0.0,1013,15,10,156,6
2019-02-01 18:00:00,15,11,0.0,7.1,4,0,8,04:35 AM,02:50 PM,06:50 AM,05:24 PM,11,16,16,16,11,83,75,0.0,1012,15,10,131,8
2019-02-01 21:00:00,15,11,0.0,7.1,4,0,8,04:35 AM,02:50 PM,06:50 AM,05:24 PM,12,15,15,15,18,100,83,0.4,1013,14,10,126,5
2019-02-02 00:00:00,15,14,0.0,4.0,3,0,1,05:24 AM,03:41 PM,06:49 AM,05:25 PM,12,14,14,14,26,90,86,0.7,1013,13,8,108,2
2019-02-02 03:00:00,15,14,0.0,4.0,3,0,1,05:24 AM,03:41 PM,06:49 AM,05:25 PM,11,14,14,14,36,79,82,1.9,1012,14,6,110,8
2019-02-02 06:00:00,15,14,0.0,4.0,3,0,1,05:24 AM,03:41 PM,06:49 AM,05:25 PM,11,15,15,15,43,100,78,7.0,1011,14,6,110,18
2019-02-02 09:00:00,15,14,0.0,4.0,3,3,1,05:24 AM,03:41 PM,06:49 AM,05:25 PM,12,15,15,15,52,100,82,15.6,1010,15,5,117,21
2019-02-02 12:00:00,15,14,0.0,4.0,3,3,1,05:24 AM,03:41 PM,06:49 AM,05:25 PM,12,16,16,16,55,100,81,24.5,1009,15,5,144,22
2019-02-02 15:00:00,15,14,0.0,4.0,3,3,1,05:24 AM,03:41 PM,06:49 AM,05:25 PM,11,15,15,15,39,87,75,28.2,1008,14,5,195,11
2019-02-02 18:00:00,15,14,0.0,4.0,3,0,1,05:24 AM,03:41 PM,06:49 AM,05:25 PM,9,15,15,15,21,64,70,26.7,1010,14,7,217,9
2019-02-02 21:00:00,15,14,0.0,4.0,3,0,1,05:24 AM,03:41 PM,06:49 AM,05:25 PM,10,14,14,14,17,64,82,3.4,1011,13,9,157,7
2019-02-03 00:00:00,14,11,0.0,4.0,3,0,0,06:09 AM,04:34 PM,06:49 AM,05:26 PM,9,13,13,13,14,69,79,4.1,1012,12,8,131,6
2019-02-03 03:00:00,14,11,0.0,4.0,3,0,0,06:09 AM,04:34 PM,06:49 AM,05:26 PM,8,11,11,11,16,100,87,1.5,1014,10,10,124,3
2019-02-03 06:00:00,14,11,0.0,4.0,3,0,0,06:09 AM,04:34 PM,06:49 AM,05:26 PM,8,11,11,11,17,100,85,1.3,1014,10,10,123,3
2019-02-03 09:00:00,14,11,0.0,4.0,3,3,0,06:09 AM,04:34 PM,06:49 AM,05:26 PM,9,13,13,13,18,100,77,0.9,1013,12,9,106,8
2019-02-03 12:00:00,14,11,0.0,4.0,3,3,0,06:09 AM,04:34 PM,06:49 AM,05:26 PM,10,15,15,15,21,100,74,0.8,1013,14,10,100,12
2019-02-03 15:00:00,14,11,0.0,4.0,3,3,0,06:09 AM,04:34 PM,06:49 AM,05:26 PM,10,15,15,15,19,100,73,3.2,1012,14,8,101,10
2019-02-03 18:00:00,14,11,0.0,4.0,3,0,0,06:09 AM,04:34 PM,06:49 AM,05:26 PM,10,15,15,15,17,100,76,3.6,1012,14,8,97,3
2019-02-03 21:00:00,14,11,0.0,4.0,3,0,0,06:09 AM,04:34 PM,06:49 AM,05:26 PM,11,14,14,14,15,100,83,0.7,1013,13,10,93,1
2019-02-04 00:00:00,14,10,0.0,4.0,3,0,0,06:50 AM,05:28 PM,06:48 AM,05:27 PM,10,13,13,13,21,100,82,0.2,1013,12,10,98,1
2019-02-04 03:00:00,14,10,0.0,4.0,3,0,0,06:50 AM,05:28 PM,06:48 AM,05:27 PM,9,12,12,12,24,100,83,0.3,1012,11,10,103,2
2019-02-04 06:00:00,14,10,0.0,4.0,3,0,0,06:50 AM,05:28 PM,06:48 AM,05:27 PM,9,12,12,12,26,90,83,0.3,1012,11,10,108,3
2019-02-04 09:00:00,14,10,0.0,4.0,3,3,0,06:50 AM,05:28 PM,06:48 AM,05:27 PM,9,12,12,12,26,79,79,2.0,1013,12,9,136,5
2019-02-04 12:00:00,14,10,0.0,4.0,3,3,0,06:50 AM,05:28 PM,06:48 AM,05:27 PM,9,15,15,15,27,100,70,5.6,1014,14,6,203,9
2019-02-04 15:00:00,14,10,0.0,4.0,3,3,0,06:50 AM,05:28 PM,06:48 AM,05:27 PM,7,14,14,14,31,92,62,9.1,1013,13,5,240,12
2019-02-04 18:00:00,14,10,0.0,4.0,3,0,0,06:50 AM,05:28 PM,06:48 AM,05:27 PM,7,13,13,13,29,72,64,7.2,1013,13,9,243,10
2019-02-04 21:00:00,14,10,0.0,4.0,3,0,0,06:50 AM,05:28 PM,06:48 AM,05:27 PM,6,12,12,12,20,76,67,3.0,1014,11,15,242,6
2019-02-05 00:00:00,13,8,0.0,4.1,3,0,0,07:27 AM,06:22 PM,06:47 AM,05:28 PM,7,11,11,11,15,88,75,3.8,1015,10,12,239,5
2019-02-05 03:00:00,13,8,0.0,4.1,3,0,0,07:27 AM,06:22 PM,06:47 AM,05:28 PM,8,10,10,10,15,76,88,3.0,1014,10,8,281,5
2019-02-05 06:00:00,13,8,0.0,4.1,3,0,0,07:27 AM,06:22 PM,06:47 AM,05:28 PM,6,9,9,9,4,100,81,2.0,1014,8,10,279,3
2019-02-05 09:00:00,13,8,0.0,4.1,3,2,0,07:27 AM,06:22 PM,06:47 AM,05:28 PM,5,10,10,10,6,100,69,2.6,1018,9,9,257,4
2019-02-05 12:00:00,13,8,0.0,4.1,3,3,0,07:27 AM,06:22 PM,06:47 AM,05:28 PM,5,13,13,13,17,87,62,2.9,1015,12,6,292,6
2019-02-05 15:00:00,13,8,0.0,4.1,3,3,0,07:27 AM,06:22 PM,06:47 AM,05:28 PM,4,14,14,14,24,64,51,0.2,1015,13,7,262,10
2019-02-05 18:00:00,13,8,0.0,4.1,3,0,0,07:27 AM,06:22 PM,06:47 AM,05:28 PM,3,12,12,12,30,50,53,0.1,1017,11,10,262,6
2019-02-05 21:00:00,13,8,0.0,4.1,3,0,0,07:27 AM,06:22 PM,06:47 AM,05:28 PM,2,9,9,9,23,5,60,0.0,1018,9,10,278,5
2019-02-06 00:00:00,16,10,0.0,8.7,4,0,7,08:01 AM,07:17 PM,06:46 AM,05:29 PM,0,5,8,5,12,3,59,0.0,1017,7,10,316,12
2019-02-06 03:00:00,16,10,0.0,8.7,4,0,7,08:01 AM,07:17 PM,06:46 AM,05:29 PM,-2,4,7,4,8,0,55,0.0,1017,6,10,233,11
2019-02-06 06:00:00,16,10,0.0,8.7,4,0,7,08:01 AM,07:17 PM,06:46 AM,05:29 PM,-3,5,6,5,8,0,53,0.0,1019,6,10,5,7
2019-02-06 09:00:00,16,10,0.0,8.7,4,3,7,08:01 AM,07:17 PM,06:46 AM,05:29 PM,-2,9,10,9,8,0,47,0.0,1021,9,10,115,5
2019-02-06 12:00:00,16,10,0.0,8.7,4,4,7,08:01 AM,07:17 PM,06:46 AM,05:29 PM,-1,15,15,15,10,0,33,0.0,1022,15,10,327,3
2019-02-06 15:00:00,16,10,0.0,8.7,4,4,7,08:01 AM,07:17 PM,06:46 AM,05:29 PM,0,15,15,15,13,0,37,0.0,1019,14,10,309,8
2019-02-06 18:00:00,16,10,0.0,8.7,4,0,7,08:01 AM,07:17 PM,06:46 AM,05:29 PM,-1,12,12,12,12,0,42,0.0,1021,11,10,288,10
2019-02-06 21:00:00,16,10,0.0,8.7,4,0,7,08:01 AM,07:17 PM,06:46 AM,05:29 PM,-2,10,10,10,10,0,45,0.0,1022,9,10,199,8
2019-02-07 00:00:00,18,11,0.0,8.7,5,0,14,08:32 AM,08:11 PM,06:45 AM,05:29 PM,-1,8,8,8,8,0,53,0.0,1023,8,10,23,5
2019-02-07 03:00:00,18,11,0.0,8.7,5,0,14,08:32 AM,08:11 PM,06:45 AM,05:29 PM,-1,6,6,6,8,0,58,0.0,1024,6,10,39,3
2019-02-07 06:00:00,18,11,0.0,8.7,5,0,14,08:32 AM,08:11 PM,06:45 AM,05:29 PM,-2,6,6,6,7,0,56,0.0,1024,5,10,30,6
2019-02-07 09:00:00,18,11,0.0,8.7,5,3,14,08:32 AM,08:11 PM,06:45 AM,05:29 PM,-1,9,9,9,6,0,49,0.0,1024,9,10,21,5
2019-02-07 12:00:00,18,11,0.0,8.7,5,4,14,08:32 AM,08:11 PM,06:45 AM,05:29 PM,-2,14,14,14,4,0,32,0.0,1023,14,10,65,1
2019-02-07 15:00:00,18,11,0.0,8.7,5,4,14,08:32 AM,08:11 PM,06:45 AM,05:29 PM,-0,15,15,15,5,5,35,0.0,1024,14,10,131,1
2019-02-07 18:00:00,18,11,0.0,8.7,5,0,14,08:32 AM,08:11 PM,06:45 AM,05:29 PM,2,13,13,13,3,17,46,0.0,1023,12,10,204,3
2019-02-07 21:00:00,18,11,0.0,8.7,5,0,14,08:32 AM,08:11 PM,06:45 AM,05:29 PM,2,10,10,10,6,15,58,0.0,1023,10,10,240,2
2019-02-08 00:00:00,19,11,0.0,8.7,5,0,22,09:02 AM,09:06 PM,06:44 AM,05:30 PM,1,9,9,9,12,3,58,0.0,1023,8,10,25,1
2019-02-08 03:00:00,19,11,0.0,8.7,5,0,22,09:02 AM,09:06 PM,06:44 AM,05:30 PM,-0,8,8,8,14,0,58,0.0,1022,7,10,23,1
2019-02-08 06:00:00,19,11,0.0,8.7,5,0,22,09:02 AM,09:06 PM,06:44 AM,05:30 PM,-1,7,7,7,14,0,57,0.0,1021,7,10,17,1
2019-02-08 09:00:00,19,11,0.0,8.7,5,3,22,09:02 AM,09:06 PM,06:44 AM,05:30 PM,-1,10,10,10,10,0,49,0.0,1021,9,10,43,1
2019-02-08 12:00:00,19,11,0.0,8.7,5,4,22,09:02 AM,09:06 PM,06:44 AM,05:30 PM,-0,14,14,14,5,0,38,0.0,1020,14,10,122,1
2019-02-08 15:00:00,19,11,0.0,8.7,5,4,22,09:02 AM,09:06 PM,06:44 AM,05:30 PM,0,15,15,15,9,0,37,0.0,1018,14,10,174,3
2019-02-08 18:00:00,19,11,0.0,8.7,5,0,22,09:02 AM,09:06 PM,06:44 AM,05:30 PM,3,13,13,13,6,0,52,0.0,1017,12,13,207,6
2019-02-08 21:00:00,19,11,0.0,8.7,5,0,22,09:02 AM,09:06 PM,06:44 AM,05:30 PM,5,11,11,11,4,0,65,0.0,1018,10,20,266,3
2019-02-09 00:00:00,14,7,0.0,5.6,4,0,29,09:32 AM,10:02 PM,06:43 AM,05:31 PM,4,10,10,10,3,0,69,0.0,1018,9,20,219,3
2019-02-09 03:00:00,14,7,0.0,5.6,4,0,29,09:32 AM,10:02 PM,06:43 AM,05:31 PM,5,9,9,9,4,0,74,0.0,1017,8,19,107,3
2019-02-09 06:00:00,14,7,0.0,5.6,4,0,29,09:32 AM,10:02 PM,06:43 AM,05:31 PM,5,8,8,8,8,33,80,0.0,1016,7,17,133,4
2019-02-09 09:00:00,14,7,0.0,5.6,4,2,29,09:32 AM,10:02 PM,06:43 AM,05:31 PM,5,10,10,10,16,100,72,1.7,1017,9,16,90,4
2019-02-09 12:00:00,14,7,0.0,5.6,4,4,29,09:32 AM,10:02 PM,06:43 AM,05:31 PM,6,14,14,14,12,76,61,3.5,1017,13,17,107,3
2019-02-09 15:00:00,14,7,0.0,5.6,4,4,29,09:32 AM,10:02 PM,06:43 AM,05:31 PM,6,14,14,14,11,35,57,0.0,1016,14,20,228,5
2019-02-09 18:00:00,14,7,0.0,5.6,4,0,29,09:32 AM,10:02 PM,06:43 AM,05:31 PM,6,12,12,12,12,39,66,0.0,1017,12,20,243,5
2019-02-09 21:00:00,14,7,0.0,5.6,4,0,29,09:32 AM,10:02 PM,06:43 AM,05:31 PM,8,11,11,11,6,45,79,0.0,1019,10,20,202,3
2019-02-10 00:00:00,13,8,0.0,4.1,3,0,37,10:02 AM,10:58 PM,06:43 AM,05:32 PM,7,10,10,10,8,80,81,0.1,1019,9,19,101,1
2019-02-10 03:00:00,13,8,0.0,4.1,3,0,37,10:02 AM,10:58 PM,06:43 AM,05:32 PM,6,9,9,9,13,44,82,0.0,1019,8,10,81,3
2019-02-10 06:00:00,13,8,0.0,4.1,3,0,37,10:02 AM,10:58 PM,06:43 AM,05:32 PM,5,9,9,9,13,55,78,0.0,1019,8,10,83,5
2019-02-10 09:00:00,13,8,0.0,4.1,3,2,37,10:02 AM,10:58 PM,06:43 AM,05:32 PM,5,11,11,11,13,81,68,0.1,1019,10,12,84,4
2019-02-10 12:00:00,13,8,0.0,4.1,3,3,37,10:02 AM,10:58 PM,06:43 AM,05:32 PM,5,13,13,13,13,100,59,0.9,1018,13,17,135,6
2019-02-10 15:00:00,13,8,0.0,4.1,3,3,37,10:02 AM,10:58 PM,06:43 AM,05:32 PM,7,12,12,12,14,96,70,2.9,1016,11,15,239,15
2019-02-10 18:00:00,13,8,0.0,4.1,3,0,37,10:02 AM,10:58 PM,06:43 AM,05:32 PM,4,11,11,11,17,88,61,3.0,1017,11,13,273,12
2019-02-10 21:00:00,13,8,0.0,4.1,3,0,37,10:02 AM,10:58 PM,06:43 AM,05:32 PM,1,10,10,10,16,87,54,0.2,1019,9,10,293,9
2019-02-11 00:00:00,15,5,0.0,8.7,4,0,44,10:34 AM,11:57 PM,06:42 AM,05:33 PM,-1,8,8,8,13,55,51,0.1,1020,8,10,350,9
2019-02-11 03:00:00,15,5,0.0,8.7,4,0,44,10:34 AM,11:57 PM,06:42 AM,05:33 PM,-1,5,7,5,23,0,57,0.0,1020,6,10,338,6
2019-02-11 06:00:00,15,5,0.0,8.7,4,0,44,10:34 AM,11:57 PM,06:42 AM,05:33 PM,-1,6,6,6,15,0,62,0.0,1021,5,10,227,1
2019-02-11 09:00:00,15,5,0.0,8.7,4,3,44,10:34 AM,11:57 PM,06:42 AM,05:33 PM,1,9,9,9,7,0,58,0.0,1021,8,13,69,3
2019-02-11 12:00:00,15,5,0.0,8.7,4,4,44,10:34 AM,11:57 PM,06:42 AM,05:33 PM,4,15,15,15,6,0,50,0.0,1019,14,20,194,5
2019-02-11 15:00:00,15,5,0.0,8.7,4,4,44,10:34 AM,11:57 PM,06:42 AM,05:33 PM,3,16,16,16,11,0,43,0.0,1019,15,20,188,6
2019-02-11 18:00:00,15,5,0.0,8.7,4,0,44,10:34 AM,11:57 PM,06:42 AM,05:33 PM,1,14,15,14,9,0,43,0.0,1021,14,17,227,6
2019-02-11 21:00:00,15,5,0.0,8.7,4,0,44,10:34 AM,11:57 PM,06:42 AM,05:33 PM,3,11,13,11,7,0,61,0.0,1022,11,10,191,4
2019-02-12 00:00:00,16,7,0.0,8.7,4,0,52,11:09 AM,No moonset,06:41 AM,05:34 PM,1,8,8,8,6,0,62,0.0,1022,8,10,15,6
2019-02-12 03:00:00,16,7,0.0,8.7,4,0,52,11:09 AM,No moonset,06:41 AM,05:34 PM,-0,7,7,7,9,4,59,0.0,1022,6,10,24,5
2019-02-12 06:00:00,16,7,0.0,8.7,4,0,52,11:09 AM,No moonset,06:41 AM,05:34 PM,-1,7,7,7,16,10,56,0.0,1021,7,10,19,1
2019-02-12 09:00:00,16,7,0.0,8.7,4,3,52,11:09 AM,No moonset,06:41 AM,05:34 PM,1,10,10,10,15,7,52,0.0,1020,9,10,24,3
2019-02-12 12:00:00,16,7,0.0,8.7,4,4,52,11:09 AM,No moonset,06:41 AM,05:34 PM,4,15,15,15,9,18,48,0.0,1018,14,13,68,5
2019-02-12 15:00:00,16,7,0.0,8.7,4,5,52,11:09 AM,No moonset,06:41 AM,05:34 PM,3,16,16,16,12,46,40,0.0,1017,16,17,127,3
2019-02-12 18:00:00,16,7,0.0,8.7,4,0,52,11:09 AM,No moonset,06:41 AM,05:34 PM,1,16,16,16,8,48,38,0.0,1017,15,10,119,2
2019-02-12 21:00:00,16,7,0.0,8.7,4,0,52,11:09 AM,No moonset,06:41 AM,05:34 PM,4,13,13,13,14,45,56,0.0,1018,12,10,89,1
2019-02-13 00:00:00,13,10,0.0,5.6,4,0,60,11:49 AM,12:57 AM,06:40 AM,05:35 PM,4,12,12,12,17,28,60,0.0,1018,11,10,76,0
2019-02-13 03:00:00,13,10,0.0,5.6,4,0,60,11:49 AM,12:57 AM,06:40 AM,05:35 PM,3,11,11,11,18,42,58,0.0,1016,10,13,86,0
2019-02-13 06:00:00,13,10,0.0,5.6,4,0,60,11:49 AM,12:57 AM,06:40 AM,05:35 PM,2,11,11,11,20,65,54,0.0,1015,10,17,91,1
2019-02-13 09:00:00,13,10,0.0,5.6,4,4,60,11:49 AM,12:57 AM,06:40 AM,05:35 PM,4,12,12,12,25,52,59,0.0,1016,11,10,87,4
2019-02-13 12:00:00,13,10,0.0,5.6,4,3,60,11:49 AM,12:57 AM,06:40 AM,05:35 PM,6,13,13,13,28,68,61,0.6,1016,13,11,98,10
2019-02-13 15:00:00,13,10,0.0,5.6,4,3,60,11:49 AM,12:57 AM,06:40 AM,05:35 PM,6,12,12,12,28,88,67,2.1,1011,11,13,105,14
2019-02-13 18:00:00,13,10,0.0,5.6,4,0,60,11:49 AM,12:57 AM,06:40 AM,05:35 PM,9,10,12,10,27,100,79,2.2,1007,10,12,105,15
2019-02-13 21:00:00,13,10,0.0,5.6,4,0,60,11:49 AM,12:57 AM,06:40 AM,05:35 PM,8,6,10,6,24,100,74,1.8,1014,6,8,106,14
2019-02-14 00:00:00,15,13,0.0,4.1,3,0,67,12:35 PM,02:00 AM,06:39 AM,05:36 PM,10,7,9,7,22,100,82,2.8,1012,6,8,97,12
2019-02-14 03:00:00,15,13,0.0,4.1,3,0,67,12:35 PM,02:00 AM,06:39 AM,05:36 PM,12,14,14,14,30,100,89,3.1,1009,13,8,100,7
2019-02-14 06:00:00,15,13,0.0,4.1,3,0,67,12:35 PM,02:00 AM,06:39 AM,05:36 PM,13,15,15,15,28,100,83,8.7,1011,14,7,116,11
2019-02-14 09:00:00,15,13,0.0,4.1,3,3,67,12:35 PM,02:00 AM,06:39 AM,05:36 PM,14,15,15,15,32,100,90,21.5,1012,15,5,158,11
2019-02-14 12:00:00,15,13,0.0,4.1,3,4,67,12:35 PM,02:00 AM,06:39 AM,05:36 PM,13,16,16,16,49,98,79,30.8,1013,15,7,220,10
2019-02-14 15:00:00,15,13,0.0,4.1,3,3,67,12:35 PM,02:00 AM,06:39 AM,05:36 PM,8,15,15,15,40,86,61,8.9,1014,15,12,254,5
2019-02-14 18:00:00,15,13,0.0,4.1,3,0,67,12:35 PM,02:00 AM,06:39 AM,05:36 PM,9,14,14,14,31,72,71,6.4,1016,13,13,265,5
2019-02-14 21:00:00,15,13,0.0,4.1,3,0,67,12:35 PM,02:00 AM,06:39 AM,05:36 PM,9,13,13,13,11,76,78,1.0,1017,12,10,246,0
2019-02-15 00:00:00,15,10,0.0,4.1,4,0,75,01:29 PM,03:04 AM,06:38 AM,05:37 PM,8,12,12,12,3,61,78,0.8,1016,11,9,224,2
2019-02-15 03:00:00,15,10,0.0,4.1,4,0,75,01:29 PM,03:04 AM,06:38 AM,05:37 PM,8,11,11,11,3,9,82,0.0,1017,10,10,277,2
2019-02-15 06:00:00,15,10,0.0,4.1,4,0,75,01:29 PM,03:04 AM,06:38 AM,05:37 PM,8,10,10,10,4,40,85,0.0,1018,10,13,187,1
2019-02-15 09:00:00,15,10,0.0,4.1,4,3,75,01:29 PM,03:04 AM,06:38 AM,05:37 PM,8,12,12,12,5,88,76,0.1,1018,12,15,77,2
2019-02-15 12:00:00,15,10,0.0,4.1,4,3,75,01:29 PM,03:04 AM,06:38 AM,05:37 PM,9,15,15,15,8,92,63,0.2,1018,15,10,204,4
2019-02-15 15:00:00,15,10,0.0,4.1,4,3,75,01:29 PM,03:04 AM,06:38 AM,05:37 PM,9,15,15,15,12,100,69,0.8,1018,15,12,219,9
2019-02-15 18:00:00,15,10,0.0,4.1,4,0,75,01:29 PM,03:04 AM,06:38 AM,05:37 PM,8,12,13,12,21,90,73,2.3,1019,13,14,235,10
2019-02-15 21:00:00,15,10,0.0,4.1,4,0,75,01:29 PM,03:04 AM,06:38 AM,05:37 PM,8,12,12,12,30,71,75,4.8,1019,11,7,257,5
2019-02-16 00:00:00,14,10,0.0,8.7,3,0,82,02:30 PM,04:06 AM,06:37 AM,05:38 PM,7,11,11,11,23,76,75,3.8,1020,11,8,275,4
2019-02-16 03:00:00,14,10,0.0,8.7,3,0,82,02:30 PM,04:06 AM,06:37 AM,05:38 PM,6,9,9,9,14,81,77,0.1,1020,9,11,277,3
2019-02-16 06:00:00,14,10,0.0,8.7,3,0,82,02:30 PM,04:06 AM,06:37 AM,05:38 PM,6,9,9,9,13,50,80,0.1,1019,8,13,313,2
2019-02-16 09:00:00,14,10,0.0,8.7,3,4,82,02:30 PM,04:06 AM,06:37 AM,05:38 PM,8,12,12,12,12,3,76,0.0,1018,11,13,321,4
2019-02-16 12:00:00,14,10,0.0,8.7,3,4,82,02:30 PM,04:06 AM,06:37 AM,05:38 PM,8,14,14,14,13,7,64,0.0,1017,14,20,301,4
2019-02-16 15:00:00,14,10,0.0,8.7,3,4,82,02:30 PM,04:06 AM,06:37 AM,05:38 PM,7,15,15,15,18,16,60,0.0,1016,14,20,268,9
2019-02-16 18:00:00,14,10,0.0,8.7,3,0,82,02:30 PM,04:06 AM,06:37 AM,05:38 PM,5,13,13,13,20,18,58,0.0,1018,13,17,261,14
2019-02-16 21:00:00,14,10,0.0,8.7,3,0,82,02:30 PM,04:06 AM,06:37 AM,05:38 PM,4,11,11,11,19,12,64,0.0,1019,11,10,273,8
2019-02-17 00:00:00,13,8,0.0,8.7,4,0,90,03:38 PM,05:06 AM,06:36 AM,05:39 PM,3,10,10,10,20,10,64,0.0,1019,9,10,289,6
2019-02-17 03:00:00,13,8,0.0,8.7,4,0,90,03:38 PM,05:06 AM,06:36 AM,05:39 PM,3,9,9,9,18,9,67,0.0,1019,8,10,303,2
2019-02-17 06:00:00,13,8,0.0,8.7,4,0,90,03:38 PM,05:06 AM,06:36 AM,05:39 PM,2,8,8,8,11,8,65,0.0,1019,8,13,315,0
2019-02-17 09:00:00,13,8,0.0,8.7,4,3,90,03:38 PM,05:06 AM,06:36 AM,05:39 PM,4,11,11,11,11,8,63,0.0,1018,10,19,307,1
2019-02-17 12:00:00,13,8,0.0,8.7,4,3,90,03:38 PM,05:06 AM,06:36 AM,05:39 PM,5,14,14,14,19,23,57,0.0,1015,13,19,273,8
2019-02-17 15:00:00,13,8,0.0,8.7,4,4,90,03:38 PM,05:06 AM,06:36 AM,05:39 PM,2,13,13,13,32,40,49,0.1,1014,13,16,262,15
2019-02-17 18:00:00,13,8,0.0,8.7,4,0,90,03:38 PM,05:06 AM,06:36 AM,05:39 PM,5,12,12,12,38,14,63,0.0,1015,11,14,268,13
2019-02-17 21:00:00,13,8,0.0,8.7,4,0,90,03:38 PM,05:06 AM,06:36 AM,05:39 PM,6,12,12,12,32,26,71,0.0,1016,11,10,292,4
2019-02-18 00:00:00,15,8,0.0,8.7,4,0,97,04:50 PM,05:59 AM,06:34 AM,05:40 PM,4,10,10,10,19,38,67,0.0,1017,9,10,323,3
2019-02-18 03:00:00,15,8,0.0,8.7,4,0,97,04:50 PM,05:59 AM,06:34 AM,05:40 PM,-0,7,7,7,12,4,57,0.0,1016,7,10,334,4
2019-02-18 06:00:00,15,8,0.0,8.7,4,0,97,04:50 PM,05:59 AM,06:34 AM,05:40 PM,1,7,7,7,15,0,64,0.0,1017,6,10,354,3
2019-02-18 09:00:00,15,8,0.0,8.7,4,3,97,04:50 PM,05:59 AM,06:34 AM,05:40 PM,3,11,11,11,16,0,60,0.0,1018,10,10,351,6
2019-02-18 12:00:00,15,8,0.0,8.7,4,4,97,04:50 PM,05:59 AM,06:34 AM,05:40 PM,0,15,15,15,10,1,37,0.0,1020,14,10,236,9
2019-02-18 15:00:00,15,8,0.0,8.7,4,4,97,04:50 PM,05:59 AM,06:34 AM,05:40 PM,-1,15,15,15,8,12,35,0.0,1021,14,13,124,8
2019-02-18 18:00:00,15,8,0.0,8.7,4,0,97,04:50 PM,05:59 AM,06:34 AM,05:40 PM,-2,12,12,12,14,21,37,0.0,1019,11,17,239,7
2019-02-18 21:00:00,15,8,0.0,8.7,4,0,97,04:50 PM,05:59 AM,06:34 AM,05:40 PM,-1,9,9,9,20,2,46,0.0,1020,9,10,118,5
2019-02-19 00:00:00,13,6,0.0,8.7,4,0,100,06:02 PM,06:47 AM,06:33 AM,05:41 PM,-2,7,8,7,17,0,49,0.0,1020,7,10,347,5
2019-02-19 03:00:00,13,6,0.0,8.7,4,0,100,06:02 PM,06:47 AM,06:33 AM,05:41 PM,-3,6,7,6,12,0,49,0.0,1020,6,10,350,4
2019-02-19 06:00:00,13,6,0.0,8.7,4,0,100,06:02 PM,06:47 AM,06:33 AM,05:41 PM,-3,7,7,7,10,0,48,0.0,1020,6,10,354,1
2019-02-19 09:00:00,13,6,0.0,8.7,4,3,100,06:02 PM,06:47 AM,06:33 AM,05:41 PM,-1,9,9,9,6,0,47,0.0,1021,8,10,274,1
2019-02-19 12:00:00,13,6,0.0,8.7,4,4,100,06:02 PM,06:47 AM,06:33 AM,05:41 PM,-1,13,13,13,4,0,37,0.0,1020,13,10,142,4
2019-02-19 15:00:00,13,6,0.0,8.7,4,4,100,06:02 PM,06:47 AM,06:33 AM,05:41 PM,-1,14,14,14,11,1,37,0.0,1018,13,10,203,7
2019-02-19 18:00:00,13,6,0.0,8.7,4,0,100,06:02 PM,06:47 AM,06:33 AM,05:41 PM,2,12,12,12,14,2,50,0.0,1019,12,10,222,3
2019-02-19 21:00:00,13,6,0.0,8.7,4,0,100,06:02 PM,06:47 AM,06:33 AM,05:41 PM,2,10,10,10,11,3,56,0.0,1020,10,10,229,0
2019-02-20 00:00:00,13,6,0.0,7.2,3,0,88,07:14 PM,07:30 AM,06:32 AM,05:42 PM,2,9,9,9,6,27,61,0.0,1020,8,10,186,3
2019-02-20 03:00:00,13,6,0.0,7.2,3,0,88,07:14 PM,07:30 AM,06:32 AM,05:42 PM,1,7,8,7,9,52,62,0.0,1018,7,10,99,4
2019-02-20 06:00:00,13,6,0.0,7.2,3,0,88,07:14 PM,07:30 AM,06:32 AM,05:42 PM,0,7,7,7,17,17,62,0.0,1017,7,10,96,7
2019-02-20 09:00:00,13,6,0.0,7.2,3,3,88,07:14 PM,07:30 AM,06:32 AM,05:42 PM,1,10,10,10,22,31,55,0.0,1016,9,10,102,4
2019-02-20 12:00:00,13,6,0.0,7.2,3,3,88,07:14 PM,07:30 AM,06:32 AM,05:42 PM,2,14,14,14,15,53,46,0.0,1014,13,10,121,8
2019-02-20 15:00:00,13,6,0.0,7.2,3,3,88,07:14 PM,07:30 AM,06:32 AM,05:42 PM,3,13,13,13,8,98,52,0.0,1011,12,10,165,11
2019-02-20 18:00:00,13,6,0.0,7.2,3,0,88,07:14 PM,07:30 AM,06:32 AM,05:42 PM,4,11,11,11,6,95,58,0.1,1011,11,10,229,8
2019-02-20 21:00:00,13,6,0.0,7.2,3,0,88,07:14 PM,07:30 AM,06:32 AM,05:42 PM,4,10,10,10,9,58,66,0.1,1011,9,9,244,2
2019-02-21 00:00:00,13,6,0.0,7.2,4,0,80,08:23 PM,08:09 AM,06:31 AM,05:43 PM,5,9,9,9,13,5,74,0.0,1008,9,10,260,3
2019-02-21 03:00:00,13,6,0.0,7.2,4,0,80,08:23 PM,08:09 AM,06:31 AM,05:43 PM,4,8,8,8,13,5,78,0.0,1005,7,10,277,1
2019-02-21 06:00:00,13,6,0.0,7.2,4,0,80,08:23 PM,08:09 AM,06:31 AM,05:43 PM,4,8,8,8,11,8,80,0.0,1005,7,10,300,1
2019-02-21 09:00:00,13,6,0.0,7.2,4,3,80,08:23 PM,08:09 AM,06:31 AM,05:43 PM,4,10,10,10,9,19,68,0.0,1007,9,10,218,4
2019-02-21 12:00:00,13,6,0.0,7.2,4,3,80,08:23 PM,08:09 AM,06:31 AM,05:43 PM,2,13,13,13,12,43,50,0.0,1007,12,10,15,8
2019-02-21 15:00:00,13,6,0.0,7.2,4,3,80,08:23 PM,08:09 AM,06:31 AM,05:43 PM,0,13,13,13,13,69,41,0.0,1005,13,10,16,13
2019-02-21 18:00:00,13,6,0.0,7.2,4,0,80,08:23 PM,08:09 AM,06:31 AM,05:43 PM,1,11,11,11,14,68,50,0.0,1006,10,10,18,9
2019-02-21 21:00:00,13,6,0.0,7.2,4,0,80,08:23 PM,08:09 AM,06:31 AM,05:43 PM,2,9,9,9,14,38,58,0.0,1007,8,10,137,1
2019-02-22 00:00:00,14,4,0.0,8.7,4,0,73,09:31 PM,08:46 AM,06:30 AM,05:43 PM,1,7,7,7,18,19,60,0.0,1010,7,10,347,1
2019-02-22 03:00:00,14,4,0.0,8.7,4,0,73,09:31 PM,08:46 AM,06:30 AM,05:43 PM,0,6,6,6,21,7,64,0.0,1011,5,10,350,1
2019-02-22 06:00:00,14,4,0.0,8.7,4,0,73,09:31 PM,08:46 AM,06:30 AM,05:43 PM,-0,6,6,6,17,2,66,0.0,1014,5,10,348,0
2019-02-22 09:00:00,14,4,0.0,8.7,4,3,73,09:31 PM,08:46 AM,06:30 AM,05:43 PM,-0,9,9,9,11,0,54,0.0,1016,8,10,334,3
2019-02-22 12:00:00,14,4,0.0,8.7,4,4,73,09:31 PM,08:46 AM,06:30 AM,05:43 PM,-0,13,13,13,7,0,41,0.0,1017,12,10,292,8
2019-02-22 15:00:00,14,4,0.0,8.7,4,4,73,09:31 PM,08:46 AM,06:30 AM,05:43 PM,-2,15,15,15,13,0,31,0.0,1017,14,10,245,7
2019-02-22 18:00:00,14,4,0.0,8.7,4,0,73,09:31 PM,08:46 AM,06:30 AM,05:43 PM,-0,13,13,13,18,0,41,0.0,1018,12,13,247,4
2019-02-22 21:00:00,14,4,0.0,8.7,4,0,73,09:31 PM,08:46 AM,06:30 AM,05:43 PM,1,10,10,10,9,0,54,0.0,1022,10,20,204,1
2019-02-23 00:00:00,14,6,0.0,8.7,4,0,65,10:35 PM,09:23 AM,06:29 AM,05:44 PM,1,8,8,8,6,0,60,0.0,1023,8,20,108,4
2019-02-23 03:00:00,14,6,0.0,8.7,4,0,65,10:35 PM,09:23 AM,06:29 AM,05:44 PM,1,7,7,7,9,2,63,0.0,1024,6,20,84,3
2019-02-23 06:00:00,14,6,0.0,8.7,4,0,65,10:35 PM,09:23 AM,06:29 AM,05:44 PM,1,7,7,7,11,4,64,0.0,1024,7,20,79,4
2019-02-23 09:00:00,14,6,0.0,8.7,4,3,65,10:35 PM,09:23 AM,06:29 AM,05:44 PM,2,10,10,10,7,2,57,0.0,1024,10,20,104,4
2019-02-23 12:00:00,14,6,0.0,8.7,4,4,65,10:35 PM,09:23 AM,06:29 AM,05:44 PM,2,15,15,15,9,24,43,0.0,1024,14,20,178,4
2019-02-23 15:00:00,14,6,0.0,8.7,4,4,65,10:35 PM,09:23 AM,06:29 AM,05:44 PM,3,14,14,14,11,55,46,0.0,1022,13,20,208,10
2019-02-23 18:00:00,14,6,0.0,8.7,4,0,65,10:35 PM,09:23 AM,06:29 AM,05:44 PM,4,13,13,13,11,60,56,0.0,1024,12,20,229,6
2019-02-23 21:00:00,14,6,0.0,8.7,4,0,65,10:35 PM,09:23 AM,06:29 AM,05:44 PM,5,11,11,11,7,62,69,0.0,1025,10,20,271,1
2019-02-24 00:00:00,16,7,0.0,8.7,4,0,57,11:38 PM,09:59 AM,06:28 AM,05:45 PM,5,10,10,10,3,7,74,0.0,1025,9,20,206,2
2019-02-24 03:00:00,16,7,0.0,8.7,4,0,57,11:38 PM,09:59 AM,06:28 AM,05:45 PM,4,9,9,9,6,10,72,0.0,1024,8,10,340,3
2019-02-24 06:00:00,16,7,0.0,8.7,4,0,57,11:38 PM,09:59 AM,06:28 AM,05:45 PM,3,8,8,8,8,9,69,0.0,1023,8,10,335,4
2019-02-24 09:00:00,16,7,0.0,8.7,4,4,57,11:38 PM,09:59 AM,06:28 AM,05:45 PM,1,12,12,12,7,4,52,0.0,1023,11,10,305,4
2019-02-24 12:00:00,16,7,0.0,8.7,4,5,57,11:38 PM,09:59 AM,06:28 AM,05:45 PM,-1,17,17,17,7,2,30,0.0,1022,17,10,239,6
2019-02-24 15:00:00,16,7,0.0,8.7,4,5,57,11:38 PM,09:59 AM,06:28 AM,05:45 PM,5,17,17,17,13,1,47,0.0,1020,16,10,234,8
2019-02-24 18:00:00,16,7,0.0,8.7,4,0,57,11:38 PM,09:59 AM,06:28 AM,05:45 PM,6,15,15,15,14,11,59,0.0,1019,14,10,237,3
2019-02-24 21:00:00,16,7,0.0,8.7,4,0,57,11:38 PM,09:59 AM,06:28 AM,05:45 PM,7,12,12,12,10,51,71,0.0,1020,11,10,231,0
2019-02-25 00:00:00,16,9,0.0,8.7,4,0,50,No moonrise,10:37 AM,06:26 AM,05:46 PM,7,11,11,11,5,58,74,0.0,1020,10,10,178,3
2019-02-25 03:00:00,16,9,0.0,8.7,4,0,50,No moonrise,10:37 AM,06:26 AM,05:46 PM,6,10,10,10,7,26,73,0.0,1019,9,10,125,2
2019-02-25 06:00:00,16,9,0.0,8.7,4,0,50,No moonrise,10:37 AM,06:26 AM,05:46 PM,5,10,10,10,8,55,72,0.0,1019,9,10,123,2
2019-02-25 09:00:00,16,9,0.0,8.7,4,4,50,No moonrise,10:37 AM,06:26 AM,05:46 PM,4,12,12,12,9,28,62,0.0,1020,11,10,133,2
2019-02-25 12:00:00,16,9,0.0,8.7,4,4,50,No moonrise,10:37 AM,06:26 AM,05:46 PM,4,16,16,16,10,17,47,0.0,1020,15,10,161,5
2019-02-25 15:00:00,16,9,0.0,8.7,4,5,50,No moonrise,10:37 AM,06:26 AM,05:46 PM,7,17,17,17,11,3,54,0.0,1019,16,10,182,9
2019-02-25 18:00:00,16,9,0.0,8.7,4,0,50,No moonrise,10:37 AM,06:26 AM,05:46 PM,8,15,15,15,10,10,64,0.0,1018,14,10,225,5
2019-02-25 21:00:00,16,9,0.0,8.7,4,0,50,No moonrise,10:37 AM,06:26 AM,05:46 PM,8,13,13,13,5,8,75,0.0,1019,12,10,281,1
2019-02-26 00:00:00,18,9,0.0,5.7,5,0,42,12:38 AM,11:17 AM,06:25 AM,05:47 PM,8,12,12,12,3,4,78,0.0,1020,11,10,215,2
2019-02-26 03:00:00,18,9,0.0,5.7,5,0,42,12:38 AM,11:17 AM,06:25 AM,05:47 PM,7,11,11,11,4,9,78,0.0,1020,10,10,36,1
2019-02-26 06:00:00,18,9,0.0,5.7,5,0,42,12:38 AM,11:17 AM,06:25 AM,05:47 PM,6,10,10,10,7,12,75,0.0,1020,10,10,49,0
2019-02-26 09:00:00,18,9,0.0,5.7,5,3,42,12:38 AM,11:17 AM,06:25 AM,05:47 PM,6,13,13,13,8,30,65,0.0,1021,12,10,86,3
2019-02-26 12:00:00,18,9,0.0,5.7,5,4,42,12:38 AM,11:17 AM,06:25 AM,05:47 PM,7,18,18,18,7,75,51,0.0,1021,17,10,170,5
2019-02-26 15:00:00,18,9,0.0,5.7,5,4,42,12:38 AM,11:17 AM,06:25 AM,05:47 PM,8,18,18,18,7,79,52,0.0,1020,18,10,149,5
2019-02-26 18:00:00,18,9,0.0,5.7,5,0,42,12:38 AM,11:17 AM,06:25 AM,05:47 PM,8,16,16,16,7,68,62,0.0,1020,15,10,167,6
2019-02-26 21:00:00,18,9,0.0,5.7,5,0,42,12:38 AM,11:17 AM,06:25 AM,05:47 PM,9,14,14,14,8,31,74,0.0,1021,13,10,191,3
2019-02-27 00:00:00,19,11,0.0,7.2,5,0,35,01:37 AM,12:00 PM,06:24 AM,05:48 PM,9,13,13,13,6,4,76,0.0,1022,12,10,150,1
2019-02-27 03:00:00,19,11,0.0,7.2,5,0,35,01:37 AM,12:00 PM,06:24 AM,05:48 PM,8,12,12,12,5,4,73,0.0,1021,12,10,122,0
2019-02-27 06:00:00,19,11,0.0,7.2,5,0,35,01:37 AM,12:00 PM,06:24 AM,05:48 PM,7,13,13,13,4,5,70,0.0,1021,12,10,94,0
2019-02-27 09:00:00,19,11,0.0,7.2,5,4,35,01:37 AM,12:00 PM,06:24 AM,05:48 PM,8,15,15,15,5,11,62,0.0,1022,14,10,114,4
2019-02-27 12:00:00,19,11,0.0,7.2,5,5,35,01:37 AM,12:00 PM,06:24 AM,05:48 PM,8,19,19,19,8,28,48,0.0,1021,19,10,189,6
2019-02-27 15:00:00,19,11,0.0,7.2,5,4,35,01:37 AM,12:00 PM,06:24 AM,05:48 PM,9,20,20,20,11,66,51,0.0,1020,19,10,222,10
2019-02-27 18:00:00,19,11,0.0,7.2,5,0,35,01:37 AM,12:00 PM,06:24 AM,05:48 PM,10,18,18,18,9,97,63,0.0,1020,17,10,260,8
2019-02-27 21:00:00,19,11,0.0,7.2,5,0,35,01:37 AM,12:00 PM,06:24 AM,05:48 PM,10,15,15,15,4,95,75,0.4,1021,14,10,211,0
2019-02-28 00:00:00,21,11,0.0,5.7,4,0,27,02:31 AM,12:47 PM,06:23 AM,05:49 PM,9,14,14,14,3,100,75,1.0,1021,13,9,93,2
2019-02-28 03:00:00,21,11,0.0,5.7,4,0,27,02:31 AM,12:47 PM,06:23 AM,05:49 PM,8,13,13,13,7,97,73,1.2,1020,12,9,108,2
2019-02-28 06:00:00,21,11,0.0,5.7,4,0,27,02:31 AM,12:47 PM,06:23 AM,05:49 PM,8,13,13,13,6,86,71,0.9,1019,12,9,101,1
2019-02-28 09:00:00,21,11,0.0,5.7,4,4,27,02:31 AM,12:47 PM,06:23 AM,05:49 PM,10,16,16,16,9,82,64,0.1,1020,15,10,115,4
2019-02-28 12:00:00,21,11,0.0,5.7,4,5,27,02:31 AM,12:47 PM,06:23 AM,05:49 PM,10,21,21,21,10,66,51,0.1,1019,20,10,165,5
2019-02-28 15:00:00,21,11,0.0,5.7,4,6,27,02:31 AM,12:47 PM,06:23 AM,05:49 PM,10,21,21,21,13,17,48,0.0,1018,21,10,216,5
2019-02-28 18:00:00,21,11,0.0,5.7,4,0,27,02:31 AM,12:47 PM,06:23 AM,05:49 PM,11,19,19,19,14,16,62,0.0,1017,18,10,231,7
2019-02-28 21:00:00,21,11,0.0,5.7,4,0,27,02:31 AM,12:47 PM,06:23 AM,05:49 PM,11,15,15,15,9,31,75,0.0,1018,15,10,235,3
2019-03-01 00:00:00,19,12,0.0,8.7,5,0,26,03:22 AM,01:37 PM,06:22 AM,05:49 PM,10,14,14,14,7,40,75,0.0,1018,13,10,228,0
2019-03-01 03:00:00,19,12,0.0,8.7,5,0,26,03:22 AM,01:37 PM,06:22 AM,05:49 PM,9,13,13,13,5,42,74,0.0,1017,12,10,195,4
2019-03-01 06:00:00,19,12,0.0,8.7,5,0,26,03:22 AM,01:37 PM,06:22 AM,05:49 PM,9,14,14,14,4,32,72,0.0,1017,13,10,156,2
2019-03-01 09:00:00,19,12,0.0,8.7,5,5,26,03:22 AM,01:37 PM,06:22 AM,05:49 PM,9,16,16,16,5,28,62,0.0,1018,16,10,148,3
2019-03-01 12:00:00,19,12,0.0,8.7,5,5,26,03:22 AM,01:37 PM,06:22 AM,05:49 PM,8,19,19,19,10,14,50,0.0,1018,19,10,166,3
2019-03-01 15:00:00,19,12,0.0,8.7,5,5,26,03:22 AM,01:37 PM,06:22 AM,05:49 PM,10,20,20,20,12,27,54,0.0,1016,19,10,202,3
2019-03-01 18:00:00,19,12,0.0,8.7,5,0,26,03:22 AM,01:37 PM,06:22 AM,05:49 PM,11,18,18,18,10,46,65,0.0,1016,17,10,230,3
2019-03-01 21:00:00,19,12,0.0,8.7,5,0,26,03:22 AM,01:37 PM,06:22 AM,05:49 PM,11,16,16,16,7,52,75,0.0,1017,15,10,204,1
2019-03-02 00:00:00,16,12,0.0,4.2,3,0,19,04:08 AM,02:28 PM,06:20 AM,05:50 PM,11,15,15,15,8,78,77,0.0,1018,14,10,145,1
2019-03-02 03:00:00,16,12,0.0,4.2,3,0,19,04:08 AM,02:28 PM,06:20 AM,05:50 PM,10,14,14,14,17,100,77,0.6,1017,13,10,131,2
2019-03-02 06:00:00,16,12,0.0,4.2,3,0,19,04:08 AM,02:28 PM,06:20 AM,05:50 PM,10,14,14,14,22,100,78,3.8,1018,13,8,115,2
2019-03-02 09:00:00,16,12,0.0,4.2,3,3,19,04:08 AM,02:28 PM,06:20 AM,05:50 PM,10,13,13,13,24,100,80,9.1,1018,13,5,115,6
2019-03-02 12:00:00,16,12,0.0,4.2,3,3,19,04:08 AM,02:28 PM,06:20 AM,05:50 PM,10,13,14,13,22,100,77,7.6,1017,14,6,110,15
2019-03-02 15:00:00,16,12,0.0,4.2,3,4,19,04:08 AM,02:28 PM,06:20 AM,05:50 PM,10,17,17,17,13,100,66,1.0,1017,16,9,99,11
2019-03-02 18:00:00,16,12,0.0,4.2,3,0,19,04:08 AM,02:28 PM,06:20 AM,05:50 PM,11,15,15,15,9,100,73,1.4,1017,15,9,116,10
2019-03-02 21:00:00,16,12,0.0,4.2,3,0,19,04:08 AM,02:28 PM,06:20 AM,05:50 PM,11,14,14,14,5,100,82,1.8,1018,13,10,147,3
2019-03-03 00:00:00,16,9,0.0,4.2,3,0,12,04:50 AM,03:23 PM,06:19 AM,05:51 PM,11,13,13,13,5,93,84,1.8,1019,12,10,151,1
2019-03-03 03:00:00,16,9,0.0,4.2,3,0,12,04:50 AM,03:23 PM,06:19 AM,05:51 PM,11,13,13,13,5,82,85,0.6,1020,12,10,167,0
2019-03-03 06:00:00,16,9,0.0,4.2,3,0,12,04:50 AM,03:23 PM,06:19 AM,05:51 PM,10,12,12,12,5,81,89,0.7,1019,11,10,192,3
2019-03-03 09:00:00,16,9,0.0,4.2,3,3,12,04:50 AM,03:23 PM,06:19 AM,05:51 PM,11,13,13,13,7,70,81,0.4,1019,13,10,237,6
2019-03-03 12:00:00,16,9,0.0,4.2,3,4,12,04:50 AM,03:23 PM,06:19 AM,05:51 PM,10,16,16,16,13,61,67,0.4,1019,16,10,254,10
2019-03-03 15:00:00,16,9,0.0,4.2,3,4,12,04:50 AM,03:23 PM,06:19 AM,05:51 PM,10,17,17,17,16,63,66,0.1,1018,16,10,252,12
2019-03-03 18:00:00,16,9,0.0,4.2,3,0,12,04:50 AM,03:23 PM,06:19 AM,05:51 PM,11,15,15,15,14,64,73,0.1,1018,15,10,251,8
2019-03-03 21:00:00,16,9,0.0,4.2,3,0,12,04:50 AM,03:23 PM,06:19 AM,05:51 PM,11,12,13,12,11,71,79,0.0,1019,12,10,251,3
2019-03-04 00:00:00,18,11,0.0,8.7,5,0,4,05:28 AM,04:17 PM,06:18 AM,05:52 PM,10,10,12,10,8,61,79,0.1,1019,10,10,253,5
2019-03-04 03:00:00,18,11,0.0,8.7,5,0,4,05:28 AM,04:17 PM,06:18 AM,05:52 PM,10,13,12,13,6,18,84,0.0,1019,12,10,248,3
2019-03-04 06:00:00,18,11,0.0,8.7,5,0,4,05:28 AM,04:17 PM,06:18 AM,05:52 PM,10,13,13,13,4,13,81,0.0,1019,13,10,229,3
2019-03-04 09:00:00,18,11,0.0,8.7,5,4,4,05:28 AM,04:17 PM,06:18 AM,05:52 PM,9,14,14,14,4,12,75,0.0,1019,14,10,203,4
2019-03-04 12:00:00,18,11,0.0,8.7,5,5,4,05:28 AM,04:17 PM,06:18 AM,05:52 PM,8,16,16,16,12,11,59,0.0,1018,16,10,174,10
2019-03-04 15:00:00,18,11,0.0,8.7,5,5,4,05:28 AM,04:17 PM,06:18 AM,05:52 PM,8,18,18,18,14,18,52,0.0,1017,18,10,186,13
2019-03-04 18:00:00,18,11,0.0,8.7,5,0,4,05:28 AM,04:17 PM,06:18 AM,05:52 PM,8,17,17,17,12,15,57,0.0,1016,17,10,211,10
2019-03-04 21:00:00,18,11,0.0,8.7,5,0,4,05:28 AM,04:17 PM,06:18 AM,05:52 PM,9,14,14,14,7,37,68,0.0,1018,14,10,227,6
2019-03-05 00:00:00,21,14,0.0,8.7,5,0,0,06:02 AM,05:12 PM,06:17 AM,05:53 PM,8,14,14,14,3,71,67,0.0,1018,14,10,226,2
2019-03-05 03:00:00,21,14,0.0,8.7,5,0,0,06:02 AM,05:12 PM,06:17 AM,05:53 PM,7,14,14,14,3,29,64,0.0,1017,14,10,177,2
2019-03-05 06:00:00,21,14,0.0,8.7,5,0,0,06:02 AM,05:12 PM,06:17 AM,05:53 PM,6,14,14,14,3,13,60,0.0,1016,14,10,97,2
2019-03-05 09:00:00,21,14,0.0,8.7,5,5,0,06:02 AM,05:12 PM,06:17 AM,05:53 PM,5,15,15,15,4,16,50,0.0,1016,15,10,87,3
2019-03-05 12:00:00,21,14,0.0,8.7,5,5,0,06:02 AM,05:12 PM,06:17 AM,05:53 PM,3,20,20,20,10,18,34,0.0,1015,20,10,188,8
2019-03-05 15:00:00,21,14,0.0,8.7,5,5,0,06:02 AM,05:12 PM,06:17 AM,05:53 PM,4,20,20,20,12,43,35,0.0,1015,20,10,207,10
2019-03-05 18:00:00,21,14,0.0,8.7,5,0,0,06:02 AM,05:12 PM,06:17 AM,05:53 PM,5,19,19,19,14,72,42,0.0,1015,19,10,187,12
2019-03-05 21:00:00,21,14,0.0,8.7,5,0,0,06:02 AM,05:12 PM,06:17 AM,05:53 PM,7,17,17,17,22,67,52,0.1,1015,17,10,128,17
2019-03-06 00:00:00,16,13,0.0,4.3,3,0,0,06:34 AM,06:06 PM,06:15 AM,05:54 PM,6,16,16,16,21,57,52,0.0,1013,16,10,128,15
2019-03-06 03:00:00,16,13,0.0,4.3,3,0,0,06:34 AM,06:06 PM,06:15 AM,05:54 PM,6,15,15,15,23,79,56,0.1,1012,15,10,121,15
2019-03-06 06:00:00,16,13,0.0,4.3,3,0,0,06:34 AM,06:06 PM,06:15 AM,05:54 PM,7,12,14,12,23,89,66,3.8,1012,14,8,125,15
2019-03-06 09:00:00,16,13,0.0,4.3,3,3,0,06:34 AM,06:06 PM,06:15 AM,05:54 PM,9,11,13,11,26,100,80,14.7,1014,13,5,126,17
2019-03-06 12:00:00,16,13,0.0,4.3,3,3,0,06:34 AM,06:06 PM,06:15 AM,05:54 PM,11,12,14,12,27,100,84,14.3,1015,14,7,125,18
2019-03-06 15:00:00,16,13,0.0,4.3,3,4,0,06:34 AM,06:06 PM,06:15 AM,05:54 PM,12,14,15,14,19,95,82,1.3,1014,15,10,138,14
2019-03-06 18:00:00,16,13,0.0,4.3,3,0,0,06:34 AM,06:06 PM,06:15 AM,05:54 PM,12,15,15,15,16,86,81,2.7,1014,15,9,160,10
2019-03-06 21:00:00,16,13,0.0,4.3,3,0,0,06:34 AM,06:06 PM,06:15 AM,05:54 PM,12,14,14,14,16,86,85,3.9,1016,14,7,150,9
2019-03-07 00:00:00,17,13,0.0,7.2,4,0,3,07:05 AM,07:02 PM,06:14 AM,05:54 PM,11,14,14,14,13,85,80,3.2,1017,14,8,102,8
2019-03-07 03:00:00,17,13,0.0,7.2,4,0,3,07:05 AM,07:02 PM,06:14 AM,05:54 PM,10,14,14,14,7,83,77,0.8,1017,14,10,104,5
2019-03-07 06:00:00,17,13,0.0,7.2,4,0,3,07:05 AM,07:02 PM,06:14 AM,05:54 PM,9,13,13,13,3,73,76,0.6,1017,13,10,120,2
2019-03-07 09:00:00,17,13,0.0,7.2,4,4,3,07:05 AM,07:02 PM,06:14 AM,05:54 PM,8,14,14,14,3,63,68,0.1,1018,14,10,139,3
2019-03-07 12:00:00,17,13,0.0,7.2,4,5,3,07:05 AM,07:02 PM,06:14 AM,05:54 PM,6,16,16,16,9,34,52,0.0,1018,16,10,196,8
2019-03-07 15:00:00,17,13,0.0,7.2,4,4,3,07:05 AM,07:02 PM,06:14 AM,05:54 PM,6,17,17,17,15,50,47,0.0,1017,17,10,214,13
2019-03-07 18:00:00,17,13,0.0,7.2,4,0,3,07:05 AM,07:02 PM,06:14 AM,05:54 PM,6,15,16,15,16,68,52,0.1,1016,16,10,239,14
2019-03-07 21:00:00,17,13,0.0,7.2,4,0,3,07:05 AM,07:02 PM,06:14 AM,05:54 PM,6,13,14,13,14,61,58,0.1,1016,14,9,256,11
2019-03-08 00:00:00,15,11,0.0,8.7,3,0,10,07:35 AM,07:57 PM,06:13 AM,05:55 PM,4,12,13,12,13,55,56,0.0,1016,13,10,270,10
2019-03-08 03:00:00,15,11,0.0,8.7,3,0,10,07:35 AM,07:57 PM,06:13 AM,05:55 PM,4,11,12,11,14,65,56,0.1,1016,12,10,274,10
2019-03-08 06:00:00,15,11,0.0,8.7,3,0,10,07:35 AM,07:57 PM,06:13 AM,05:55 PM,4,10,11,10,14,16,58,0.0,1016,11,10,272,10
2019-03-08 09:00:00,15,11,0.0,8.7,3,4,10,07:35 AM,07:57 PM,06:13 AM,05:55 PM,2,11,12,11,15,5,51,0.0,1017,12,10,262,12
2019-03-08 12:00:00,15,11,0.0,8.7,3,4,10,07:35 AM,07:57 PM,06:13 AM,05:55 PM,0,13,14,13,21,4,38,0.0,1017,14,10,255,18
2019-03-08 15:00:00,15,11,0.0,8.7,3,4,10,07:35 AM,07:57 PM,06:13 AM,05:55 PM,1,13,15,13,26,5,40,0.0,1017,15,10,250,23
2019-03-08 18:00:00,15,11,0.0,8.7,3,0,10,07:35 AM,07:57 PM,06:13 AM,05:55 PM,3,12,14,12,19,9,47,0.0,1017,13,10,248,17
2019-03-08 21:00:00,15,11,0.0,8.7,3,0,10,07:35 AM,07:57 PM,06:13 AM,05:55 PM,5,10,13,10,8,5,52,0.0,1018,10,10,228,7
2019-03-09 00:00:00,16,10,0.0,8.7,4,0,17,08:04 AM,08:53 PM,06:11 AM,05:56 PM,6,9,11,9,5,3,56,0.0,1018,9,10,157,4
2019-03-09 03:00:00,16,10,0.0,8.7,4,0,17,08:04 AM,08:53 PM,06:11 AM,05:56 PM,6,12,12,12,12,5,63,0.0,1018,12,10,102,9
2019-03-09 06:00:00,16,10,0.0,8.7,4,0,17,08:04 AM,08:53 PM,06:11 AM,05:56 PM,5,9,11,9,15,26,69,0.0,1018,11,10,102,11
2019-03-09 09:00:00,16,10,0.0,8.7,4,4,17,08:04 AM,08:53 PM,06:11 AM,05:56 PM,5,10,11,10,13,49,65,0.0,1018,11,10,123,10
2019-03-09 12:00:00,16,10,0.0,8.7,4,4,17,08:04 AM,08:53 PM,06:11 AM,05:56 PM,3,13,14,13,12,19,50,0.0,1017,14,10,174,10
2019-03-09 15:00:00,16,10,0.0,8.7,4,5,17,08:04 AM,08:53 PM,06:11 AM,05:56 PM,1,15,16,15,15,4,38,0.0,1015,16,10,216,13
2019-03-09 18:00:00,16,10,0.0,8.7,4,0,17,08:04 AM,08:53 PM,06:11 AM,05:56 PM,1,14,15,14,15,3,41,0.0,1015,15,10,248,13
2019-03-09 21:00:00,16,10,0.0,8.7,4,0,17,08:04 AM,08:53 PM,06:11 AM,05:56 PM,3,13,13,13,9,5,51,0.0,1015,13,10,265,8
2019-03-10 00:00:00,14,11,0.0,5.8,4,0,24,08:35 AM,09:51 PM,06:10 AM,05:57 PM,3,13,12,13,4,9,54,0.0,1015,12,10,217,3
2019-03-10 03:00:00,14,11,0.0,5.8,4,0,24,08:35 AM,09:51 PM,06:10 AM,05:57 PM,3,12,12,12,3,28,54,0.0,1014,12,10,93,2
2019-03-10 06:00:00,14,11,0.0,5.8,4,0,24,08:35 AM,09:51 PM,06:10 AM,05:57 PM,2,11,11,11,5,69,54,0.1,1014,11,7,97,4
2019-03-10 09:00:00,14,11,0.0,5.8,4,4,24,08:35 AM,09:51 PM,06:10 AM,05:57 PM,3,11,11,11,7,71,55,0.1,1014,11,5,129,5
2019-03-10 12:00:00,14,11,0.0,5.8,4,3,24,08:35 AM,09:51 PM,06:10 AM,05:57 PM,4,12,13,12,11,57,53,0.0,1014,13,10,166,9
2019-03-10 15:00:00,14,11,0.0,5.8,4,4,24,08:35 AM,09:51 PM,06:10 AM,05:57 PM,5,13,14,13,12,63,54,0.1,1014,14,10,195,10
2019-03-10 18:00:00,14,11,0.0,5.8,4,0,24,08:35 AM,09:51 PM,06:10 AM,05:57 PM,5,13,14,13,9,34,57,0.0,1013,14,10,222,8
2019-03-10 21:00:00,14,11,0.0,5.8,4,0,24,08:35 AM,09:51 PM,06:10 AM,05:57 PM,6,13,13,13,6,13,60,0.0,1014,13,10,166,5
2019-03-11 00:00:00,19,12,0.0,8.7,5,0,32,09:09 AM,10:50 PM,06:09 AM,05:58 PM,5,13,13,13,2,29,61,0.0,1015,13,10,6,1
2019-03-11 03:00:00,19,12,0.0,8.7,5,0,32,09:09 AM,10:50 PM,06:09 AM,05:58 PM,5,12,12,12,4,50,59,0.0,1015,12,10,118,3
2019-03-11 06:00:00,19,12,0.0,8.7,5,0,32,09:09 AM,10:50 PM,06:09 AM,05:58 PM,3,12,12,12,10,49,53,0.0,1014,12,10,347,6
2019-03-11 09:00:00,19,12,0.0,8.7,5,4,32,09:09 AM,10:50 PM,06:09 AM,05:58 PM,0,13,14,13,12,46,40,0.0,1014,14,10,252,8
2019-03-11 12:00:00,19,12,0.0,8.7,5,5,32,09:09 AM,10:50 PM,06:09 AM,05:58 PM,-1,18,18,18,12,37,29,0.0,1014,18,10,42,10
2019-03-11 15:00:00,19,12,0.0,8.7,5,4,32,09:09 AM,10:50 PM,06:09 AM,05:58 PM,0,19,19,19,10,41,28,0.0,1013,19,10,58,9
2019-03-11 18:00:00,19,12,0.0,8.7,5,0,32,09:09 AM,10:50 PM,06:09 AM,05:58 PM,2,18,18,18,5,67,33,0.0,1011,18,10,201,4
2019-03-11 21:00:00,19,12,0.0,8.7,5,0,32,09:09 AM,10:50 PM,06:09 AM,05:58 PM,3,17,17,17,6,56,38,0.0,1010,17,10,256,5
