date_time,"new+york,ny_maxtempC","new+york,ny_mintempC","new+york,ny_totalSnow_cm","new+york,ny_sunHour","new+york,ny_uvIndex","new+york,ny_uvIndex","new+york,ny_moon_illumination","new+york,ny_moonrise","new+york,ny_moonset","new+york,ny_sunrise","new+york,ny_sunset","new+york,ny_DewPointC","new+york,ny_FeelsLikeC","new+york,ny_HeatIndexC","new+york,ny_WindChillC","new+york,ny_WindGustKmph","new+york,ny_cloudcover","new+york,ny_humidity","new+york,ny_precipMM","new+york,ny_pressure","new+york,ny_tempC","new+york,ny_visibility","new+york,ny_winddirDegree","new+york,ny_windspeedKmph"
2018-12-11 00:00:00,4,-1,0.0,8.7,2,0,21,10:27 AM,08:28 PM,07:10 AM,04:28 PM,-5,0,3,0,12,0,56,0.0,1023,0,10,20,10
2018-12-11 03:00:00,4,-1,0.0,8.7,2,0,21,10:27 AM,08:28 PM,07:10 AM,04:28 PM,-4,1,4,1,9,0,56,0.0,1022,-0,10,17,8
2018-12-11 06:00:00,4,-1,0.0,8.7,2,0,21,10:27 AM,08:28 PM,07:10 AM,04:28 PM,-4,0,3,0,9,0,63,0.0,1022,-1,10,35,8
2018-12-11 09:00:00,4,-1,0.0,8.7,2,2,21,10:27 AM,08:28 PM,07:10 AM,04:28 PM,-3,4,5,4,6,2,56,0.0,1021,1,10,41,5
2018-12-11 12:00:00,4,-1,0.0,8.7,2,2,21,10:27 AM,08:28 PM,07:10 AM,04:28 PM,-3,4,5,4,7,6,55,0.0,1018,3,10,242,6
2018-12-11 15:00:00,4,-1,0.0,8.7,2,2,21,10:27 AM,08:28 PM,07:10 AM,04:28 PM,-2,5,6,5,10,0,54,0.0,1016,4,10,227,9
2018-12-11 18:00:00,4,-1,0.0,8.7,2,0,21,10:27 AM,08:28 PM,07:10 AM,04:28 PM,-4,1,4,1,14,0,56,0.0,1016,2,10,259,12
2018-12-11 21:00:00,4,-1,0.0,8.7,2,0,21,10:27 AM,08:28 PM,07:10 AM,04:28 PM,-5,-4,1,-4,30,9,61,0.0,1016,1,10,309,21
2018-12-12 00:00:00,4,1,0.0,8.7,2,0,29,11:03 AM,09:26 PM,07:11 AM,04:29 PM,-5,-3,1,-3,20,45,62,0.0,1015,1,10,306,15
2018-12-12 03:00:00,4,1,0.0,8.7,2,0,29,11:03 AM,09:26 PM,07:11 AM,04:29 PM,-4,-4,1,-4,28,23,69,0.0,1017,1,10,307,20
2018-12-12 06:00:00,4,1,0.0,8.7,2,0,29,11:03 AM,09:26 PM,07:11 AM,04:29 PM,-4,-3,1,-3,25,7,69,0.0,1019,1,10,291,17
2018-12-12 09:00:00,4,1,0.0,8.7,2,2,29,11:03 AM,09:26 PM,07:11 AM,04:29 PM,-5,-2,3,-2,25,0,57,0.0,1020,3,10,309,19
2018-12-12 12:00:00,4,1,0.0,8.7,2,2,29,11:03 AM,09:26 PM,07:11 AM,04:29 PM,-5,1,5,1,16,18,51,0.0,1020,4,10,300,14
2018-12-12 15:00:00,4,1,0.0,8.7,2,2,29,11:03 AM,09:26 PM,07:11 AM,04:29 PM,-4,2,5,2,14,23,52,0.0,1022,4,10,295,11
2018-12-12 18:00:00,4,1,0.0,8.7,2,0,29,11:03 AM,09:26 PM,07:11 AM,04:29 PM,-3,3,4,3,6,7,59,0.0,1023,3,10,318,5
2018-12-12 21:00:00,4,1,0.0,8.7,2,0,29,11:03 AM,09:26 PM,07:11 AM,04:29 PM,-4,1,3,1,7,18,60,0.0,1025,2,10,71,5
2018-12-13 00:00:00,5,1,0.0,3.4,1,0,36,11:36 AM,10:23 PM,07:12 AM,04:29 PM,-4,-0,3,-0,13,100,61,0.0,1026,2,10,89,9
2018-12-13 03:00:00,5,1,0.0,3.4,1,0,36,11:36 AM,10:23 PM,07:12 AM,04:29 PM,-4,-2,2,-2,26,55,64,0.0,1027,2,10,94,18
2018-12-13 06:00:00,5,1,0.0,3.4,1,0,36,11:36 AM,10:23 PM,07:12 AM,04:29 PM,-4,-3,1,-3,21,100,67,0.0,1029,1,10,79,15
2018-12-13 09:00:00,5,1,0.0,3.4,1,1,36,11:36 AM,10:23 PM,07:12 AM,04:29 PM,-1,-1,3,-1,23,100,72,0.1,1030,3,10,99,17
2018-12-13 12:00:00,5,1,0.0,3.4,1,1,36,11:36 AM,10:23 PM,07:12 AM,04:29 PM,0,2,4,2,9,100,77,0.0,1030,3,10,72,7
2018-12-13 15:00:00,5,1,0.0,3.4,1,1,36,11:36 AM,10:23 PM,07:12 AM,04:29 PM,1,2,5,2,17,97,80,0.1,1031,4,10,73,12
2018-12-13 18:00:00,5,1,0.0,3.4,1,0,36,11:36 AM,10:23 PM,07:12 AM,04:29 PM,2,2,4,2,15,79,84,0.0,1032,4,10,59,10
2018-12-13 21:00:00,5,1,0.0,3.4,1,0,36,11:36 AM,10:23 PM,07:12 AM,04:29 PM,3,2,5,2,18,98,87,0.0,1032,5,10,91,12
2018-12-14 00:00:00,8,5,0.0,3.4,2,0,43,12:05 PM,11:21 PM,07:12 AM,04:29 PM,3,2,5,2,16,93,85,0.0,1033,5,10,71,11
2018-12-14 03:00:00,8,5,0.0,3.4,2,0,43,12:05 PM,11:21 PM,07:12 AM,04:29 PM,4,3,6,3,21,92,88,0.1,1032,5,10,96,14
2018-12-14 06:00:00,8,5,0.0,3.4,2,0,43,12:05 PM,11:21 PM,07:12 AM,04:29 PM,4,4,6,4,16,98,91,0.0,1032,6,10,109,10
2018-12-14 09:00:00,8,5,0.0,3.4,2,2,43,12:05 PM,11:21 PM,07:12 AM,04:29 PM,5,5,7,5,19,98,88,0.1,1031,7,10,122,12
2018-12-14 12:00:00,8,5,0.0,3.4,2,2,43,12:05 PM,11:21 PM,07:12 AM,04:29 PM,6,7,8,7,10,100,84,0.0,1029,8,10,114,7
2018-12-14 15:00:00,8,5,0.0,3.4,2,2,43,12:05 PM,11:21 PM,07:12 AM,04:29 PM,7,7,8,7,12,88,89,0.0,1028,8,10,139,8
2018-12-14 18:00:00,8,5,0.0,3.4,2,0,43,12:05 PM,11:21 PM,07:12 AM,04:29 PM,8,7,8,7,10,100,96,0.0,1027,8,2,155,6
2018-12-14 21:00:00,8,5,0.0,3.4,2,0,43,12:05 PM,11:21 PM,07:12 AM,04:29 PM,8,6,8,6,17,100,97,0.8,1025,8,9,187,9
2018-12-15 00:00:00,9,8,0.0,3.4,2,0,51,12:32 PM,No moonset,07:13 AM,04:29 PM,8,8,8,8,6,100,97,0.0,1024,8,2,317,4
2018-12-15 03:00:00,9,8,0.0,3.4,2,0,51,12:32 PM,No moonset,07:13 AM,04:29 PM,8,8,8,8,6,100,97,2.0,1023,8,9,24,4
2018-12-15 06:00:00,9,8,0.0,3.4,2,0,51,12:32 PM,No moonset,07:13 AM,04:29 PM,8,7,8,7,12,100,96,0.0,1022,8,2,42,6
2018-12-15 09:00:00,9,8,0.0,3.4,2,2,51,12:32 PM,No moonset,07:13 AM,04:29 PM,8,6,8,6,20,100,96,0.1,1021,8,2,16,11
2018-12-15 12:00:00,9,8,0.0,3.4,2,2,51,12:32 PM,No moonset,07:13 AM,04:29 PM,7,8,9,8,16,100,88,0.0,1020,9,10,31,11
2018-12-15 15:00:00,9,8,0.0,3.4,2,2,51,12:32 PM,No moonset,07:13 AM,04:29 PM,6,7,9,7,26,70,80,0.0,1019,9,10,32,16
2018-12-15 18:00:00,9,8,0.0,3.4,2,0,51,12:32 PM,No moonset,07:13 AM,04:29 PM,4,6,9,6,29,100,73,0.0,1020,9,10,40,17
2018-12-15 21:00:00,9,8,0.0,3.4,2,0,51,12:32 PM,No moonset,07:13 AM,04:29 PM,4,5,8,5,32,44,73,0.1,1020,8,10,61,20
2018-12-16 00:00:00,7,4,0.0,3.4,2,0,58,12:59 PM,12:20 AM,07:14 AM,04:30 PM,2,3,7,3,38,100,72,0.0,1018,7,10,54,27
2018-12-16 03:00:00,7,4,0.0,3.4,2,0,58,12:59 PM,12:20 AM,07:14 AM,04:30 PM,2,1,6,1,42,100,79,5.6,1017,6,7,60,30
2018-12-16 06:00:00,7,4,0.0,3.4,2,0,58,12:59 PM,12:20 AM,07:14 AM,04:30 PM,2,0,5,0,36,100,80,0.0,1017,5,10,58,27
2018-12-16 09:00:00,7,4,0.0,3.4,2,2,58,12:59 PM,12:20 AM,07:14 AM,04:30 PM,2,0,5,0,47,100,82,2.0,1015,5,9,58,33
2018-12-16 12:00:00,7,4,0.0,3.4,2,1,58,12:59 PM,12:20 AM,07:14 AM,04:30 PM,2,1,5,1,32,100,84,0.0,1011,5,10,46,23
2018-12-16 15:00:00,7,4,0.0,3.4,2,1,58,12:59 PM,12:20 AM,07:14 AM,04:30 PM,2,0,5,0,37,100,85,5.7,1010,5,7,34,27
2018-12-16 18:00:00,7,4,0.0,3.4,2,0,58,12:59 PM,12:20 AM,07:14 AM,04:30 PM,2,-1,4,-1,33,100,83,0.0,1010,4,10,357,24
2018-12-16 21:00:00,7,4,0.0,3.4,2,0,58,12:59 PM,12:20 AM,07:14 AM,04:30 PM,1,-1,4,-1,32,100,81,0.0,1009,4,10,359,24
2018-12-17 00:00:00,7,3,0.0,8.7,1,0,65,01:27 PM,01:21 AM,07:14 AM,04:30 PM,0,-2,3,-2,31,100,82,0.0,1008,3,10,338,23
2018-12-17 03:00:00,7,3,0.0,8.7,1,0,65,01:27 PM,01:21 AM,07:14 AM,04:30 PM,1,0,4,0,22,75,79,0.0,1009,4,10,315,16
2018-12-17 06:00:00,7,3,0.0,8.7,1,0,65,01:27 PM,01:21 AM,07:14 AM,04:30 PM,1,1,4,1,17,9,79,0.0,1009,4,10,297,13
2018-12-17 09:00:00,7,3,0.0,8.7,1,3,65,01:27 PM,01:21 AM,07:14 AM,04:30 PM,1,2,6,2,27,30,72,0.0,1008,6,10,296,21
2018-12-17 12:00:00,7,3,0.0,8.7,1,3,65,01:27 PM,01:21 AM,07:14 AM,04:30 PM,1,3,7,3,34,24,63,0.0,1006,7,10,295,25
2018-12-17 15:00:00,7,3,0.0,8.7,1,3,65,01:27 PM,01:21 AM,07:14 AM,04:30 PM,-2,2,6,2,40,47,54,0.0,1007,6,10,300,30
2018-12-17 18:00:00,7,3,0.0,8.7,1,0,65,01:27 PM,01:21 AM,07:14 AM,04:30 PM,-2,1,5,1,39,44,59,0.0,1009,5,10,302,27
2018-12-17 21:00:00,7,3,0.0,8.7,1,0,65,01:27 PM,01:21 AM,07:14 AM,04:30 PM,-3,-1,4,-1,42,39,58,0.0,1009,4,10,298,30
2018-12-18 00:00:00,4,-1,0.0,8.7,1,0,72,01:57 PM,02:23 AM,07:15 AM,04:30 PM,-4,-2,4,-2,40,88,59,0.0,1009,4,10,310,30
2018-12-18 03:00:00,4,-1,0.0,8.7,1,0,72,01:57 PM,02:23 AM,07:15 AM,04:30 PM,-7,-6,1,-6,45,1,54,0.0,1013,1,10,320,33
2018-12-18 06:00:00,4,-1,0.0,8.7,1,0,72,01:57 PM,02:23 AM,07:15 AM,04:30 PM,-8,-6,0,-6,35,0,54,0.0,1015,0,10,320,27
2018-12-18 09:00:00,4,-1,0.0,8.7,1,2,72,01:57 PM,02:23 AM,07:15 AM,04:30 PM,-10,-6,0,-6,34,0,48,0.0,1018,0,10,331,28
2018-12-18 12:00:00,4,-1,0.0,8.7,1,2,72,01:57 PM,02:23 AM,07:15 AM,04:30 PM,-9,-3,2,-3,26,0,43,0.0,1018,2,10,310,22
2018-12-18 15:00:00,4,-1,0.0,8.7,1,2,72,01:57 PM,02:23 AM,07:15 AM,04:30 PM,-8,-4,1,-4,29,1,48,0.0,1019,1,10,310,24
2018-12-18 18:00:00,4,-1,0.0,8.7,1,0,72,01:57 PM,02:23 AM,07:15 AM,04:30 PM,-8,-5,0,-5,29,9,53,0.0,1021,0,10,309,22
2018-12-18 21:00:00,4,-1,0.0,8.7,1,0,72,01:57 PM,02:23 AM,07:15 AM,04:30 PM,-9,-7,-1,-7,26,13,54,0.0,1021,-1,10,319,20
2018-12-19 00:00:00,4,-2,0.0,8.7,2,0,80,02:29 PM,03:29 AM,07:16 AM,04:31 PM,-10,-7,-2,-7,20,32,55,0.0,1021,-2,10,309,17
2018-12-19 03:00:00,4,-2,0.0,8.7,2,0,80,02:29 PM,03:29 AM,07:16 AM,04:31 PM,-10,-6,-1,-6,19,31,53,0.0,1022,-1,10,300,15
2018-12-19 06:00:00,4,-2,0.0,8.7,2,0,80,02:29 PM,03:29 AM,07:16 AM,04:31 PM,-10,-5,-2,-5,10,17,52,0.0,1022,-2,10,305,9
2018-12-19 09:00:00,4,-2,0.0,8.7,2,2,80,02:29 PM,03:29 AM,07:16 AM,04:31 PM,-10,-1,2,-1,10,5,42,0.0,1022,0,10,282,9
2018-12-19 12:00:00,4,-2,0.0,8.7,2,2,80,02:29 PM,03:29 AM,07:16 AM,04:31 PM,-9,2,4,2,12,60,38,0.0,1020,4,10,237,10
2018-12-19 15:00:00,4,-2,0.0,8.7,2,2,80,02:29 PM,03:29 AM,07:16 AM,04:31 PM,-7,3,5,3,11,5,41,0.0,1019,4,10,234,8
2018-12-19 18:00:00,4,-2,0.0,8.7,2,0,80,02:29 PM,03:29 AM,07:16 AM,04:31 PM,-4,2,4,2,14,7,53,0.0,1020,3,10,206,9
2018-12-19 21:00:00,4,-2,0.0,8.7,2,0,80,02:29 PM,03:29 AM,07:16 AM,04:31 PM,-3,1,4,1,16,5,61,0.0,1020,3,10,228,10
2018-12-20 00:00:00,9,2,0.0,5.2,2,0,87,03:08 PM,04:36 AM,07:16 AM,04:31 PM,1,4,6,4,11,0,69,0.0,1020,3,10,229,10
2018-12-20 03:00:00,9,2,0.0,5.2,2,0,87,03:08 PM,04:36 AM,07:16 AM,04:31 PM,3,6,7,6,7,0,74,0.0,1020,2,10,237,6
2018-12-20 06:00:00,9,2,0.0,5.2,2,0,87,03:08 PM,04:36 AM,07:16 AM,04:31 PM,3,7,7,7,4,2,73,0.0,1020,2,10,252,4
2018-12-20 09:00:00,9,2,0.0,5.2,2,2,87,03:08 PM,04:36 AM,07:16 AM,04:31 PM,2,9,9,9,1,1,61,0.0,1020,4,10,139,1
2018-12-20 12:00:00,9,2,0.0,5.2,2,2,87,03:08 PM,04:36 AM,07:16 AM,04:31 PM,0,6,7,6,7,64,60,0.0,1018,7,10,82,6
2018-12-20 15:00:00,9,2,0.0,5.2,2,2,87,03:08 PM,04:36 AM,07:16 AM,04:31 PM,3,4,7,4,18,100,76,0.8,1017,7,9,88,12
2018-12-20 18:00:00,9,2,0.0,5.2,2,0,87,03:08 PM,04:36 AM,07:16 AM,04:31 PM,5,4,7,4,23,100,91,0.0,1015,6,10,68,14
2018-12-20 21:00:00,9,2,0.0,5.2,2,0,87,03:08 PM,04:36 AM,07:16 AM,04:31 PM,8,6,9,6,37,100,96,2.6,1012,9,7,108,19
2018-12-21 00:00:00,15,12,0.0,3.4,3,0,94,03:53 PM,05:47 AM,07:17 AM,04:32 PM,11,9,12,9,49,100,93,0.0,1006,12,10,128,26
2018-12-21 03:00:00,15,12,0.0,3.4,3,0,94,03:53 PM,05:47 AM,07:17 AM,04:32 PM,13,11,14,11,70,100,95,9.5,1002,13,5,145,38
2018-12-21 06:00:00,15,12,0.0,3.4,3,0,94,03:53 PM,05:47 AM,07:17 AM,04:32 PM,15,15,15,15,67,100,95,24.8,998,15,5,167,36
2018-12-21 09:00:00,15,12,0.0,3.4,3,3,94,03:53 PM,05:47 AM,07:17 AM,04:32 PM,14,14,14,14,49,100,97,27.9,997,14,5,179,23
2018-12-21 12:00:00,15,12,0.0,3.4,3,3,94,03:53 PM,05:47 AM,07:17 AM,04:32 PM,12,12,12,12,18,100,98,0.0,995,12,0,140,9
2018-12-21 15:00:00,15,12,0.0,3.4,3,3,94,03:53 PM,05:47 AM,07:17 AM,04:32 PM,12,11,12,11,20,97,98,1.0,993,12,9,124,11
2018-12-21 18:00:00,15,12,0.0,3.4,3,0,94,03:53 PM,05:47 AM,07:17 AM,04:32 PM,12,10,13,10,48,74,95,0.0,992,12,10,153,26
2018-12-21 21:00:00,15,12,0.0,3.4,3,0,94,03:53 PM,05:47 AM,07:17 AM,04:32 PM,11,10,12,10,31,57,94,0.3,990,12,10,179,18
2018-12-22 00:00:00,11,4,0.0,8.7,3,0,100,04:47 PM,06:55 AM,07:17 AM,04:32 PM,10,10,11,10,15,43,93,0.0,989,11,10,168,9
2018-12-22 03:00:00,11,4,0.0,8.7,3,0,100,04:47 PM,06:55 AM,07:17 AM,04:32 PM,9,8,10,8,28,91,93,2.0,991,10,10,212,18
2018-12-22 06:00:00,11,4,0.0,8.7,3,0,100,04:47 PM,06:55 AM,07:17 AM,04:32 PM,3,4,8,4,33,100,72,0.0,994,8,10,281,24
2018-12-22 09:00:00,11,4,0.0,8.7,3,3,100,04:47 PM,06:55 AM,07:17 AM,04:32 PM,-2,1,6,1,42,27,58,0.0,1000,6,10,300,32
2018-12-22 12:00:00,11,4,0.0,8.7,3,3,100,04:47 PM,06:55 AM,07:17 AM,04:32 PM,-1,2,7,2,38,52,56,0.0,1003,7,10,294,31
2018-12-22 15:00:00,11,4,0.0,8.7,3,3,100,04:47 PM,06:55 AM,07:17 AM,04:32 PM,-2,2,7,2,39,33,55,0.0,1008,7,10,292,30
2018-12-22 18:00:00,11,4,0.0,8.7,3,0,100,04:47 PM,06:55 AM,07:17 AM,04:32 PM,-2,1,6,1,37,3,59,0.0,1012,6,10,298,26
2018-12-22 21:00:00,11,4,0.0,8.7,3,0,100,04:47 PM,06:55 AM,07:17 AM,04:32 PM,-4,-1,4,-1,37,0,57,0.0,1015,4,10,300,26
2018-12-23 00:00:00,6,2,0.0,8.7,2,0,100,05:49 PM,08:01 AM,07:18 AM,04:33 PM,-4,-1,4,-1,32,9,59,0.0,1017,4,10,302,22
2018-12-23 03:00:00,6,2,0.0,8.7,2,0,100,05:49 PM,08:01 AM,07:18 AM,04:33 PM,-4,-2,3,-2,24,2,61,0.0,1019,2,10,302,18
2018-12-23 06:00:00,6,2,0.0,8.7,2,0,100,05:49 PM,08:01 AM,07:18 AM,04:33 PM,-4,-0,3,-0,17,33,62,0.0,1020,2,10,316,12
2018-12-23 09:00:00,6,2,0.0,8.7,2,2,100,05:49 PM,08:01 AM,07:18 AM,04:33 PM,-4,0,4,0,17,28,56,0.0,1021,3,10,297,14
2018-12-23 12:00:00,6,2,0.0,8.7,2,3,100,05:49 PM,08:01 AM,07:18 AM,04:33 PM,-4,4,6,4,11,13,49,0.0,1020,6,10,292,10
2018-12-23 15:00:00,6,2,0.0,8.7,2,3,100,05:49 PM,08:01 AM,07:18 AM,04:33 PM,-3,5,7,5,8,11,50,0.0,1020,6,10,275,7
2018-12-23 18:00:00,6,2,0.0,8.7,2,0,100,05:49 PM,08:01 AM,07:18 AM,04:33 PM,-2,6,6,6,3,21,58,0.0,1020,5,10,21,3
2018-12-23 21:00:00,6,2,0.0,8.7,2,0,100,05:49 PM,08:01 AM,07:18 AM,04:33 PM,-2,5,5,5,4,65,59,0.0,1020,4,10,316,3
2018-12-24 00:00:00,6,2,0.0,6.9,1,0,84,06:58 PM,09:00 AM,07:18 AM,04:33 PM,-2,4,4,4,4,99,66,0.0,1019,4,10,24,3
2018-12-24 03:00:00,6,2,0.0,6.9,1,0,84,06:58 PM,09:00 AM,07:18 AM,04:33 PM,-0,3,4,3,5,99,75,1.0,1018,4,9,55,4
2018-12-24 06:00:00,6,2,0.0,6.9,1,0,84,06:58 PM,09:00 AM,07:18 AM,04:33 PM,-0,3,3,3,4,100,78,0.0,1018,3,10,244,3
2018-12-24 09:00:00,6,2,0.0,6.9,1,1,84,06:58 PM,09:00 AM,07:18 AM,04:33 PM,1,1,4,1,20,98,78,0.0,1018,4,10,268,15
2018-12-24 12:00:00,6,2,0.0,6.9,1,3,84,06:58 PM,09:00 AM,07:18 AM,04:33 PM,-3,3,6,3,21,13,52,0.0,1017,6,10,302,17
2018-12-24 15:00:00,6,2,0.0,6.9,1,3,84,06:58 PM,09:00 AM,07:18 AM,04:33 PM,-3,2,6,2,27,54,52,0.0,1018,6,10,278,20
2018-12-24 18:00:00,6,2,0.0,6.9,1,0,84,06:58 PM,09:00 AM,07:18 AM,04:33 PM,-3,-1,4,-1,35,21,59,0.0,1020,4,10,279,24
2018-12-24 21:00:00,6,2,0.0,6.9,1,0,84,06:58 PM,09:00 AM,07:18 AM,04:33 PM,-3,-1,2,-1,30,41,66,0.0,1025,2,10,288,14
2018-12-25 00:00:00,5,1,0.0,6.9,2,0,77,08:10 PM,09:51 AM,07:19 AM,04:34 PM,-4,-3,2,-3,27,2,64,0.0,1021,2,10,293,19
2018-12-25 03:00:00,5,1,0.0,6.9,2,0,77,08:10 PM,09:51 AM,07:19 AM,04:34 PM,-5,-3,2,-3,28,3,64,0.0,1023,2,10,300,19
2018-12-25 06:00:00,5,1,0.0,6.9,2,0,77,08:10 PM,09:51 AM,07:19 AM,04:34 PM,-4,-3,2,-3,24,14,67,0.0,1024,1,10,288,17
2018-12-25 09:00:00,5,1,0.0,6.9,2,2,77,08:10 PM,09:51 AM,07:19 AM,04:34 PM,-5,-1,3,-1,23,22,56,0.0,1026,3,10,321,18
2018-12-25 12:00:00,5,1,0.0,6.9,2,2,77,08:10 PM,09:51 AM,07:19 AM,04:34 PM,-5,1,5,1,18,33,47,0.0,1025,5,10,311,15
2018-12-25 15:00:00,5,1,0.0,6.9,2,1,77,08:10 PM,09:51 AM,07:19 AM,04:34 PM,-6,1,4,1,20,73,48,0.0,1026,4,10,310,16
2018-12-25 18:00:00,5,1,0.0,6.9,2,0,77,08:10 PM,09:51 AM,07:19 AM,04:34 PM,-6,-2,3,-2,23,11,53,0.0,1027,2,10,324,17
2018-12-25 21:00:00,5,1,0.0,6.9,2,0,77,08:10 PM,09:51 AM,07:19 AM,04:34 PM,-7,-2,2,-2,21,6,53,0.0,1028,2,10,319,15
2018-12-26 00:00:00,5,1,0.0,8.7,2,0,69,09:23 PM,10:33 AM,07:19 AM,04:34 PM,-6,-3,1,-3,23,10,58,0.0,1029,1,10,311,17
2018-12-26 03:00:00,5,1,0.0,8.7,2,0,69,09:23 PM,10:33 AM,07:19 AM,04:34 PM,-6,-3,1,-3,20,22,59,0.0,1030,1,10,309,15
2018-12-26 06:00:00,5,1,0.0,8.7,2,0,69,09:23 PM,10:33 AM,07:19 AM,04:34 PM,-5,-1,1,-1,8,42,64,0.0,1032,1,10,279,6
2018-12-26 09:00:00,5,1,0.0,8.7,2,2,69,09:23 PM,10:33 AM,07:19 AM,04:34 PM,-4,0,3,0,13,9,61,0.0,1032,2,10,278,11
2018-12-26 12:00:00,5,1,0.0,8.7,2,2,69,09:23 PM,10:33 AM,07:19 AM,04:34 PM,-4,3,5,3,13,33,52,0.0,1031,5,10,287,11
2018-12-26 15:00:00,5,1,0.0,8.7,2,3,69,09:23 PM,10:33 AM,07:19 AM,04:34 PM,-3,2,6,2,19,28,52,0.0,1031,5,10,285,14
2018-12-26 18:00:00,5,1,0.0,8.7,2,0,69,09:23 PM,10:33 AM,07:19 AM,04:34 PM,-2,2,5,2,13,14,62,0.0,1032,4,10,254,9
2018-12-26 21:00:00,5,1,0.0,8.7,2,0,69,09:23 PM,10:33 AM,07:19 AM,04:34 PM,-2,0,4,0,21,21,70,0.0,1033,3,10,258,14
2018-12-27 00:00:00,5,2,0.0,8.7,2,0,62,10:34 PM,11:11 AM,07:19 AM,04:35 PM,-0,0,3,0,18,13,78,0.0,1033,3,10,269,13
2018-12-27 03:00:00,5,2,0.0,8.7,2,0,62,10:34 PM,11:11 AM,07:19 AM,04:35 PM,-0,-0,3,-0,18,7,79,0.0,1035,2,10,310,13
2018-12-27 06:00:00,5,2,0.0,8.7,2,0,62,10:34 PM,11:11 AM,07:19 AM,04:35 PM,-1,-1,2,-1,15,14,76,0.0,1036,2,10,341,11
2018-12-27 09:00:00,5,2,0.0,8.7,2,2,62,10:34 PM,11:11 AM,07:19 AM,04:35 PM,-2,1,3,1,11,12,66,0.0,1037,3,10,28,10
2018-12-27 12:00:00,5,2,0.0,8.7,2,3,62,10:34 PM,11:11 AM,07:19 AM,04:35 PM,-3,5,6,5,6,29,52,0.0,1036,5,10,94,5
2018-12-27 15:00:00,5,2,0.0,8.7,2,2,62,10:34 PM,11:11 AM,07:19 AM,04:35 PM,-3,3,5,3,15,26,54,0.0,1036,5,10,114,12
2018-12-27 18:00:00,5,2,0.0,8.7,2,0,62,10:34 PM,11:11 AM,07:19 AM,04:35 PM,-2,1,4,1,17,33,61,0.0,1035,4,10,128,12
2018-12-27 21:00:00,5,2,0.0,8.7,2,0,62,10:34 PM,11:11 AM,07:19 AM,04:35 PM,-1,1,4,1,23,35,70,0.0,1034,4,10,131,15
2018-12-28 00:00:00,13,6,0.0,3.4,2,0,55,11:43 PM,11:44 AM,07:20 AM,04:36 PM,3,2,6,2,26,100,81,0.0,1030,6,10,139,17
2018-12-28 03:00:00,13,6,0.0,3.4,2,0,55,11:43 PM,11:44 AM,07:20 AM,04:36 PM,5,4,7,4,32,100,88,0.7,1027,7,2,146,19
2018-12-28 06:00:00,13,6,0.0,3.4,2,0,55,11:43 PM,11:44 AM,07:20 AM,04:36 PM,7,5,8,5,20,100,93,0.0,1024,7,10,143,12
2018-12-28 09:00:00,13,6,0.0,3.4,2,2,55,11:43 PM,11:44 AM,07:20 AM,04:36 PM,9,7,9,7,36,100,97,5.8,1020,9,7,169,19
2018-12-28 12:00:00,13,6,0.0,3.4,2,3,55,11:43 PM,11:44 AM,07:20 AM,04:36 PM,11,9,11,9,39,100,96,0.0,1015,11,10,183,21
2018-12-28 15:00:00,13,6,0.0,3.4,2,3,55,11:43 PM,11:44 AM,07:20 AM,04:36 PM,12,11,13,11,33,100,96,6.1,1013,13,7,220,17
2018-12-28 18:00:00,13,6,0.0,3.4,2,0,55,11:43 PM,11:44 AM,07:20 AM,04:36 PM,12,11,12,11,21,100,98,0.0,1011,12,0,228,10
2018-12-28 21:00:00,13,6,0.0,3.4,2,0,55,11:43 PM,11:44 AM,07:20 AM,04:36 PM,11,10,12,10,28,78,96,0.0,1011,12,10,255,15
2018-12-29 00:00:00,11,5,0.0,8.7,2,0,48,No moonrise,12:15 PM,07:20 AM,04:37 PM,10,10,11,10,18,58,95,0.0,1011,11,2,254,10
2018-12-29 03:00:00,11,5,0.0,8.7,2,0,48,No moonrise,12:15 PM,07:20 AM,04:37 PM,9,8,10,8,29,12,92,0.0,1012,10,10,267,16
2018-12-29 06:00:00,11,5,0.0,8.7,2,0,48,No moonrise,12:15 PM,07:20 AM,04:37 PM,7,8,10,8,29,0,80,0.0,1014,10,10,260,17
2018-12-29 09:00:00,11,5,0.0,8.7,2,3,48,No moonrise,12:15 PM,07:20 AM,04:37 PM,1,5,9,5,33,0,60,0.0,1017,8,10,306,23
2018-12-29 12:00:00,11,5,0.0,8.7,2,3,48,No moonrise,12:15 PM,07:20 AM,04:37 PM,0,6,9,6,32,2,53,0.0,1017,9,10,305,24
2018-12-29 15:00:00,11,5,0.0,8.7,2,3,48,No moonrise,12:15 PM,07:20 AM,04:37 PM,-1,5,8,5,32,12,53,0.0,1020,8,10,308,23
2018-12-29 18:00:00,11,5,0.0,8.7,2,0,48,No moonrise,12:15 PM,07:20 AM,04:37 PM,-1,3,6,3,25,9,59,0.0,1022,6,10,306,17
2018-12-29 21:00:00,11,5,0.0,8.7,2,0,48,No moonrise,12:15 PM,07:20 AM,04:37 PM,-2,1,5,1,23,27,59,0.0,1023,5,10,315,17
2018-12-30 00:00:00,4,2,0.1,3.4,2,0,40,12:50 AM,12:45 PM,07:20 AM,04:37 PM,-3,0,4,0,18,12,60,0.0,1022,3,10,344,14
2018-12-30 03:00:00,4,2,0.1,3.4,2,0,40,12:50 AM,12:45 PM,07:20 AM,04:37 PM,-4,1,3,1,12,14,57,0.0,1023,2,10,330,10
2018-12-30 06:00:00,4,2,0.1,3.4,2,0,40,12:50 AM,12:45 PM,07:20 AM,04:37 PM,-5,0,2,0,9,92,60,0.0,1024,2,10,24,7
2018-12-30 09:00:00,4,2,0.1,3.4,2,1,40,12:50 AM,12:45 PM,07:20 AM,04:37 PM,-4,2,3,2,5,94,61,0.1,1024,2,10,116,4
2018-12-30 12:00:00,4,2,0.1,3.4,2,1,40,12:50 AM,12:45 PM,07:20 AM,04:37 PM,-3,4,4,4,3,82,64,0.0,1023,3,10,142,3
2018-12-30 15:00:00,4,2,0.1,3.4,2,1,40,12:50 AM,12:45 PM,07:20 AM,04:37 PM,-2,3,4,3,8,64,64,0.0,1023,4,10,179,7
2018-12-30 18:00:00,4,2,0.1,3.4,2,0,40,12:50 AM,12:45 PM,07:20 AM,04:37 PM,-1,3,4,3,6,24,71,0.0,1025,3,10,175,5
2018-12-30 21:00:00,4,2,0.1,3.4,2,0,40,12:50 AM,12:45 PM,07:20 AM,04:37 PM,2,4,6,4,9,0,74,0.0,1026,3,10,193,8
2018-12-31 00:00:00,7,-1,0.0,5.2,2,0,36,01:55 AM,01:15 PM,07:20 AM,04:38 PM,0,4,5,4,6,12,73,0.0,1027,3,10,195,5
2018-12-31 03:00:00,7,-1,0.0,5.2,2,0,36,01:55 AM,01:15 PM,07:20 AM,04:38 PM,0,3,5,3,8,13,74,0.0,1027,3,10,200,6
2018-12-31 06:00:00,7,-1,0.0,5.2,2,0,36,01:55 AM,01:15 PM,07:20 AM,04:38 PM,0,4,4,4,4,37,79,0.0,1028,3,10,202,3
2018-12-31 09:00:00,7,-1,0.0,5.2,2,3,36,01:55 AM,01:15 PM,07:20 AM,04:38 PM,1,3,6,3,14,42,73,0.0,1028,5,10,155,10
2018-12-31 12:00:00,7,-1,0.0,5.2,2,2,36,01:55 AM,01:15 PM,07:20 AM,04:38 PM,2,4,7,4,21,100,72,0.0,1026,7,10,153,15
2018-12-31 15:00:00,7,-1,0.0,5.2,2,2,36,01:55 AM,01:15 PM,07:20 AM,04:38 PM,3,2,6,2,29,100,84,3.2,1024,6,7,147,20
2018-12-31 18:00:00,7,-1,0.0,5.2,2,0,36,01:55 AM,01:15 PM,07:20 AM,04:38 PM,5,2,6,2,36,100,91,11.2,1020,6,5,133,24
2018-12-31 21:00:00,7,-1,0.0,5.2,2,0,36,01:55 AM,01:15 PM,07:20 AM,04:38 PM,1,-2,0,-2,36,100,74,9.3,1020,-1,5,141,12
2019-01-01 00:00:00,11,8,0.0,6.9,2,0,26,02:59 AM,01:47 PM,07:20 AM,04:39 PM,9,0,2,0,37,100,89,13.9,1008,-0,5,163,15
2019-01-01 03:00:00,11,8,0.0,6.9,2,0,26,02:59 AM,01:47 PM,07:20 AM,04:39 PM,10,11,11,11,31,99,94,12.6,1005,10,4,215,16
2019-01-01 06:00:00,11,8,0.0,6.9,2,0,26,02:59 AM,01:47 PM,07:20 AM,04:39 PM,12,13,13,13,43,94,94,0.2,1004,12,4,241,21
2019-01-01 09:00:00,11,8,0.0,6.9,2,4,26,02:59 AM,01:47 PM,07:20 AM,04:39 PM,9,12,12,12,48,66,86,0.2,1006,11,9,266,21
2019-01-01 12:00:00,11,8,0.0,6.9,2,4,26,02:59 AM,01:47 PM,07:20 AM,04:39 PM,6,11,11,11,41,14,74,0.0,1009,10,10,289,14
2019-01-01 15:00:00,11,8,0.0,6.9,2,3,26,02:59 AM,01:47 PM,07:20 AM,04:39 PM,2,10,10,10,33,0,55,0.0,1013,10,10,310,20
2019-01-01 18:00:00,11,8,0.0,6.9,2,0,26,02:59 AM,01:47 PM,07:20 AM,04:39 PM,1,9,9,9,33,0,56,0.0,1016,8,10,316,14
2019-01-01 21:00:00,11,8,0.0,6.9,2,0,26,02:59 AM,01:47 PM,07:20 AM,04:39 PM,1,7,8,7,30,1,61,0.0,1017,7,10,320,12
2019-01-02 00:00:00,4,0,0.0,8.7,2,0,19,04:02 AM,02:22 PM,07:20 AM,04:40 PM,-1,3,5,3,25,4,64,0.0,1019,4,10,324,12
2019-01-02 03:00:00,4,0,0.0,8.7,2,0,19,04:02 AM,02:22 PM,07:20 AM,04:40 PM,-4,-1,2,-1,17,6,64,0.0,1022,1,10,324,10
2019-01-02 06:00:00,4,0,0.0,8.7,2,0,19,04:02 AM,02:22 PM,07:20 AM,04:40 PM,-5,-3,0,-3,15,9,65,0.0,1025,-1,10,330,12
2019-01-02 09:00:00,4,0,0.0,8.7,2,2,19,04:02 AM,02:22 PM,07:20 AM,04:40 PM,-5,-1,2,-1,12,11,60,0.0,1023,2,10,232,12
2019-01-02 12:00:00,4,0,0.0,8.7,2,2,19,04:02 AM,02:22 PM,07:20 AM,04:40 PM,-5,2,4,2,7,8,50,0.0,1022,4,10,49,13
2019-01-02 15:00:00,4,0,0.0,8.7,2,2,19,04:02 AM,02:22 PM,07:20 AM,04:40 PM,-10,2,3,2,8,8,38,0.0,1026,2,10,114,8
2019-01-02 18:00:00,4,0,0.0,8.7,2,0,19,04:02 AM,02:22 PM,07:20 AM,04:40 PM,-8,-0,2,-0,12,9,48,0.0,1026,1,10,143,7
2019-01-02 21:00:00,4,0,0.0,8.7,2,0,19,04:02 AM,02:22 PM,07:20 AM,04:40 PM,-7,-3,0,-3,15,30,53,0.0,1025,-2,10,151,6
2019-01-03 00:00:00,5,1,0.0,7.0,1,0,11,05:03 AM,03:01 PM,07:20 AM,04:41 PM,-5,-4,-1,-4,18,77,62,0.0,1023,-4,10,153,8
2019-01-03 03:00:00,5,1,0.0,7.0,1,0,11,05:03 AM,03:01 PM,07:20 AM,04:41 PM,-3,0,2,0,13,100,69,0.2,1022,1,7,168,8
2019-01-03 06:00:00,5,1,0.0,7.0,1,0,11,05:03 AM,03:01 PM,07:20 AM,04:41 PM,-2,-0,2,-0,14,91,73,0.5,1021,1,3,208,10
2019-01-03 09:00:00,5,1,0.0,7.0,1,2,11,05:03 AM,03:01 PM,07:20 AM,04:41 PM,-2,-1,2,-1,22,63,72,0.3,1019,2,7,258,10
2019-01-03 12:00:00,5,1,0.0,7.0,1,2,11,05:03 AM,03:01 PM,07:20 AM,04:41 PM,-2,1,4,1,25,27,66,0.0,1018,3,10,298,9
2019-01-03 15:00:00,5,1,0.0,7.0,1,3,11,05:03 AM,03:01 PM,07:20 AM,04:41 PM,-2,4,6,4,21,0,57,0.0,1016,5,10,312,10
2019-01-03 18:00:00,5,1,0.0,7.0,1,0,11,05:03 AM,03:01 PM,07:20 AM,04:41 PM,-2,3,5,3,16,0,57,0.0,1015,5,10,311,14
2019-01-03 21:00:00,5,1,0.0,7.0,1,0,11,05:03 AM,03:01 PM,07:20 AM,04:41 PM,-3,1,3,1,10,1,61,0.0,1016,3,10,292,9
2019-01-04 00:00:00,7,1,0.0,7.0,2,0,4,06:00 AM,03:45 PM,07:21 AM,04:42 PM,-3,0,2,0,7,3,68,0.0,1016,1,10,250,6
2019-01-04 03:00:00,7,1,0.0,7.0,2,0,4,06:00 AM,03:45 PM,07:21 AM,04:42 PM,-3,0,2,0,11,0,71,0.0,1017,1,10,247,9
2019-01-04 06:00:00,7,1,0.0,7.0,2,0,4,06:00 AM,03:45 PM,07:21 AM,04:42 PM,-3,-0,2,-0,13,0,73,0.0,1016,1,10,247,10
2019-01-04 09:00:00,7,1,0.0,7.0,2,2,4,06:00 AM,03:45 PM,07:21 AM,04:42 PM,-2,0,3,0,15,5,72,0.0,1013,3,10,242,10
2019-01-04 12:00:00,7,1,0.0,7.0,2,2,4,06:00 AM,03:45 PM,07:21 AM,04:42 PM,1,4,7,4,20,34,69,0.0,1003,6,10,237,17
2019-01-04 15:00:00,7,1,0.0,7.0,2,2,4,06:00 AM,03:45 PM,07:21 AM,04:42 PM,2,5,8,5,23,78,69,0.0,1001,7,10,233,17
2019-01-04 18:00:00,7,1,0.0,7.0,2,0,4,06:00 AM,03:45 PM,07:21 AM,04:42 PM,2,3,7,3,20,78,71,0.0,1000,6,10,225,21
2019-01-04 21:00:00,7,1,0.0,7.0,2,0,4,06:00 AM,03:45 PM,07:21 AM,04:42 PM,1,3,6,3,13,62,73,0.0,1005,5,10,206,15
2019-01-05 00:00:00,6,3,0.0,3.5,2,0,0,06:54 AM,04:33 PM,07:20 AM,04:43 PM,-1,2,4,2,8,56,72,0.1,1013,3,7,162,7
2019-01-05 03:00:00,6,3,0.0,3.5,2,0,0,06:54 AM,04:33 PM,07:20 AM,04:43 PM,-4,-1,2,-1,10,100,68,3.6,1012,1,3,91,11
2019-01-05 06:00:00,6,3,0.0,3.5,2,0,0,06:54 AM,04:33 PM,07:20 AM,04:43 PM,-3,-1,2,-1,21,100,70,11.6,1009,1,5,49,14
2019-01-05 09:00:00,6,3,0.0,3.5,2,1,0,06:54 AM,04:33 PM,07:20 AM,04:43 PM,1,1,5,1,25,100,75,9.9,1005,4,6,48,15
2019-01-05 12:00:00,6,3,0.0,3.5,2,2,0,06:54 AM,04:33 PM,07:20 AM,04:43 PM,4,4,7,4,24,100,84,1.0,1003,6,9,36,12
2019-01-05 15:00:00,6,3,0.0,3.5,2,2,0,06:54 AM,04:33 PM,07:20 AM,04:43 PM,3,4,7,4,25,100,76,0.5,1005,6,9,130,13
2019-01-05 18:00:00,6,3,0.0,3.5,2,0,0,06:54 AM,04:33 PM,07:20 AM,04:43 PM,-2,3,6,3,26,91,59,1.1,1015,5,9,339,14
2019-01-05 21:00:00,6,3,0.0,3.5,2,0,0,06:54 AM,04:33 PM,07:20 AM,04:43 PM,-1,2,5,2,22,50,65,0.0,1014,4,10,318,12
2019-01-06 00:00:00,7,3,0.0,8.7,3,0,0,07:43 AM,05:25 PM,07:20 AM,04:44 PM,0,2,5,2,22,4,72,0.0,1008,4,10,304,13
2019-01-06 03:00:00,7,3,0.0,8.7,3,0,0,07:43 AM,05:25 PM,07:20 AM,04:44 PM,0,1,4,1,21,5,76,0.0,1010,3,10,297,10
2019-01-06 06:00:00,7,3,0.0,8.7,3,0,0,07:43 AM,05:25 PM,07:20 AM,04:44 PM,-1,0,3,0,21,21,73,0.0,1012,3,10,276,10
2019-01-06 09:00:00,7,3,0.0,8.7,3,2,0,07:43 AM,05:25 PM,07:20 AM,04:44 PM,-0,2,5,2,24,50,70,0.0,1014,4,10,268,15
2019-01-06 12:00:00,7,3,0.0,8.7,3,2,0,07:43 AM,05:25 PM,07:20 AM,04:44 PM,-1,4,7,4,30,48,60,0.0,1018,6,10,301,15
2019-01-06 15:00:00,7,3,0.0,8.7,3,3,0,07:43 AM,05:25 PM,07:20 AM,04:44 PM,-2,5,7,5,34,56,51,0.0,1017,7,10,316,15
2019-01-06 18:00:00,7,3,0.0,8.7,3,0,0,07:43 AM,05:25 PM,07:20 AM,04:44 PM,-6,1,5,1,33,28,46,0.0,1019,4,10,321,20
2019-01-06 21:00:00,7,3,0.0,8.7,3,0,0,07:43 AM,05:25 PM,07:20 AM,04:44 PM,-7,-1,3,-1,32,5,50,0.0,1022,2,10,327,17
2019-01-07 00:00:00,3,-5,0.0,8.7,2,0,3,08:25 AM,06:20 PM,07:20 AM,04:45 PM,-4,0,3,0,30,4,59,0.0,1023,2,10,336,9
2019-01-07 03:00:00,3,-5,0.0,8.7,2,0,3,08:25 AM,06:20 PM,07:20 AM,04:45 PM,-5,-1,2,-1,22,13,59,0.0,1024,1,10,339,6
2019-01-07 06:00:00,3,-5,0.0,8.7,2,0,3,08:25 AM,06:20 PM,07:20 AM,04:45 PM,-11,-5,-2,-5,16,23,52,0.0,1029,-3,10,347,9
2019-01-07 09:00:00,3,-5,0.0,8.7,2,2,3,08:25 AM,06:20 PM,07:20 AM,04:45 PM,-10,-5,-2,-5,14,38,52,0.0,1031,-3,10,238,10
2019-01-07 12:00:00,3,-5,0.0,8.7,2,2,3,08:25 AM,06:20 PM,07:20 AM,04:45 PM,-6,1,3,1,10,49,50,0.0,1026,3,10,10,8
2019-01-07 15:00:00,3,-5,0.0,8.7,2,2,3,08:25 AM,06:20 PM,07:20 AM,04:45 PM,-8,1,3,1,8,53,45,0.0,1026,2,10,50,6
2019-01-07 18:00:00,3,-5,0.0,8.7,2,0,3,08:25 AM,06:20 PM,07:20 AM,04:45 PM,-9,-3,-1,-3,8,66,46,0.0,1027,-2,10,135,5
2019-01-07 21:00:00,3,-5,0.0,8.7,2,0,3,08:25 AM,06:20 PM,07:20 AM,04:45 PM,-4,-6,-3,-6,14,81,60,0.0,1023,-6,10,156,9
2019-01-08 00:00:00,7,6,0.0,3.5,2,0,10,09:03 AM,07:17 PM,07:20 AM,04:46 PM,-2,-6,-3,-6,16,89,67,0.0,1021,-6,10,162,11
2019-01-08 03:00:00,7,6,0.0,3.5,2,0,10,09:03 AM,07:17 PM,07:20 AM,04:46 PM,1,1,4,1,14,100,76,0.3,1018,4,10,184,12
2019-01-08 06:00:00,7,6,0.0,3.5,2,0,10,09:03 AM,07:17 PM,07:20 AM,04:46 PM,4,3,6,3,13,100,87,1.4,1017,5,9,188,13
2019-01-08 09:00:00,7,6,0.0,3.5,2,2,10,09:03 AM,07:17 PM,07:20 AM,04:46 PM,5,5,7,5,15,100,89,1.7,1013,7,7,184,14
2019-01-08 12:00:00,7,6,0.0,3.5,2,2,10,09:03 AM,07:17 PM,07:20 AM,04:46 PM,6,5,8,5,10,94,86,0.3,1010,7,5,195,11
2019-01-08 15:00:00,7,6,0.0,3.5,2,2,10,09:03 AM,07:17 PM,07:20 AM,04:46 PM,6,6,7,6,11,89,88,0.3,1010,6,7,199,5
2019-01-08 18:00:00,7,6,0.0,3.5,2,0,10,09:03 AM,07:17 PM,07:20 AM,04:46 PM,6,6,7,6,13,100,88,0.4,1008,6,1,208,5
2019-01-08 21:00:00,7,6,0.0,3.5,2,0,10,09:03 AM,07:17 PM,07:20 AM,04:46 PM,4,4,7,4,12,100,81,0.0,1008,6,3,202,9
2019-01-09 00:00:00,6,3,0.0,8.7,1,0,18,09:37 AM,08:14 PM,07:20 AM,04:47 PM,2,3,6,3,9,100,79,0.1,1007,5,7,194,11
2019-01-09 03:00:00,6,3,0.0,8.7,1,0,18,09:37 AM,08:14 PM,07:20 AM,04:47 PM,2,3,6,3,21,93,81,0.1,1004,5,4,254,15
2019-01-09 06:00:00,6,3,0.0,8.7,1,0,18,09:37 AM,08:14 PM,07:20 AM,04:47 PM,2,3,7,3,39,56,74,0.1,999,6,9,272,24
2019-01-09 09:00:00,6,3,0.0,8.7,1,3,18,09:37 AM,08:14 PM,07:20 AM,04:47 PM,-0,2,6,2,38,9,64,0.0,999,6,10,276,27
2019-01-09 12:00:00,6,3,0.0,8.7,1,3,18,09:37 AM,08:14 PM,07:20 AM,04:47 PM,-1,2,6,2,33,15,60,0.0,1002,6,10,285,27
2019-01-09 15:00:00,6,3,0.0,8.7,1,2,18,09:37 AM,08:14 PM,07:20 AM,04:47 PM,-3,1,5,1,34,37,61,0.0,1008,4,10,293,22
2019-01-09 18:00:00,6,3,0.0,8.7,1,0,18,09:37 AM,08:14 PM,07:20 AM,04:47 PM,-3,-0,4,-0,36,60,61,0.0,1011,3,10,294,19
2019-01-09 21:00:00,6,3,0.0,8.7,1,0,18,09:37 AM,08:14 PM,07:20 AM,04:47 PM,-4,-2,3,-2,37,49,64,0.0,1009,2,10,292,20
2019-01-10 00:00:00,2,0,0.0,5.2,1,0,25,10:07 AM,09:12 PM,07:20 AM,04:48 PM,-7,-4,1,-4,37,48,60,0.0,1008,-0,10,291,18
2019-01-10 03:00:00,2,0,0.0,5.2,1,0,25,10:07 AM,09:12 PM,07:20 AM,04:48 PM,-6,-6,-1,-6,35,97,73,0.0,1018,-2,10,291,13
2019-01-10 06:00:00,2,0,0.0,5.2,1,0,25,10:07 AM,09:12 PM,07:20 AM,04:48 PM,-5,-4,0,-4,35,84,69,0.1,1017,-1,10,298,15
2019-01-10 09:00:00,2,0,0.0,5.2,1,2,25,10:07 AM,09:12 PM,07:20 AM,04:48 PM,-6,-3,1,-3,38,56,59,0.1,1016,1,10,307,18
2019-01-10 12:00:00,2,0,0.0,5.2,1,1,25,10:07 AM,09:12 PM,07:20 AM,04:48 PM,-6,-3,2,-3,39,74,51,0.0,1013,2,10,311,25
2019-01-10 15:00:00,2,0,0.0,5.2,1,2,25,10:07 AM,09:12 PM,07:20 AM,04:48 PM,-7,-3,2,-3,36,75,47,0.0,1014,2,10,312,22
2019-01-10 18:00:00,2,0,0.0,5.2,1,0,25,10:07 AM,09:12 PM,07:20 AM,04:48 PM,-8,-4,1,-4,36,21,51,0.0,1017,-0,10,314,21
2019-01-10 21:00:00,2,0,0.0,5.2,1,0,25,10:07 AM,09:12 PM,07:20 AM,04:48 PM,-9,-5,-0,-5,35,10,52,0.0,1019,-1,10,315,17
2019-01-11 00:00:00,-2,-5,0.0,8.7,2,0,32,10:35 AM,10:09 PM,07:20 AM,04:49 PM,-9,-6,-1,-6,32,5,54,0.0,1020,-2,10,314,14
2019-01-11 03:00:00,-2,-5,0.0,8.7,2,0,32,10:35 AM,10:09 PM,07:20 AM,04:49 PM,-11,-8,-2,-8,31,3,54,0.0,1022,-3,10,315,14
2019-01-11 06:00:00,-2,-5,0.0,8.7,2,0,32,10:35 AM,10:09 PM,07:20 AM,04:49 PM,-12,-9,-3,-9,31,5,49,0.0,1024,-4,10,316,17
2019-01-11 09:00:00,-2,-5,0.0,8.7,2,2,32,10:35 AM,10:09 PM,07:20 AM,04:49 PM,-13,-10,-4,-10,30,9,46,0.0,1024,-5,10,317,18
2019-01-11 12:00:00,-2,-5,0.0,8.7,2,2,32,10:35 AM,10:09 PM,07:20 AM,04:49 PM,-15,-8,-2,-8,26,14,38,0.0,1023,-3,10,315,20
2019-01-11 15:00:00,-2,-5,0.0,8.7,2,2,32,10:35 AM,10:09 PM,07:20 AM,04:49 PM,-15,-7,-1,-7,26,13,34,0.0,1025,-2,10,313,21
2019-01-11 18:00:00,-2,-5,0.0,8.7,2,0,32,10:35 AM,10:09 PM,07:20 AM,04:49 PM,-13,-6,-1,-6,27,8,39,0.0,1029,-2,10,322,14
2019-01-11 21:00:00,-2,-5,0.0,8.7,2,0,32,10:35 AM,10:09 PM,07:20 AM,04:49 PM,-12,-6,-2,-6,22,6,47,0.0,1029,-3,10,327,8
2019-01-12 00:00:00,0,-4,0.0,8.7,2,0,39,11:01 AM,11:08 PM,07:19 AM,04:50 PM,-13,-7,-3,-7,15,4,48,0.0,1030,-4,10,318,9
2019-01-12 03:00:00,0,-4,0.0,8.7,2,0,39,11:01 AM,11:08 PM,07:19 AM,04:50 PM,-13,-9,-5,-9,14,12,50,0.0,1031,-6,10,309,9
2019-01-12 06:00:00,0,-4,0.0,8.7,2,0,39,11:01 AM,11:08 PM,07:19 AM,04:50 PM,-10,-6,-3,-6,13,26,56,0.0,1032,-4,10,317,6
2019-01-12 09:00:00,0,-4,0.0,8.7,2,2,39,11:01 AM,11:08 PM,07:19 AM,04:50 PM,-11,-6,-3,-6,11,31,51,0.0,1034,-4,10,316,7
2019-01-12 12:00:00,0,-4,0.0,8.7,2,2,39,11:01 AM,11:08 PM,07:19 AM,04:50 PM,-11,-4,-1,-4,9,28,45,0.0,1033,-2,10,317,5
2019-01-12 15:00:00,0,-4,0.0,8.7,2,1,39,11:01 AM,11:08 PM,07:19 AM,04:50 PM,-9,-1,1,-1,8,36,48,0.0,1030,0,10,309,6
2019-01-12 18:00:00,0,-4,0.0,8.7,2,0,39,11:01 AM,11:08 PM,07:19 AM,04:50 PM,-7,-1,1,-1,6,68,58,0.0,1031,0,10,311,7
2019-01-12 21:00:00,0,-4,0.0,8.7,2,0,39,11:01 AM,11:08 PM,07:19 AM,04:50 PM,-6,-2,1,-2,7,83,61,0.0,1031,-0,10,331,6
2019-01-13 00:00:00,-1,-2,0.1,3.5,1,0,47,11:28 AM,No moonset,07:19 AM,04:51 PM,-8,-3,-1,-3,9,97,59,0.0,1031,-2,10,238,7
2019-01-13 03:00:00,-1,-2,0.1,3.5,1,0,47,11:28 AM,No moonset,07:19 AM,04:51 PM,-11,-4,-3,-4,9,97,55,0.0,1032,-4,10,29,5
2019-01-13 06:00:00,-1,-2,0.1,3.5,1,0,47,11:28 AM,No moonset,07:19 AM,04:51 PM,-9,-7,-3,-7,10,92,61,0.1,1030,-4,8,30,8
2019-01-13 09:00:00,-1,-2,0.1,3.5,1,1,47,11:28 AM,No moonset,07:19 AM,04:51 PM,-7,-6,-1,-6,12,85,65,0.1,1028,-2,7,41,13
2019-01-13 12:00:00,-1,-2,0.1,3.5,1,1,47,11:28 AM,No moonset,07:19 AM,04:51 PM,-9,-5,-1,-5,15,70,52,0.1,1030,-2,10,45,11
2019-01-13 15:00:00,-1,-2,0.1,3.5,1,2,47,11:28 AM,No moonset,07:19 AM,04:51 PM,-10,-4,0,-4,18,66,46,0.1,1028,-1,10,47,12
2019-01-13 18:00:00,-1,-2,0.1,3.5,1,0,47,11:28 AM,No moonset,07:19 AM,04:51 PM,-11,-5,-1,-5,20,39,44,0.0,1027,-2,10,47,13
2019-01-13 21:00:00,-1,-2,0.1,3.5,1,0,47,11:28 AM,No moonset,07:19 AM,04:51 PM,-12,-7,-2,-7,22,82,46,0.0,1028,-3,10,43,14
2019-01-14 00:00:00,0,-6,0.0,8.7,1,0,54,11:56 AM,12:08 AM,07:19 AM,04:52 PM,-13,-8,-3,-8,24,100,51,0.0,1027,-4,10,36,16
2019-01-14 03:00:00,0,-6,0.0,8.7,1,0,54,11:56 AM,12:08 AM,07:19 AM,04:52 PM,-12,-9,-4,-9,24,79,56,0.0,1026,-5,10,28,15
2019-01-14 06:00:00,0,-6,0.0,8.7,1,0,54,11:56 AM,12:08 AM,07:19 AM,04:52 PM,-12,-10,-5,-10,23,32,60,0.0,1025,-6,10,21,15
2019-01-14 09:00:00,0,-6,0.0,8.7,1,2,54,11:56 AM,12:08 AM,07:19 AM,04:52 PM,-11,-9,-4,-9,19,16,58,0.0,1025,-5,10,18,15
2019-01-14 12:00:00,0,-6,0.0,8.7,1,2,54,11:56 AM,12:08 AM,07:19 AM,04:52 PM,-11,-6,-1,-6,15,4,45,0.0,1024,-2,10,130,15
2019-01-14 15:00:00,0,-6,0.0,8.7,1,2,54,11:56 AM,12:08 AM,07:19 AM,04:52 PM,-12,-3,0,-3,12,1,40,0.0,1022,-1,10,353,9
2019-01-14 18:00:00,0,-6,0.0,8.7,1,0,54,11:56 AM,12:08 AM,07:19 AM,04:52 PM,-11,-2,0,-2,8,8,43,0.0,1021,-1,10,337,4
2019-01-14 21:00:00,0,-6,0.0,8.7,1,0,54,11:56 AM,12:08 AM,07:19 AM,04:52 PM,-12,-3,-1,-3,8,15,46,0.0,1021,-2,10,324,5
2019-01-15 00:00:00,3,-5,0.0,8.7,2,0,61,12:26 PM,01:10 AM,07:18 AM,04:53 PM,-11,-5,-2,-5,8,17,51,0.0,1021,-3,10,312,6
2019-01-15 03:00:00,3,-5,0.0,8.7,2,0,61,12:26 PM,01:10 AM,07:18 AM,04:53 PM,-11,-6,-3,-6,9,27,56,0.0,1020,-4,10,322,6
2019-01-15 06:00:00,3,-5,0.0,8.7,2,0,61,12:26 PM,01:10 AM,07:18 AM,04:53 PM,-11,-7,-4,-7,8,28,57,0.0,1020,-5,10,317,7
2019-01-15 09:00:00,3,-5,0.0,8.7,2,2,61,12:26 PM,01:10 AM,07:18 AM,04:53 PM,-10,-5,-2,-5,8,19,54,0.0,1021,-3,10,317,9
2019-01-15 12:00:00,3,-5,0.0,8.7,2,2,61,12:26 PM,01:10 AM,07:18 AM,04:53 PM,-7,-1,3,-1,7,8,50,0.0,1020,2,10,313,14
2019-01-15 15:00:00,3,-5,0.0,8.7,2,1,61,12:26 PM,01:10 AM,07:18 AM,04:53 PM,-6,1,3,1,7,34,48,0.0,1020,3,10,290,10
2019-01-15 18:00:00,3,-5,0.0,8.7,2,0,61,12:26 PM,01:10 AM,07:18 AM,04:53 PM,-7,-1,1,-1,7,58,51,0.0,1019,1,10,264,5
2019-01-15 21:00:00,3,-5,0.0,8.7,2,0,61,12:26 PM,01:10 AM,07:18 AM,04:53 PM,-8,-2,-0,-2,8,9,58,0.0,1020,-1,10,264,7
2019-01-16 00:00:00,4,-3,0.0,8.7,2,0,69,01:00 PM,02:15 AM,07:18 AM,04:54 PM,-7,-2,-1,-2,7,10,65,0.0,1019,-2,10,255,8
2019-01-16 03:00:00,4,-3,0.0,8.7,2,0,69,01:00 PM,02:15 AM,07:18 AM,04:54 PM,-7,-5,-2,-5,11,7,68,0.0,1018,-3,10,232,9
2019-01-16 06:00:00,4,-3,0.0,8.7,2,0,69,01:00 PM,02:15 AM,07:18 AM,04:54 PM,-7,-6,-2,-6,18,13,69,0.0,1018,-3,10,240,10
2019-01-16 09:00:00,4,-3,0.0,8.7,2,2,69,01:00 PM,02:15 AM,07:18 AM,04:54 PM,-5,-4,-0,-4,23,26,66,0.0,1019,-1,10,256,13
2019-01-16 12:00:00,4,-3,0.0,8.7,2,2,69,01:00 PM,02:15 AM,07:18 AM,04:54 PM,-4,1,4,1,24,27,57,0.0,1018,3,10,260,10
2019-01-16 15:00:00,4,-3,0.0,8.7,2,1,69,01:00 PM,02:15 AM,07:18 AM,04:54 PM,-4,1,4,1,25,47,57,0.0,1017,4,10,253,10
2019-01-16 18:00:00,4,-3,0.0,8.7,2,0,69,01:00 PM,02:15 AM,07:18 AM,04:54 PM,-3,-1,2,-1,22,76,64,0.0,1018,2,10,260,10
2019-01-16 21:00:00,4,-3,0.0,8.7,2,0,69,01:00 PM,02:15 AM,07:18 AM,04:54 PM,-5,-3,1,-3,18,48,63,0.0,1019,-0,10,286,12
2019-01-17 00:00:00,-1,-6,0.0,5.2,2,0,76,01:40 PM,03:22 AM,07:17 AM,04:55 PM,-9,-4,-0,-4,18,23,53,0.0,1021,-1,10,313,13
2019-01-17 03:00:00,-1,-6,0.0,5.2,2,0,76,01:40 PM,03:22 AM,07:17 AM,04:55 PM,-11,-6,-2,-6,19,6,50,0.0,1024,-3,10,331,13
2019-01-17 06:00:00,-1,-6,0.0,5.2,2,0,76,01:40 PM,03:22 AM,07:17 AM,04:55 PM,-14,-9,-4,-9,14,18,48,0.0,1024,-5,10,339,13
2019-01-17 09:00:00,-1,-6,0.0,5.2,2,1,76,01:40 PM,03:22 AM,07:17 AM,04:55 PM,-15,-9,-4,-9,10,57,43,0.0,1026,-5,10,239,10
2019-01-17 12:00:00,-1,-6,0.0,5.2,2,1,76,01:40 PM,03:22 AM,07:17 AM,04:55 PM,-16,-5,-2,-5,7,99,34,0.0,1026,-3,10,51,7
2019-01-17 15:00:00,-1,-6,0.0,5.2,2,2,76,01:40 PM,03:22 AM,07:17 AM,04:55 PM,-15,-3,-0,-3,9,83,33,0.0,1026,-1,10,123,6
2019-01-17 18:00:00,-1,-6,0.0,5.2,2,0,76,01:40 PM,03:22 AM,07:17 AM,04:55 PM,-14,-4,-1,-4,11,61,39,0.0,1026,-2,10,155,7
2019-01-17 21:00:00,-1,-6,0.0,5.2,2,0,76,01:40 PM,03:22 AM,07:17 AM,04:55 PM,-14,-4,-2,-4,13,91,41,0.0,1026,-3,10,148,8
2019-01-18 00:00:00,4,0,0.3,3.5,1,0,83,02:28 PM,04:30 AM,07:17 AM,04:57 PM,-12,-5,-2,-5,14,100,49,0.0,1025,-3,10,121,6
2019-01-18 03:00:00,4,0,0.3,3.5,1,0,83,02:28 PM,04:30 AM,07:17 AM,04:57 PM,-8,-4,-2,-4,14,100,64,0.1,1022,-3,8,108,4
2019-01-18 06:00:00,4,0,0.3,3.5,1,0,83,02:28 PM,04:30 AM,07:17 AM,04:57 PM,-2,0,0,0,12,100,85,0.2,1017,-1,4,83,3
2019-01-18 09:00:00,4,0,0.3,3.5,1,1,83,02:28 PM,04:30 AM,07:17 AM,04:57 PM,-1,0,1,0,10,100,82,0.2,1017,1,5,63,4
2019-01-18 12:00:00,4,0,0.3,3.5,1,1,83,02:28 PM,04:30 AM,07:17 AM,04:57 PM,-1,0,3,0,5,100,70,0.1,1017,2,10,45,7
2019-01-18 15:00:00,4,0,0.3,3.5,1,2,83,02:28 PM,04:30 AM,07:17 AM,04:57 PM,-0,2,4,2,4,84,71,0.0,1015,4,10,89,9
2019-01-18 18:00:00,4,0,0.3,3.5,1,0,83,02:28 PM,04:30 AM,07:17 AM,04:57 PM,-1,1,3,1,11,44,75,0.0,1017,2,10,249,9
2019-01-18 21:00:00,4,0,0.3,3.5,1,0,83,02:28 PM,04:30 AM,07:17 AM,04:57 PM,-2,-1,2,-1,13,20,75,0.0,1018,2,10,268,8
2019-01-19 00:00:00,2,-3,0.0,5.3,2,0,90,03:26 PM,05:38 AM,07:16 AM,04:58 PM,-3,-2,1,-2,12,9,74,0.0,1020,0,10,300,7
2019-01-19 03:00:00,2,-3,0.0,5.3,2,0,90,03:26 PM,05:38 AM,07:16 AM,04:58 PM,-3,-3,0,-3,13,15,77,0.0,1020,-1,10,312,6
2019-01-19 06:00:00,2,-3,0.0,5.3,2,0,90,03:26 PM,05:38 AM,07:16 AM,04:58 PM,-6,-6,-2,-6,10,18,71,0.0,1025,-3,10,217,7
2019-01-19 09:00:00,2,-3,0.0,5.3,2,1,90,03:26 PM,05:38 AM,07:16 AM,04:58 PM,-7,-5,-1,-5,9,44,64,0.0,1026,-2,10,38,8
2019-01-19 12:00:00,2,-3,0.0,5.3,2,1,90,03:26 PM,05:38 AM,07:16 AM,04:58 PM,-7,-1,2,-1,13,86,56,0.0,1025,1,10,95,9
2019-01-19 15:00:00,2,-3,0.0,5.3,2,1,90,03:26 PM,05:38 AM,07:16 AM,04:58 PM,-5,-1,3,-1,17,87,60,0.0,1022,2,10,113,9
2019-01-19 18:00:00,2,-3,0.0,5.3,2,0,90,03:26 PM,05:38 AM,07:16 AM,04:58 PM,-2,-2,2,-2,22,90,74,0.0,1020,1,8,109,11
2019-01-19 21:00:00,2,-3,0.0,5.3,2,0,90,03:26 PM,05:38 AM,07:16 AM,04:58 PM,0,-3,1,-3,31,100,84,1.8,1017,-1,6,100,15
2019-01-20 00:00:00,8,-4,0.0,3.5,1,0,98,04:32 PM,06:41 AM,07:16 AM,04:59 PM,1,-4,1,-4,35,100,85,10.6,1012,-2,6,86,17
2019-01-20 03:00:00,8,-4,0.0,3.5,1,0,98,04:32 PM,06:41 AM,07:16 AM,04:59 PM,1,-1,3,-1,25,100,88,18.9,1004,2,5,91,18
2019-01-20 06:00:00,8,-4,0.0,3.5,1,0,98,04:32 PM,06:41 AM,07:16 AM,04:59 PM,4,3,6,3,30,100,90,13.8,996,5,5,148,15
2019-01-20 09:00:00,8,-4,0.0,3.5,1,2,98,04:32 PM,06:41 AM,07:16 AM,04:59 PM,8,6,8,6,44,100,94,10.9,992,8,6,182,15
2019-01-20 12:00:00,8,-4,0.0,3.5,1,2,98,04:32 PM,06:41 AM,07:16 AM,04:59 PM,6,6,8,6,36,100,92,1.7,991,7,8,223,18
2019-01-20 15:00:00,8,-4,0.0,3.5,1,1,98,04:32 PM,06:41 AM,07:16 AM,04:59 PM,-2,-3,2,-3,35,91,73,0.0,995,2,7,315,27
2019-01-20 18:00:00,8,-4,0.0,3.5,1,0,98,04:32 PM,06:41 AM,07:16 AM,04:59 PM,-9,-12,-4,-12,39,71,66,0.1,1002,-5,5,319,31
2019-01-20 21:00:00,8,-4,0.0,3.5,1,0,98,04:32 PM,06:41 AM,07:16 AM,04:59 PM,-13,-13,-6,-13,40,51,65,0.0,1005,-8,10,319,30
2019-01-21 00:00:00,-12,-14,0.0,3.7,2,0,100,05:45 PM,07:37 AM,07:15 AM,05:00 PM,-17,-12,-7,-12,37,22,60,0.0,1008,-10,10,315,26
2019-01-21 03:00:00,-12,-14,0.0,3.7,2,0,100,05:45 PM,07:37 AM,07:15 AM,05:00 PM,-17,-21,-11,-21,37,51,65,0.0,1010,-12,10,310,28
2019-01-21 06:00:00,-12,-14,0.0,3.7,2,0,100,05:45 PM,07:37 AM,07:15 AM,05:00 PM,-21,-24,-14,-24,36,95,53,0.0,1013,-15,10,303,26
2019-01-21 09:00:00,-12,-14,0.0,3.7,2,1,100,05:45 PM,07:37 AM,07:15 AM,05:00 PM,-21,-23,-13,-23,37,100,50,0.0,1015,-14,7,300,31
2019-01-21 12:00:00,-12,-14,0.0,3.7,2,1,100,05:45 PM,07:37 AM,07:15 AM,05:00 PM,-20,-22,-12,-22,37,100,55,0.1,1019,-13,2,302,30
2019-01-21 15:00:00,-12,-14,0.0,3.7,2,2,100,05:45 PM,07:37 AM,07:15 AM,05:00 PM,-20,-21,-11,-21,40,71,49,0.1,1021,-12,5,303,28
2019-01-21 18:00:00,-12,-14,0.0,3.7,2,0,100,05:45 PM,07:37 AM,07:15 AM,05:00 PM,-20,-21,-11,-21,42,8,46,0.0,1023,-12,10,307,26
2019-01-21 21:00:00,-12,-14,0.0,3.7,2,0,100,05:45 PM,07:37 AM,07:15 AM,05:00 PM,-18,-20,-13,-20,43,0,51,0.0,1027,-14,10,309,19
2019-01-22 00:00:00,-3,-13,0.0,8.7,2,0,88,07:00 PM,08:25 AM,07:15 AM,05:01 PM,-18,-18,-13,-18,40,0,52,0.0,1027,-16,10,309,15
2019-01-22 03:00:00,-3,-13,0.0,8.7,2,0,88,07:00 PM,08:25 AM,07:15 AM,05:01 PM,-19,-19,-12,-19,33,0,56,0.0,1031,-13,10,310,13
2019-01-22 06:00:00,-3,-13,0.0,8.7,2,0,88,07:00 PM,08:25 AM,07:15 AM,05:01 PM,-18,-18,-11,-18,27,0,56,0.0,1033,-12,10,309,12
2019-01-22 09:00:00,-3,-13,0.0,8.7,2,2,88,07:00 PM,08:25 AM,07:15 AM,05:01 PM,-16,-15,-10,-15,22,3,59,0.0,1035,-11,10,316,9
2019-01-22 12:00:00,-3,-13,0.0,8.7,2,2,88,07:00 PM,08:25 AM,07:15 AM,05:01 PM,-13,-9,-5,-9,13,8,52,0.0,1034,-6,10,314,9
2019-01-22 15:00:00,-3,-13,0.0,8.7,2,2,88,07:00 PM,08:25 AM,07:15 AM,05:01 PM,-14,-6,-3,-6,9,10,42,0.0,1033,-4,10,290,6
2019-01-22 18:00:00,-3,-13,0.0,8.7,2,0,88,07:00 PM,08:25 AM,07:15 AM,05:01 PM,-14,-5,-2,-5,7,27,38,0.0,1034,-3,10,252,6
2019-01-22 21:00:00,-3,-13,0.0,8.7,2,0,88,07:00 PM,08:25 AM,07:15 AM,05:01 PM,-13,-6,-3,-6,11,39,46,0.0,1033,-4,10,213,8
2019-01-23 00:00:00,5,0,0.0,5.4,2,0,81,08:15 PM,09:07 AM,07:14 AM,05:02 PM,-11,-7,-3,-7,15,31,51,0.0,1029,-4,10,197,10
2019-01-23 03:00:00,5,0,0.0,5.4,2,0,81,08:15 PM,09:07 AM,07:14 AM,05:02 PM,-9,-6,-2,-6,22,59,57,0.0,1026,-3,10,204,11
2019-01-23 06:00:00,5,0,0.0,5.4,2,0,81,08:15 PM,09:07 AM,07:14 AM,05:02 PM,-5,-4,-0,-4,26,75,70,0.0,1022,-1,10,209,12
2019-01-23 09:00:00,5,0,0.0,5.4,2,2,81,08:15 PM,09:07 AM,07:14 AM,05:02 PM,-1,-2,2,-2,26,51,83,0.0,1020,1,10,214,17
2019-01-23 12:00:00,5,0,0.0,5.4,2,1,81,08:15 PM,09:07 AM,07:14 AM,05:02 PM,1,1,4,1,26,73,81,0.0,1019,3,10,216,19
2019-01-23 15:00:00,5,0,0.0,5.4,2,2,81,08:15 PM,09:07 AM,07:14 AM,05:02 PM,1,4,6,4,24,100,72,0.0,1020,5,10,207,13
2019-01-23 18:00:00,5,0,0.0,5.4,2,0,81,08:15 PM,09:07 AM,07:14 AM,05:02 PM,3,3,5,3,19,100,78,0.1,1018,4,7,192,12
2019-01-23 21:00:00,5,0,0.0,5.4,2,0,81,08:15 PM,09:07 AM,07:14 AM,05:02 PM,5,-1,2,-1,26,99,83,0.1,1016,-1,5,193,16
2019-01-24 00:00:00,11,5,0.0,3.7,2,0,73,09:28 PM,09:43 AM,07:13 AM,05:04 PM,8,1,3,1,36,98,88,0.2,1013,1,7,198,22
2019-01-24 03:00:00,11,5,0.0,3.7,2,0,73,09:28 PM,09:43 AM,07:13 AM,05:04 PM,10,11,11,11,42,100,91,0.9,1009,11,4,195,22
2019-01-24 06:00:00,11,5,0.0,3.7,2,0,73,09:28 PM,09:43 AM,07:13 AM,05:04 PM,10,11,11,11,51,100,94,3.5,1005,10,8,189,22
2019-01-24 09:00:00,11,5,0.0,3.7,2,2,73,09:28 PM,09:43 AM,07:13 AM,05:04 PM,8,9,9,9,55,100,94,7.8,1001,8,6,185,14
2019-01-24 12:00:00,11,5,0.0,3.7,2,2,73,09:28 PM,09:43 AM,07:13 AM,05:04 PM,9,10,10,10,54,100,91,13.0,998,9,5,188,15
2019-01-24 15:00:00,11,5,0.0,3.7,2,2,73,09:28 PM,09:43 AM,07:13 AM,05:04 PM,7,9,10,9,47,95,82,15.6,997,9,6,229,16
2019-01-24 18:00:00,11,5,0.0,3.7,2,0,73,09:28 PM,09:43 AM,07:13 AM,05:04 PM,2,2,5,2,31,82,77,2.6,1004,5,7,294,14
2019-01-24 21:00:00,11,5,0.0,3.7,2,0,73,09:28 PM,09:43 AM,07:13 AM,05:04 PM,-1,0,4,0,29,61,74,1.7,1005,3,8,291,18
2019-01-25 00:00:00,1,-2,0.0,8.7,2,0,66,10:38 PM,10:16 AM,07:12 AM,05:05 PM,-0,-0,4,-0,31,17,76,0.0,1006,3,10,296,16
2019-01-25 03:00:00,1,-2,0.0,8.7,2,0,66,10:38 PM,10:16 AM,07:12 AM,05:05 PM,-1,-1,3,-1,23,1,74,0.0,1006,2,10,285,17
2019-01-25 06:00:00,1,-2,0.0,8.7,2,0,66,10:38 PM,10:16 AM,07:12 AM,05:05 PM,-2,-3,2,-3,19,7,76,0.0,1005,1,10,263,17
2019-01-25 09:00:00,1,-2,0.0,8.7,2,2,66,10:38 PM,10:16 AM,07:12 AM,05:05 PM,-3,-3,1,-3,26,19,73,0.0,1004,1,10,264,16
2019-01-25 12:00:00,1,-2,0.0,8.7,2,2,66,10:38 PM,10:16 AM,07:12 AM,05:05 PM,-6,-2,2,-2,28,30,58,0.0,1012,1,10,268,17
2019-01-25 15:00:00,1,-2,0.0,8.7,2,2,66,10:38 PM,10:16 AM,07:12 AM,05:05 PM,-10,-4,1,-4,31,29,44,0.0,1018,0,10,269,18
2019-01-25 18:00:00,1,-2,0.0,8.7,2,0,66,10:38 PM,10:16 AM,07:12 AM,05:05 PM,-13,-7,-2,-7,31,0,43,0.0,1020,-3,10,273,17
2019-01-25 21:00:00,1,-2,0.0,8.7,2,0,66,10:38 PM,10:16 AM,07:12 AM,05:05 PM,-14,-8,-3,-8,27,0,45,0.0,1022,-4,10,279,14
2019-01-26 00:00:00,-1,-6,0.0,7.0,2,0,59,11:46 PM,10:47 AM,07:12 AM,05:06 PM,-13,-9,-5,-9,21,1,51,0.0,1024,-6,10,284,13
2019-01-26 03:00:00,-1,-6,0.0,7.0,2,0,59,11:46 PM,10:47 AM,07:12 AM,05:06 PM,-14,-11,-6,-11,16,9,52,0.0,1025,-7,10,275,13
2019-01-26 06:00:00,-1,-6,0.0,7.0,2,0,59,11:46 PM,10:47 AM,07:12 AM,05:06 PM,-13,-10,-6,-10,16,15,55,0.0,1026,-7,10,272,10
2019-01-26 09:00:00,-1,-6,0.0,7.0,2,2,59,11:46 PM,10:47 AM,07:12 AM,05:06 PM,-13,-8,-4,-8,13,21,52,0.0,1026,-5,10,269,11
2019-01-26 12:00:00,-1,-6,0.0,7.0,2,1,59,11:46 PM,10:47 AM,07:12 AM,05:06 PM,-14,-5,-1,-5,11,53,39,0.0,1028,-2,10,246,12
2019-01-26 15:00:00,-1,-6,0.0,7.0,2,2,59,11:46 PM,10:47 AM,07:12 AM,05:06 PM,-14,-4,-0,-4,12,62,36,0.0,1026,-1,10,225,10
2019-01-26 18:00:00,-1,-6,0.0,7.0,2,0,59,11:46 PM,10:47 AM,07:12 AM,05:06 PM,-12,-3,-1,-3,10,52,47,0.0,1025,-2,10,204,7
2019-01-26 21:00:00,-1,-6,0.0,7.0,2,0,59,11:46 PM,10:47 AM,07:12 AM,05:06 PM,-9,-2,-2,-2,8,35,60,0.0,1024,-3,10,169,6
2019-01-27 00:00:00,6,1,0.0,7.0,2,0,51,No moonrise,11:18 AM,07:11 AM,05:07 PM,-7,-2,-2,-2,11,16,66,0.0,1023,-3,10,157,5
2019-01-27 03:00:00,6,1,0.0,7.0,2,0,51,No moonrise,11:18 AM,07:11 AM,05:07 PM,-6,-2,-1,-2,14,17,70,0.0,1022,-2,10,142,5
2019-01-27 06:00:00,6,1,0.0,7.0,2,0,51,No moonrise,11:18 AM,07:11 AM,05:07 PM,-4,-2,0,-2,18,28,73,0.0,1020,-1,10,147,9
2019-01-27 09:00:00,6,1,0.0,7.0,2,2,51,No moonrise,11:18 AM,07:11 AM,05:07 PM,-1,2,5,2,27,44,64,0.0,1018,4,10,169,11
2019-01-27 12:00:00,6,1,0.0,7.0,2,2,51,No moonrise,11:18 AM,07:11 AM,05:07 PM,-3,4,6,4,32,40,53,0.0,1016,6,10,197,17
2019-01-27 15:00:00,6,1,0.0,7.0,2,2,51,No moonrise,11:18 AM,07:11 AM,05:07 PM,-3,3,5,3,30,61,55,0.0,1016,5,10,218,14
2019-01-27 18:00:00,6,1,0.0,7.0,2,0,51,No moonrise,11:18 AM,07:11 AM,05:07 PM,-4,-3,1,-3,23,31,69,0.0,1018,1,10,243,13
2019-01-27 21:00:00,6,1,0.0,7.0,2,0,51,No moonrise,11:18 AM,07:11 AM,05:07 PM,-5,-4,-0,-4,16,79,67,0.0,1018,-2,10,268,12
2019-01-28 00:00:00,-1,-4,0.0,5.4,2,0,44,12:52 AM,11:50 AM,07:10 AM,05:09 PM,-4,-4,0,-4,18,71,68,0.0,1017,-3,10,292,13
2019-01-28 03:00:00,-1,-4,0.0,5.4,2,0,44,12:52 AM,11:50 AM,07:10 AM,05:09 PM,-7,-3,1,-3,21,40,57,0.0,1017,0,10,329,12
2019-01-28 06:00:00,-1,-4,0.0,5.4,2,0,44,12:52 AM,11:50 AM,07:10 AM,05:09 PM,-7,-6,-2,-6,21,92,66,0.0,1016,-3,10,351,10
2019-01-28 09:00:00,-1,-4,0.0,5.4,2,1,44,12:52 AM,11:50 AM,07:10 AM,05:09 PM,-11,-8,-3,-8,18,91,53,0.0,1020,-4,10,244,12
2019-01-28 12:00:00,-1,-4,0.0,5.4,2,2,44,12:52 AM,11:50 AM,07:10 AM,05:09 PM,-13,-6,-1,-6,13,72,41,0.0,1020,-2,10,19,10
2019-01-28 15:00:00,-1,-4,0.0,5.4,2,2,44,12:52 AM,11:50 AM,07:10 AM,05:09 PM,-12,-3,0,-3,10,27,38,0.0,1018,-1,10,34,6
2019-01-28 18:00:00,-1,-4,0.0,5.4,2,0,44,12:52 AM,11:50 AM,07:10 AM,05:09 PM,-13,-3,-1,-3,7,3,40,0.0,1018,-2,10,74,6
2019-01-28 21:00:00,-1,-4,0.0,5.4,2,0,44,12:52 AM,11:50 AM,07:10 AM,05:09 PM,-12,-4,-2,-4,5,8,48,0.0,1018,-3,10,66,6
2019-01-29 00:00:00,6,-1,3.1,3.8,2,0,37,01:55 AM,12:24 PM,07:09 AM,05:10 PM,-10,-3,-3,-3,9,8,56,0.0,1019,-4,10,63,6
2019-01-29 03:00:00,6,-1,3.1,3.8,2,0,37,01:55 AM,12:24 PM,07:09 AM,05:10 PM,-8,-3,-2,-3,9,10,65,0.0,1018,-3,10,105,7
2019-01-29 06:00:00,6,-1,3.1,3.8,2,0,37,01:55 AM,12:24 PM,07:09 AM,05:10 PM,-5,-4,-1,-4,11,42,75,0.0,1016,-2,10,117,10
2019-01-29 09:00:00,6,-1,3.1,3.8,2,1,37,01:55 AM,12:24 PM,07:09 AM,05:10 PM,-2,-2,2,-2,12,100,79,0.1,1014,1,8,141,13
2019-01-29 12:00:00,6,-1,3.1,3.8,2,1,37,01:55 AM,12:24 PM,07:09 AM,05:10 PM,1,3,6,3,12,100,73,0.4,1012,5,6,153,14
2019-01-29 15:00:00,6,-1,3.1,3.8,2,2,37,01:55 AM,12:24 PM,07:09 AM,05:10 PM,2,4,7,4,20,100,72,0.7,1009,6,7,141,14
2019-01-29 18:00:00,6,-1,3.1,3.8,2,0,37,01:55 AM,12:24 PM,07:09 AM,05:10 PM,1,3,6,3,26,100,76,1.7,1007,5,4,166,15
2019-01-29 21:00:00,6,-1,3.1,3.8,2,0,37,01:55 AM,12:24 PM,07:09 AM,05:10 PM,1,1,5,1,22,100,81,3.6,1006,4,5,223,16
2019-01-30 00:00:00,-2,-6,2.2,7.1,1,0,30,02:57 AM,01:01 PM,07:08 AM,05:11 PM,-2,-1,3,-1,23,92,72,2.6,1007,2,3,275,17
2019-01-30 03:00:00,-2,-6,2.2,7.1,1,0,30,02:57 AM,01:01 PM,07:08 AM,05:11 PM,-8,-6,-0,-6,33,52,59,1.9,1010,-1,7,302,19
2019-01-30 06:00:00,-2,-6,2.2,7.1,1,0,30,02:57 AM,01:01 PM,07:08 AM,05:11 PM,-12,-10,-3,-10,28,3,54,0.0,1013,-4,10,306,19
2019-01-30 09:00:00,-2,-6,2.2,7.1,1,2,30,02:57 AM,01:01 PM,07:08 AM,05:11 PM,-12,-11,-4,-11,20,3,56,0.0,1011,-5,10,281,24
2019-01-30 12:00:00,-2,-6,2.2,7.1,1,2,30,02:57 AM,01:01 PM,07:08 AM,05:11 PM,-13,-9,-2,-9,22,15,46,0.0,1012,-3,10,232,26
2019-01-30 15:00:00,-2,-6,2.2,7.1,1,1,30,02:57 AM,01:01 PM,07:08 AM,05:11 PM,-13,-10,-2,-10,35,64,41,0.1,1012,-3,7,242,32
2019-01-30 18:00:00,-2,-6,2.2,7.1,1,0,30,02:57 AM,01:01 PM,07:08 AM,05:11 PM,-18,-12,-6,-12,37,91,40,0.3,1017,-7,3,287,30
2019-01-30 21:00:00,-2,-6,2.2,7.1,1,0,30,02:57 AM,01:01 PM,07:08 AM,05:11 PM,-21,-12,-8,-12,35,49,38,0.2,1020,-9,9,289,22
2019-01-31 00:00:00,-8,-14,0.0,8.7,2,0,26,03:55 AM,01:43 PM,07:07 AM,05:12 PM,-21,-17,-9,-17,29,0,38,0.0,1020,-10,10,289,20
2019-01-31 03:00:00,-8,-14,0.0,8.7,2,0,26,03:55 AM,01:43 PM,07:07 AM,05:12 PM,-22,-19,-11,-19,26,0,39,0.0,1021,-12,10,281,21
2019-01-31 06:00:00,-8,-14,0.0,8.7,2,0,26,03:55 AM,01:43 PM,07:07 AM,05:12 PM,-22,-21,-12,-21,27,0,44,0.0,1023,-13,10,276,20
2019-01-31 09:00:00,-8,-14,0.0,8.7,2,2,26,03:55 AM,01:43 PM,07:07 AM,05:12 PM,-22,-21,-12,-21,25,0,46,0.0,1027,-13,10,271,20
2019-01-31 12:00:00,-8,-14,0.0,8.7,2,2,26,03:55 AM,01:43 PM,07:07 AM,05:12 PM,-22,-18,-10,-18,22,0,40,0.0,1028,-11,10,269,19
2019-01-31 15:00:00,-8,-14,0.0,8.7,2,2,26,03:55 AM,01:43 PM,07:07 AM,05:12 PM,-22,-16,-8,-16,22,1,34,0.0,1025,-9,10,264,22
2019-01-31 18:00:00,-8,-14,0.0,8.7,2,0,26,03:55 AM,01:43 PM,07:07 AM,05:12 PM,-21,-14,-7,-14,25,3,35,0.0,1026,-8,10,260,19
2019-01-31 21:00:00,-8,-14,0.0,8.7,2,0,26,03:55 AM,01:43 PM,07:07 AM,05:12 PM,-20,-15,-8,-15,26,5,39,0.0,1027,-9,10,265,15
2019-02-01 00:00:00,-5,-12,0.0,3.8,2,0,8,04:50 AM,02:29 PM,07:06 AM,05:14 PM,-19,-14,-8,-14,22,15,43,0.0,1028,-9,10,275,10
2019-02-01 03:00:00,-5,-12,0.0,3.8,2,0,8,04:50 AM,02:29 PM,07:06 AM,05:14 PM,-20,-16,-10,-16,18,29,45,0.0,1028,-11,10,283,10
2019-02-01 06:00:00,-5,-12,0.0,3.8,2,0,8,04:50 AM,02:29 PM,07:06 AM,05:14 PM,-20,-18,-12,-18,14,36,48,0.0,1029,-13,10,287,10
2019-02-01 09:00:00,-5,-12,0.0,3.8,2,1,8,04:50 AM,02:29 PM,07:06 AM,05:14 PM,-20,-17,-11,-17,10,64,47,0.0,1029,-12,10,289,11
2019-02-01 12:00:00,-5,-12,0.0,3.8,2,1,8,04:50 AM,02:29 PM,07:06 AM,05:14 PM,-20,-14,-8,-14,9,98,38,0.0,1028,-9,10,279,12
2019-02-01 15:00:00,-5,-12,0.0,3.8,2,1,8,04:50 AM,02:29 PM,07:06 AM,05:14 PM,-18,-9,-5,-9,9,97,37,0.0,1027,-6,10,273,10
2019-02-01 18:00:00,-5,-12,0.0,3.8,2,0,8,04:50 AM,02:29 PM,07:06 AM,05:14 PM,-19,-12,-7,-12,9,68,42,0.0,1026,-8,10,263,10
2019-02-01 21:00:00,-5,-12,0.0,3.8,2,0,8,04:50 AM,02:29 PM,07:06 AM,05:14 PM,-17,-14,-9,-14,9,16,48,0.0,1028,-11,10,270,8
2019-02-02 00:00:00,1,-9,0.0,8.7,1,0,1,05:40 AM,03:20 PM,07:05 AM,05:15 PM,-15,-13,-10,-13,9,39,54,0.0,1029,-13,10,291,9
2019-02-02 03:00:00,1,-9,0.0,8.7,1,0,1,05:40 AM,03:20 PM,07:05 AM,05:15 PM,-15,-8,-8,-8,9,69,58,0.0,1029,-9,10,297,8
2019-02-02 06:00:00,1,-9,0.0,8.7,1,0,1,05:40 AM,03:20 PM,07:05 AM,05:15 PM,-15,-10,-9,-10,7,11,60,0.0,1028,-10,10,281,7
2019-02-02 09:00:00,1,-9,0.0,8.7,1,2,1,05:40 AM,03:20 PM,07:05 AM,05:15 PM,-14,-9,-6,-9,8,11,55,0.0,1028,-7,10,254,7
2019-02-02 12:00:00,1,-9,0.0,8.7,1,2,1,05:40 AM,03:20 PM,07:05 AM,05:15 PM,-11,-5,-1,-5,15,9,49,0.0,1025,-2,10,227,11
2019-02-02 15:00:00,1,-9,0.0,8.7,1,2,1,05:40 AM,03:20 PM,07:05 AM,05:15 PM,-7,-2,2,-2,24,13,55,0.0,1021,1,10,235,14
2019-02-02 18:00:00,1,-9,0.0,8.7,1,0,1,05:40 AM,03:20 PM,07:05 AM,05:15 PM,-10,-1,2,-1,29,10,49,0.0,1024,0,10,243,8
2019-02-02 21:00:00,1,-9,0.0,8.7,1,0,1,05:40 AM,03:20 PM,07:05 AM,05:15 PM,-13,-4,-1,-4,29,9,49,0.0,1025,-3,10,251,6
2019-02-03 00:00:00,5,0,0.0,8.7,2,0,0,06:24 AM,04:13 PM,07:04 AM,05:16 PM,-12,-8,-5,-8,25,9,55,0.0,1024,-6,10,256,6
2019-02-03 03:00:00,5,0,0.0,8.7,2,0,0,06:24 AM,04:13 PM,07:04 AM,05:16 PM,-8,-6,-3,-6,17,11,67,0.0,1023,-4,10,251,6
2019-02-03 06:00:00,5,0,0.0,8.7,2,0,0,06:24 AM,04:13 PM,07:04 AM,05:16 PM,-4,-3,-0,-3,12,6,80,0.0,1022,-1,10,253,7
2019-02-03 09:00:00,5,0,0.0,8.7,2,2,0,06:24 AM,04:13 PM,07:04 AM,05:16 PM,-2,-0,2,-0,9,4,75,0.0,1023,2,10,251,7
2019-02-03 12:00:00,5,0,0.0,8.7,2,2,0,06:24 AM,04:13 PM,07:04 AM,05:16 PM,0,4,5,4,7,3,69,0.0,1022,5,10,228,5
2019-02-03 15:00:00,5,0,0.0,8.7,2,2,0,06:24 AM,04:13 PM,07:04 AM,05:16 PM,0,5,6,5,8,6,68,0.0,1020,5,10,203,5
2019-02-03 18:00:00,5,0,0.0,8.7,2,0,0,06:24 AM,04:13 PM,07:04 AM,05:16 PM,0,3,4,3,11,7,74,0.0,1020,3,10,194,6
2019-02-03 21:00:00,5,0,0.0,8.7,2,0,0,06:24 AM,04:13 PM,07:04 AM,05:16 PM,-1,-1,2,-1,12,3,75,0.0,1020,-0,10,221,7
2019-02-04 00:00:00,8,1,0.0,8.7,3,0,0,07:04 AM,05:10 PM,07:03 AM,05:17 PM,-1,-2,2,-2,12,5,74,0.0,1017,-1,10,238,12
2019-02-04 03:00:00,8,1,0.0,8.7,3,0,0,07:04 AM,05:10 PM,07:03 AM,05:17 PM,1,1,4,1,11,4,76,0.0,1016,4,10,236,13
2019-02-04 06:00:00,8,1,0.0,8.7,3,0,0,07:04 AM,05:10 PM,07:03 AM,05:17 PM,1,2,4,2,12,4,79,0.0,1016,3,10,240,8
2019-02-04 09:00:00,8,1,0.0,8.7,3,2,0,07:04 AM,05:10 PM,07:03 AM,05:17 PM,0,3,4,3,10,3,78,0.0,1020,3,10,239,7
2019-02-04 12:00:00,8,1,0.0,8.7,3,3,0,07:04 AM,05:10 PM,07:03 AM,05:17 PM,3,7,7,7,7,2,75,0.0,1019,7,10,242,9
2019-02-04 15:00:00,8,1,0.0,8.7,3,3,0,07:04 AM,05:10 PM,07:03 AM,05:17 PM,4,8,8,8,8,2,72,0.0,1018,8,10,209,7
2019-02-04 18:00:00,8,1,0.0,8.7,3,0,0,07:04 AM,05:10 PM,07:03 AM,05:17 PM,3,8,8,8,8,1,72,0.0,1017,8,10,209,6
2019-02-04 21:00:00,8,1,0.0,8.7,3,0,0,07:04 AM,05:10 PM,07:03 AM,05:17 PM,2,6,6,6,10,1,75,0.0,1017,6,13,222,7
2019-02-05 00:00:00,13,5,0.0,5.4,3,0,0,07:39 AM,06:07 PM,07:02 AM,05:19 PM,3,5,6,5,13,7,79,0.0,1014,5,19,230,8
2019-02-05 03:00:00,13,5,0.0,5.4,3,0,0,07:39 AM,06:07 PM,07:02 AM,05:19 PM,5,5,7,5,15,11,86,0.0,1011,7,15,243,10
2019-02-05 06:00:00,13,5,0.0,5.4,3,0,0,07:39 AM,06:07 PM,07:02 AM,05:19 PM,4,4,6,4,15,18,91,0.0,1014,5,10,243,9
2019-02-05 09:00:00,13,5,0.0,5.4,3,2,0,07:39 AM,06:07 PM,07:02 AM,05:19 PM,5,6,7,6,15,55,87,0.0,1014,6,10,242,9
2019-02-05 12:00:00,13,5,0.0,5.4,3,2,0,07:39 AM,06:07 PM,07:02 AM,05:19 PM,5,11,11,11,13,79,71,0.1,1014,10,10,252,10
2019-02-05 15:00:00,13,5,0.0,5.4,3,3,0,07:39 AM,06:07 PM,07:02 AM,05:19 PM,7,13,13,13,12,81,67,0.1,1013,13,10,292,17
2019-02-05 18:00:00,13,5,0.0,5.4,3,0,0,07:39 AM,06:07 PM,07:02 AM,05:19 PM,4,9,10,9,19,80,66,0.0,1015,10,10,319,20
2019-02-05 21:00:00,13,5,0.0,5.4,3,0,0,07:39 AM,06:07 PM,07:02 AM,05:19 PM,0,3,6,3,21,61,69,0.0,1018,5,10,319,18
2019-02-06 00:00:00,6,1,0.0,7.1,2,0,7,08:09 AM,07:05 PM,07:01 AM,05:20 PM,-1,2,5,2,20,29,72,0.0,1019,4,10,325,14
2019-02-06 03:00:00,6,1,0.0,7.1,2,0,7,08:09 AM,07:05 PM,07:01 AM,05:20 PM,0,3,5,3,13,47,75,0.0,1022,4,10,225,8
2019-02-06 06:00:00,6,1,0.0,7.1,2,0,7,08:09 AM,07:05 PM,07:01 AM,05:20 PM,0,0,3,0,9,96,83,0.0,1022,2,10,9,6
2019-02-06 09:00:00,6,1,0.0,7.1,2,2,7,08:09 AM,07:05 PM,07:01 AM,05:20 PM,-2,0,3,0,9,68,73,0.0,1024,2,10,23,6
2019-02-06 12:00:00,6,1,0.0,7.1,2,2,7,08:09 AM,07:05 PM,07:01 AM,05:20 PM,-2,3,5,3,8,10,63,0.0,1024,4,10,68,4
2019-02-06 15:00:00,6,1,0.0,7.1,2,2,7,08:09 AM,07:05 PM,07:01 AM,05:20 PM,0,4,6,4,12,44,63,0.0,1023,6,10,128,7
2019-02-06 18:00:00,6,1,0.0,7.1,2,0,7,08:09 AM,07:05 PM,07:01 AM,05:20 PM,2,5,7,5,18,100,73,0.7,1023,6,10,130,9
2019-02-06 21:00:00,6,1,0.0,7.1,2,0,7,08:09 AM,07:05 PM,07:01 AM,05:20 PM,3,4,6,4,20,100,81,4.9,1021,5,8,118,7
2019-02-07 00:00:00,6,5,0.0,3.8,2,0,14,08:38 AM,08:03 PM,07:00 AM,05:21 PM,3,4,6,4,21,100,85,12.9,1019,6,5,102,9
2019-02-07 03:00:00,6,5,0.0,3.8,2,0,14,08:38 AM,08:03 PM,07:00 AM,05:21 PM,4,5,7,5,27,100,85,14.7,1018,6,5,86,13
2019-02-07 06:00:00,6,5,0.0,3.8,2,0,14,08:38 AM,08:03 PM,07:00 AM,05:21 PM,3,3,5,3,27,100,87,8.7,1018,5,5,66,10
2019-02-07 09:00:00,6,5,0.0,3.8,2,1,14,08:38 AM,08:03 PM,07:00 AM,05:21 PM,3,3,5,3,24,100,86,6.2,1020,5,7,51,8
2019-02-07 12:00:00,6,5,0.0,3.8,2,2,14,08:38 AM,08:03 PM,07:00 AM,05:21 PM,4,7,8,7,20,100,75,0.1,1019,8,10,47,7
2019-02-07 15:00:00,6,5,0.0,3.8,2,2,14,08:38 AM,08:03 PM,07:00 AM,05:21 PM,5,9,9,9,18,100,75,0.1,1019,8,10,45,6
2019-02-07 18:00:00,6,5,0.0,3.8,2,0,14,08:38 AM,08:03 PM,07:00 AM,05:21 PM,6,8,9,8,16,100,81,0.1,1020,8,10,52,6
2019-02-07 21:00:00,6,5,0.0,3.8,2,0,14,08:38 AM,08:03 PM,07:00 AM,05:21 PM,5,7,8,7,16,100,83,0.1,1018,7,7,79,5
2019-02-08 00:00:00,14,9,0.0,5.6,3,0,22,09:05 AM,09:01 PM,06:59 AM,05:22 PM,6,7,8,7,17,100,88,0.4,1015,7,4,101,8
2019-02-08 03:00:00,14,9,0.0,5.6,3,0,22,09:05 AM,09:01 PM,06:59 AM,05:22 PM,6,7,8,7,17,100,89,0.7,1013,7,7,120,8
2019-02-08 06:00:00,14,9,0.0,5.6,3,0,22,09:05 AM,09:01 PM,06:59 AM,05:22 PM,8,9,9,9,20,100,93,0.5,1012,8,2,175,6
2019-02-08 09:00:00,14,9,0.0,5.6,3,2,22,09:05 AM,09:01 PM,06:59 AM,05:22 PM,8,10,10,10,28,97,88,0.5,1012,9,2,224,15
2019-02-08 12:00:00,14,9,0.0,5.6,3,2,22,09:05 AM,09:01 PM,06:59 AM,05:22 PM,4,10,10,10,41,87,66,0.2,1013,9,4,244,25
2019-02-08 15:00:00,14,9,0.0,5.6,3,3,22,09:05 AM,09:01 PM,06:59 AM,05:22 PM,-2,8,10,8,40,53,43,0.1,1015,9,9,262,31
2019-02-08 18:00:00,14,9,0.0,5.6,3,0,22,09:05 AM,09:01 PM,06:59 AM,05:22 PM,-7,1,6,1,44,1,41,0.0,1020,5,10,271,30
2019-02-08 21:00:00,14,9,0.0,5.6,3,0,22,09:05 AM,09:01 PM,06:59 AM,05:22 PM,-10,-3,2,-3,43,0,43,0.0,1024,1,13,277,27
2019-02-09 00:00:00,-2,-5,0.0,8.7,2,0,29,09:31 AM,10:00 PM,06:58 AM,05:24 PM,-11,-7,-1,-7,37,0,43,0.0,1027,-2,20,279,27
2019-02-09 03:00:00,-2,-5,0.0,8.7,2,0,29,09:31 AM,10:00 PM,06:58 AM,05:24 PM,-13,-10,-3,-10,35,0,42,0.0,1029,-4,20,290,25
2019-02-09 06:00:00,-2,-5,0.0,8.7,2,0,29,09:31 AM,10:00 PM,06:58 AM,05:24 PM,-16,-11,-4,-11,35,0,39,0.0,1032,-5,20,297,23
2019-02-09 09:00:00,-2,-5,0.0,8.7,2,2,29,09:31 AM,10:00 PM,06:58 AM,05:24 PM,-15,-9,-3,-9,34,0,38,0.0,1034,-4,20,300,18
2019-02-09 12:00:00,-2,-5,0.0,8.7,2,2,29,09:31 AM,10:00 PM,06:58 AM,05:24 PM,-14,-6,-1,-6,33,0,35,0.0,1034,-2,20,304,18
2019-02-09 15:00:00,-2,-5,0.0,8.7,2,2,29,09:31 AM,10:00 PM,06:58 AM,05:24 PM,-15,-7,-1,-7,30,0,32,0.0,1036,-2,20,310,20
2019-02-09 18:00:00,-2,-5,0.0,8.7,2,0,29,09:31 AM,10:00 PM,06:58 AM,05:24 PM,-16,-7,-2,-7,24,0,33,0.0,1038,-3,20,313,15
2019-02-09 21:00:00,-2,-5,0.0,8.7,2,0,29,09:31 AM,10:00 PM,06:58 AM,05:24 PM,-16,-8,-3,-8,20,0,35,0.0,1040,-4,20,315,12
2019-02-10 00:00:00,3,-6,0.0,8.7,2,0,37,09:58 AM,11:00 PM,06:56 AM,05:25 PM,-15,-8,-4,-8,16,0,42,0.0,1039,-5,20,326,10
2019-02-10 03:00:00,3,-6,0.0,8.7,2,0,37,09:58 AM,11:00 PM,06:56 AM,05:25 PM,-12,-7,-4,-7,14,2,55,0.0,1040,-5,10,330,7
2019-02-10 06:00:00,3,-6,0.0,8.7,2,0,37,09:58 AM,11:00 PM,06:56 AM,05:25 PM,-12,-8,-5,-8,12,9,56,0.0,1039,-6,10,315,8
2019-02-10 09:00:00,3,-6,0.0,8.7,2,2,37,09:58 AM,11:00 PM,06:56 AM,05:25 PM,-12,-6,-3,-6,12,13,51,0.0,1038,-4,10,298,5
2019-02-10 12:00:00,3,-6,0.0,8.7,2,2,37,09:58 AM,11:00 PM,06:56 AM,05:25 PM,-11,-1,1,-1,10,5,40,0.0,1036,1,13,285,9
2019-02-10 15:00:00,3,-6,0.0,8.7,2,2,37,09:58 AM,11:00 PM,06:56 AM,05:25 PM,-11,1,3,1,10,21,34,0.0,1033,3,20,257,10
2019-02-10 18:00:00,3,-6,0.0,8.7,2,0,37,09:58 AM,11:00 PM,06:56 AM,05:25 PM,-11,-1,2,-1,11,60,38,0.0,1032,1,20,237,8
2019-02-10 21:00:00,3,-6,0.0,8.7,2,0,37,09:58 AM,11:00 PM,06:56 AM,05:25 PM,-10,-2,1,-2,12,93,46,0.0,1030,-0,17,241,8
2019-02-11 00:00:00,3,0,0.0,4.0,1,0,44,10:26 AM,No moonset,06:55 AM,05:26 PM,-8,-2,0,-2,10,100,55,0.0,1029,-1,10,248,7
2019-02-11 03:00:00,3,0,0.0,4.0,1,0,44,10:26 AM,No moonset,06:55 AM,05:26 PM,-6,-2,0,-2,8,100,66,0.0,1026,-1,10,226,6
2019-02-11 06:00:00,3,0,0.0,4.0,1,0,44,10:26 AM,No moonset,06:55 AM,05:26 PM,-3,-2,0,-2,6,98,76,0.0,1023,-1,10,247,6
2019-02-11 09:00:00,3,0,0.0,4.0,1,1,44,10:26 AM,No moonset,06:55 AM,05:26 PM,-3,-1,2,-1,4,95,72,0.0,1024,1,10,217,9
2019-02-11 12:00:00,3,0,0.0,4.0,1,1,44,10:26 AM,No moonset,06:55 AM,05:26 PM,-5,1,3,1,8,100,56,0.0,1026,3,12,65,8
2019-02-11 15:00:00,3,0,0.0,4.0,1,1,44,10:26 AM,No moonset,06:55 AM,05:26 PM,-7,1,4,1,9,100,45,0.0,1027,3,18,66,8
2019-02-11 18:00:00,3,0,0.0,4.0,1,0,44,10:26 AM,No moonset,06:55 AM,05:26 PM,-7,-1,2,-1,9,100,49,0.0,1028,2,18,60,9
2019-02-11 21:00:00,3,0,0.0,4.0,1,0,44,10:26 AM,No moonset,06:55 AM,05:26 PM,-6,-2,1,-2,11,100,61,0.0,1025,0,15,46,9
2019-02-12 00:00:00,-1,-3,4.9,4.0,1,0,52,10:57 AM,12:01 AM,06:54 AM,05:27 PM,-3,-2,1,-2,14,100,74,0.0,1018,0,10,41,8
2019-02-12 03:00:00,-1,-3,4.9,4.0,1,0,52,10:57 AM,12:01 AM,06:54 AM,05:27 PM,-4,-3,1,-3,17,92,68,0.0,1021,-0,10,60,11
2019-02-12 06:00:00,-1,-3,4.9,4.0,1,0,52,10:57 AM,12:01 AM,06:54 AM,05:27 PM,-7,-6,-1,-6,23,85,61,0.2,1028,-2,7,76,16
2019-02-12 09:00:00,-1,-3,4.9,4.0,1,1,52,10:57 AM,12:01 AM,06:54 AM,05:27 PM,-7,-8,-2,-8,27,100,68,1.2,1026,-3,2,81,20
2019-02-12 12:00:00,-1,-3,4.9,4.0,1,1,52,10:57 AM,12:01 AM,06:54 AM,05:27 PM,-5,-7,-1,-7,34,100,79,4.4,1023,-2,2,89,21
2019-02-12 15:00:00,-1,-3,4.9,4.0,1,1,52,10:57 AM,12:01 AM,06:54 AM,05:27 PM,-2,-6,0,-6,38,100,84,6.9,1018,-1,4,94,21
2019-02-12 18:00:00,-1,-3,4.9,4.0,1,0,52,10:57 AM,12:01 AM,06:54 AM,05:27 PM,-1,-5,-1,-5,39,100,86,6.8,1014,-2,7,91,21
2019-02-12 21:00:00,-1,-3,4.9,4.0,1,0,52,10:57 AM,12:01 AM,06:54 AM,05:27 PM,0,-6,-3,-6,44,100,88,6.2,1010,-6,6,86,21
2019-02-13 00:00:00,5,2,0.0,7.1,1,0,60,11:34 AM,01:05 AM,06:53 AM,05:28 PM,1,-6,-3,-6,26,100,88,1.6,1003,-5,6,129,18
2019-02-13 03:00:00,5,2,0.0,7.1,1,0,60,11:34 AM,01:05 AM,06:53 AM,05:28 PM,2,1,4,1,12,100,89,0.5,998,4,3,243,13
2019-02-13 06:00:00,5,2,0.0,7.1,1,0,60,11:34 AM,01:05 AM,06:53 AM,05:28 PM,3,2,5,2,26,68,89,0.9,998,5,11,252,14
2019-02-13 09:00:00,5,2,0.0,7.1,1,2,60,11:34 AM,01:05 AM,06:53 AM,05:28 PM,2,1,5,1,29,4,79,0.0,1002,4,13,260,17
2019-02-13 12:00:00,5,2,0.0,7.1,1,1,60,11:34 AM,01:05 AM,06:53 AM,05:28 PM,-3,0,4,0,38,29,59,0.0,1008,3,10,264,13
2019-02-13 15:00:00,5,2,0.0,7.1,1,1,60,11:34 AM,01:05 AM,06:53 AM,05:28 PM,-4,1,5,1,38,83,52,0.0,1007,4,13,260,17
2019-02-13 18:00:00,5,2,0.0,7.1,1,0,60,11:34 AM,01:05 AM,06:53 AM,05:28 PM,-6,-2,3,-2,37,63,51,0.1,1009,3,18,262,24
2019-02-13 21:00:00,5,2,0.0,7.1,1,0,60,11:34 AM,01:05 AM,06:53 AM,05:28 PM,-6,-4,1,-4,31,19,58,0.0,1013,1,15,262,20
2019-02-14 00:00:00,7,0,0.0,8.7,2,0,67,12:16 PM,02:11 AM,06:51 AM,05:30 PM,-6,-5,0,-5,28,25,63,0.0,1013,-1,10,263,18
2019-02-14 03:00:00,7,0,0.0,8.7,2,0,67,12:16 PM,02:11 AM,06:51 AM,05:30 PM,-5,-4,1,-4,31,20,67,0.0,1012,-0,10,270,16
2019-02-14 06:00:00,7,0,0.0,8.7,2,0,67,12:16 PM,02:11 AM,06:51 AM,05:30 PM,-4,-4,0,-4,29,8,71,0.0,1013,-1,10,270,12
2019-02-14 09:00:00,7,0,0.0,8.7,2,2,67,12:16 PM,02:11 AM,06:51 AM,05:30 PM,-4,-3,1,-3,24,9,67,0.0,1015,1,13,265,13
2019-02-14 12:00:00,7,0,0.0,8.7,2,2,67,12:16 PM,02:11 AM,06:51 AM,05:30 PM,-6,-0,4,-0,19,8,51,0.0,1018,3,17,270,15
2019-02-14 15:00:00,7,0,0.0,8.7,2,3,67,12:16 PM,02:11 AM,06:51 AM,05:30 PM,-2,5,7,5,15,16,51,0.0,1016,7,13,248,13
2019-02-14 18:00:00,7,0,0.0,8.7,2,0,67,12:16 PM,02:11 AM,06:51 AM,05:30 PM,1,5,7,5,13,23,63,0.0,1013,6,20,212,10
2019-02-14 21:00:00,7,0,0.0,8.7,2,0,67,12:16 PM,02:11 AM,06:51 AM,05:30 PM,0,3,5,3,12,36,72,0.0,1014,4,17,191,6
2019-02-15 00:00:00,11,5,0.0,4.1,2,0,75,01:07 PM,03:17 AM,06:50 AM,05:31 PM,1,3,5,3,17,66,76,0.0,1014,4,10,167,6
2019-02-15 03:00:00,11,5,0.0,4.1,2,0,75,01:07 PM,03:17 AM,06:50 AM,05:31 PM,1,4,5,4,25,73,79,0.0,1014,4,10,164,9
2019-02-15 06:00:00,11,5,0.0,4.1,2,0,75,01:07 PM,03:17 AM,06:50 AM,05:31 PM,2,3,5,3,28,67,79,0.0,1012,5,10,175,9
2019-02-15 09:00:00,11,5,0.0,4.1,2,2,75,01:07 PM,03:17 AM,06:50 AM,05:31 PM,3,5,7,5,25,95,72,0.1,1009,7,12,194,12
2019-02-15 12:00:00,11,5,0.0,4.1,2,2,75,01:07 PM,03:17 AM,06:50 AM,05:31 PM,4,11,11,11,23,89,65,0.3,1007,10,11,196,14
2019-02-15 15:00:00,11,5,0.0,4.1,2,3,75,01:07 PM,03:17 AM,06:50 AM,05:31 PM,5,12,12,12,23,85,65,0.4,1005,11,5,194,14
2019-02-15 18:00:00,11,5,0.0,4.1,2,0,75,01:07 PM,03:17 AM,06:50 AM,05:31 PM,5,11,11,11,21,71,69,0.1,1005,10,11,211,14
2019-02-15 21:00:00,11,5,0.0,4.1,2,0,75,01:07 PM,03:17 AM,06:50 AM,05:31 PM,3,8,9,8,22,83,69,0.1,1008,8,10,246,13
2019-02-16 00:00:00,5,3,0.0,8.7,2,0,82,02:07 PM,04:20 AM,06:49 AM,05:32 PM,1,4,7,4,24,66,66,0.1,1009,6,7,303,9
2019-02-16 03:00:00,5,3,0.0,8.7,2,0,82,02:07 PM,04:20 AM,06:49 AM,05:32 PM,-2,2,5,2,26,53,60,0.0,1010,4,10,328,10
2019-02-16 06:00:00,5,3,0.0,8.7,2,0,82,02:07 PM,04:20 AM,06:49 AM,05:32 PM,-2,0,3,0,23,49,69,0.0,1008,3,13,324,15
2019-02-16 09:00:00,5,3,0.0,8.7,2,2,82,02:07 PM,04:20 AM,06:49 AM,05:32 PM,0,0,4,0,23,30,75,0.0,1005,3,16,323,17
2019-02-16 12:00:00,5,3,0.0,8.7,2,2,82,02:07 PM,04:20 AM,06:49 AM,05:32 PM,-3,2,5,2,19,24,60,0.0,1012,4,13,323,12
2019-02-16 15:00:00,5,3,0.0,8.7,2,2,82,02:07 PM,04:20 AM,06:49 AM,05:32 PM,-6,2,5,2,19,5,46,0.0,1011,5,20,328,12
2019-02-16 18:00:00,5,3,0.0,8.7,2,0,82,02:07 PM,04:20 AM,06:49 AM,05:32 PM,-5,1,4,1,22,1,53,0.0,1007,3,20,331,14
2019-02-16 21:00:00,5,3,0.0,8.7,2,0,82,02:07 PM,04:20 AM,06:49 AM,05:32 PM,-5,-1,3,-1,20,1,57,0.0,997,2,17,341,20
2019-02-17 00:00:00,2,-3,0.0,8.7,2,0,90,03:16 PM,05:19 AM,06:47 AM,05:33 PM,-7,-5,0,-5,15,0,60,0.0,1002,-1,10,242,17
2019-02-17 03:00:00,2,-3,0.0,8.7,2,0,90,03:16 PM,05:19 AM,06:47 AM,05:33 PM,-7,-6,-2,-6,16,0,65,0.0,1019,-3,10,8,12
2019-02-17 06:00:00,2,-3,0.0,8.7,2,0,90,03:16 PM,05:19 AM,06:47 AM,05:33 PM,-8,-7,-3,-7,14,0,66,0.0,1020,-4,10,8,10
2019-02-17 09:00:00,2,-3,0.0,8.7,2,2,90,03:16 PM,05:19 AM,06:47 AM,05:33 PM,-7,-5,-0,-5,10,0,60,0.0,1017,-1,13,27,12
2019-02-17 12:00:00,2,-3,0.0,8.7,2,2,90,03:16 PM,05:19 AM,06:47 AM,05:33 PM,-6,-1,3,-1,8,3,51,0.0,1011,2,20,83,14
2019-02-17 15:00:00,2,-3,0.0,8.7,2,2,90,03:16 PM,05:19 AM,06:47 AM,05:33 PM,-6,0,2,0,9,9,55,0.0,1014,1,20,151,6
2019-02-17 18:00:00,2,-3,0.0,8.7,2,0,90,03:16 PM,05:19 AM,06:47 AM,05:33 PM,-5,0,2,0,13,24,62,0.0,1012,1,20,155,8
2019-02-17 21:00:00,2,-3,0.0,8.7,2,0,90,03:16 PM,05:19 AM,06:47 AM,05:33 PM,-4,0,2,0,14,63,66,0.0,1017,1,17,150,7
2019-02-18 00:00:00,6,1,0.0,4.1,1,0,97,04:30 PM,06:11 AM,06:46 AM,05:34 PM,-4,-1,2,-1,13,94,71,0.5,1015,1,10,136,8
2019-02-18 03:00:00,6,1,0.0,4.1,1,0,97,04:30 PM,06:11 AM,06:46 AM,05:34 PM,-3,-2,1,-2,15,100,76,1.9,1014,0,9,128,9
2019-02-18 06:00:00,6,1,0.0,4.1,1,0,97,04:30 PM,06:11 AM,06:46 AM,05:34 PM,-3,-2,1,-2,10,100,77,3.0,1012,1,8,152,9
2019-02-18 09:00:00,6,1,0.0,4.1,1,1,97,04:30 PM,06:11 AM,06:46 AM,05:34 PM,0,0,3,0,12,97,84,2.8,1009,2,8,221,8
2019-02-18 12:00:00,6,1,0.0,4.1,1,1,97,04:30 PM,06:11 AM,06:46 AM,05:34 PM,1,3,5,3,28,91,72,0.1,1008,4,10,267,8
2019-02-18 15:00:00,6,1,0.0,4.1,1,3,97,04:30 PM,06:11 AM,06:46 AM,05:34 PM,-1,3,6,3,33,64,59,0.1,1011,6,10,288,15
2019-02-18 18:00:00,6,1,0.0,4.1,1,0,97,04:30 PM,06:11 AM,06:46 AM,05:34 PM,-4,-1,4,-1,37,29,56,0.0,1016,3,13,311,20
2019-02-18 21:00:00,6,1,0.0,4.1,1,0,97,04:30 PM,06:11 AM,06:46 AM,05:34 PM,-4,-3,1,-3,35,52,65,0.1,1022,1,17,318,12
2019-02-19 00:00:00,2,-3,0.0,8.7,2,0,100,05:47 PM,06:56 AM,06:45 AM,05:36 PM,-6,-5,-1,-5,29,4,68,0.0,1025,-2,10,325,12
2019-02-19 03:00:00,2,-3,0.0,8.7,2,0,100,05:47 PM,06:56 AM,06:45 AM,05:36 PM,-9,-7,-3,-7,26,2,66,0.0,1027,-4,10,330,13
2019-02-19 06:00:00,2,-3,0.0,8.7,2,0,100,05:47 PM,06:56 AM,06:45 AM,05:36 PM,-11,-7,-3,-7,22,22,57,0.0,1029,-4,10,328,11
2019-02-19 09:00:00,2,-3,0.0,8.7,2,2,100,05:47 PM,06:56 AM,06:45 AM,05:36 PM,-9,-5,-1,-5,19,36,58,0.0,1029,-2,10,323,9
2019-02-19 12:00:00,2,-3,0.0,8.7,2,2,100,05:47 PM,06:56 AM,06:45 AM,05:36 PM,-9,-2,1,-2,15,4,51,0.0,1026,0,10,320,10
2019-02-19 15:00:00,2,-3,0.0,8.7,2,2,100,05:47 PM,06:56 AM,06:45 AM,05:36 PM,-9,-0,3,-0,15,5,42,0.0,1026,2,10,314,9
2019-02-19 18:00:00,2,-3,0.0,8.7,2,0,100,05:47 PM,06:56 AM,06:45 AM,05:36 PM,-12,-1,2,-1,18,40,39,0.0,1031,0,10,317,8
2019-02-19 21:00:00,2,-3,0.0,8.7,2,0,100,05:47 PM,06:56 AM,06:45 AM,05:36 PM,-12,-4,1,-4,21,99,49,0.0,1036,-3,10,329,9
2019-02-20 00:00:00,-1,-5,0.7,4.1,1,0,88,07:03 PM,07:36 AM,06:43 AM,05:37 PM,-12,-7,-3,-7,17,100,51,0.0,1037,-4,10,333,10
2019-02-20 03:00:00,-1,-5,0.7,4.1,1,0,88,07:03 PM,07:36 AM,06:43 AM,05:37 PM,-12,-6,-3,-6,9,72,54,0.0,1037,-4,10,338,7
2019-02-20 06:00:00,-1,-5,0.7,4.1,1,0,88,07:03 PM,07:36 AM,06:43 AM,05:37 PM,-11,-7,-4,-7,5,40,57,0.0,1036,-5,10,242,5
2019-02-20 09:00:00,-1,-5,0.7,4.1,1,1,88,07:03 PM,07:36 AM,06:43 AM,05:37 PM,-10,-6,-3,-6,7,83,57,0.0,1035,-4,10,82,6
2019-02-20 12:00:00,-1,-5,0.7,4.1,1,1,88,07:03 PM,07:36 AM,06:43 AM,05:37 PM,-9,-4,-1,-4,9,87,57,0.1,1032,-2,7,152,8
2019-02-20 15:00:00,-1,-5,0.7,4.1,1,1,88,07:03 PM,07:36 AM,06:43 AM,05:37 PM,-7,-3,0,-3,8,100,61,0.7,1030,-1,2,159,13
2019-02-20 18:00:00,-1,-5,0.7,4.1,1,0,88,07:03 PM,07:36 AM,06:43 AM,05:37 PM,-4,-4,0,-4,12,100,74,1.8,1028,-1,4,130,13
2019-02-20 21:00:00,-1,-5,0.7,4.1,1,0,88,07:03 PM,07:36 AM,06:43 AM,05:37 PM,-2,-5,-2,-5,25,100,81,2.4,1026,-3,9,132,11
2019-02-21 00:00:00,10,1,0.0,8.7,2,0,80,08:16 PM,08:11 AM,06:42 AM,05:38 PM,0,-5,-3,-5,25,100,89,4.3,1022,-4,8,95,12
2019-02-21 03:00:00,10,1,0.0,8.7,2,0,80,08:16 PM,08:11 AM,06:42 AM,05:38 PM,2,-1,3,-1,16,100,96,5.6,1016,2,4,175,12
2019-02-21 06:00:00,10,1,0.0,8.7,2,0,80,08:16 PM,08:11 AM,06:42 AM,05:38 PM,3,3,5,3,12,92,88,0.2,1013,4,3,312,9
2019-02-21 09:00:00,10,1,0.0,8.7,2,2,80,08:16 PM,08:11 AM,06:42 AM,05:38 PM,2,3,5,3,21,57,85,0.2,1014,4,7,243,9
2019-02-21 12:00:00,10,1,0.0,8.7,2,3,80,08:16 PM,08:11 AM,06:42 AM,05:38 PM,3,6,8,6,23,15,70,0.0,1014,8,10,260,15
2019-02-21 15:00:00,10,1,0.0,8.7,2,3,80,08:16 PM,08:11 AM,06:42 AM,05:38 PM,3,11,11,11,22,4,58,0.0,1014,10,10,274,15
2019-02-21 18:00:00,10,1,0.0,8.7,2,0,80,08:16 PM,08:11 AM,06:42 AM,05:38 PM,1,8,9,8,21,4,59,0.0,1017,8,10,275,13
2019-02-21 21:00:00,10,1,0.0,8.7,2,0,80,08:16 PM,08:11 AM,06:42 AM,05:38 PM,-2,3,6,3,18,6,58,0.0,1019,5,10,279,16
2019-02-22 00:00:00,7,0,0.0,5.6,2,0,73,09:28 PM,08:44 AM,06:40 AM,05:39 PM,-2,1,4,1,15,16,64,0.0,1021,4,10,314,12
2019-02-22 03:00:00,7,0,0.0,5.6,2,0,73,09:28 PM,08:44 AM,06:40 AM,05:39 PM,-4,-1,2,-1,16,25,67,0.0,1023,2,10,313,10
2019-02-22 06:00:00,7,0,0.0,5.6,2,0,73,09:28 PM,08:44 AM,06:40 AM,05:39 PM,-4,-2,1,-2,19,17,69,0.0,1025,0,10,317,8
2019-02-22 09:00:00,7,0,0.0,5.6,2,1,73,09:28 PM,08:44 AM,06:40 AM,05:39 PM,-4,-2,2,-2,19,39,66,0.0,1028,1,10,320,9
2019-02-22 12:00:00,7,0,0.0,5.6,2,1,73,09:28 PM,08:44 AM,06:40 AM,05:39 PM,-4,1,4,1,18,100,54,0.0,1029,4,10,329,13
2019-02-22 15:00:00,7,0,0.0,5.6,2,2,73,09:28 PM,08:44 AM,06:40 AM,05:39 PM,-2,5,7,5,14,100,51,0.0,1027,7,10,328,8
2019-02-22 18:00:00,7,0,0.0,5.6,2,0,73,09:28 PM,08:44 AM,06:40 AM,05:39 PM,-2,5,7,5,15,100,51,0.0,1029,6,10,322,6
2019-02-22 21:00:00,7,0,0.0,5.6,2,0,73,09:28 PM,08:44 AM,06:40 AM,05:39 PM,-3,2,4,2,15,100,60,0.0,1031,3,13,331,8
2019-02-23 00:00:00,4,-3,0.0,5.7,1,0,65,10:37 PM,09:16 AM,06:39 AM,05:40 PM,-4,-0,2,-0,9,100,65,0.0,1032,1,20,239,8
2019-02-23 03:00:00,4,-3,0.0,5.7,1,0,65,10:37 PM,09:16 AM,06:39 AM,05:40 PM,-4,-1,1,-1,8,100,69,0.0,1032,-0,20,36,5
2019-02-23 06:00:00,4,-3,0.0,5.7,1,0,65,10:37 PM,09:16 AM,06:39 AM,05:40 PM,-4,-2,0,-2,9,99,71,0.0,1033,-1,20,43,5
2019-02-23 09:00:00,4,-3,0.0,5.7,1,1,65,10:37 PM,09:16 AM,06:39 AM,05:40 PM,-3,-1,2,-1,8,99,70,0.0,1031,1,20,47,6
2019-02-23 12:00:00,4,-3,0.0,5.7,1,2,65,10:37 PM,09:16 AM,06:39 AM,05:40 PM,-2,1,4,1,9,69,64,0.0,1029,3,20,88,9
2019-02-23 15:00:00,4,-3,0.0,5.7,1,2,65,10:37 PM,09:16 AM,06:39 AM,05:40 PM,-2,3,5,3,10,14,62,0.0,1027,4,20,135,10
2019-02-23 18:00:00,4,-3,0.0,5.7,1,0,65,10:37 PM,09:16 AM,06:39 AM,05:40 PM,-0,3,5,3,12,24,69,0.0,1025,4,20,144,11
2019-02-23 21:00:00,4,-3,0.0,5.7,1,0,65,10:37 PM,09:16 AM,06:39 AM,05:40 PM,1,0,2,0,13,46,78,0.0,1024,1,19,141,8
2019-02-24 00:00:00,13,3,0.0,4.1,2,0,57,11:45 PM,09:49 AM,06:38 AM,05:42 PM,1,-2,1,-2,15,100,79,0.0,1022,-1,17,122,9
2019-02-24 03:00:00,13,3,0.0,4.1,2,0,57,11:45 PM,09:49 AM,06:38 AM,05:42 PM,2,2,5,2,22,100,82,1.5,1016,4,4,90,9
2019-02-24 06:00:00,13,3,0.0,4.1,2,0,57,11:45 PM,09:49 AM,06:38 AM,05:42 PM,4,4,6,4,30,100,86,5.9,1014,6,6,95,7
2019-02-24 09:00:00,13,3,0.0,4.1,2,2,57,11:45 PM,09:49 AM,06:38 AM,05:42 PM,6,6,8,6,28,100,89,9.9,1008,7,6,119,8
2019-02-24 12:00:00,13,3,0.0,4.1,2,2,57,11:45 PM,09:49 AM,06:38 AM,05:42 PM,8,11,11,11,22,100,85,6.4,999,10,7,160,11
2019-02-24 15:00:00,13,3,0.0,4.1,2,3,57,11:45 PM,09:49 AM,06:38 AM,05:42 PM,8,14,14,14,21,99,69,4.4,995,13,5,219,19
2019-02-24 18:00:00,13,3,0.0,4.1,2,0,57,11:45 PM,09:49 AM,06:38 AM,05:42 PM,6,12,12,12,33,93,67,0.3,998,11,5,247,15
2019-02-24 21:00:00,13,3,0.0,4.1,2,0,57,11:45 PM,09:49 AM,06:38 AM,05:42 PM,3,7,9,7,53,64,65,0.4,1002,8,10,270,17
2019-02-25 00:00:00,6,0,0.0,8.7,2,0,50,No moonrise,10:23 AM,06:36 AM,05:43 PM,-1,3,7,3,53,23,53,0.0,1001,7,10,271,24
2019-02-25 03:00:00,6,0,0.0,8.7,2,0,50,No moonrise,10:23 AM,06:36 AM,05:43 PM,-4,1,5,1,53,35,50,0.0,1003,5,10,267,24
2019-02-25 06:00:00,6,0,0.0,8.7,2,0,50,No moonrise,10:23 AM,06:36 AM,05:43 PM,-4,-1,4,-1,53,45,59,0.0,1008,3,10,267,21
2019-02-25 09:00:00,6,0,0.0,8.7,2,2,50,No moonrise,10:23 AM,06:36 AM,05:43 PM,-3,-1,4,-1,51,45,63,0.0,1015,3,10,272,19
2019-02-25 12:00:00,6,0,0.0,8.7,2,2,50,No moonrise,10:23 AM,06:36 AM,05:43 PM,-8,1,6,1,47,39,36,0.0,1013,5,10,281,32
2019-02-25 15:00:00,6,0,0.0,8.7,2,3,50,No moonrise,10:23 AM,06:36 AM,05:43 PM,-9,2,7,2,45,23,32,0.0,1014,6,10,285,31
2019-02-25 18:00:00,6,0,0.0,8.7,2,0,50,No moonrise,10:23 AM,06:36 AM,05:43 PM,-10,0,5,0,45,5,33,0.0,1018,4,10,288,26
2019-02-25 21:00:00,6,0,0.0,8.7,2,0,50,No moonrise,10:23 AM,06:36 AM,05:43 PM,-11,-3,2,-3,43,0,38,0.0,1020,2,10,295,20
2019-02-26 00:00:00,2,-3,0.0,7.2,2,0,42,12:48 AM,11:00 AM,06:35 AM,05:44 PM,-11,-5,0,-5,36,1,43,0.0,1025,-1,10,302,15
2019-02-26 03:00:00,2,-3,0.0,7.2,2,0,42,12:48 AM,11:00 AM,06:35 AM,05:44 PM,-11,-6,-1,-6,30,7,46,0.0,1030,-2,10,304,13
2019-02-26 06:00:00,2,-3,0.0,7.2,2,0,42,12:48 AM,11:00 AM,06:35 AM,05:44 PM,-12,-7,-2,-7,26,13,46,0.0,1030,-3,10,299,15
2019-02-26 09:00:00,2,-3,0.0,7.2,2,2,42,12:48 AM,11:00 AM,06:35 AM,05:44 PM,-12,-6,-1,-6,23,19,41,0.0,1028,-2,10,296,18
2019-02-26 12:00:00,2,-3,0.0,7.2,2,2,42,12:48 AM,11:00 AM,06:35 AM,05:44 PM,-14,-3,2,-3,22,35,32,0.0,1027,1,10,293,18
2019-02-26 15:00:00,2,-3,0.0,7.2,2,2,42,12:48 AM,11:00 AM,06:35 AM,05:44 PM,-15,-2,3,-2,24,61,27,0.0,1027,2,10,298,19
2019-02-26 18:00:00,2,-3,0.0,7.2,2,0,42,12:48 AM,11:00 AM,06:35 AM,05:44 PM,-15,-4,1,-4,27,55,30,0.0,1027,-0,10,316,14
2019-02-26 21:00:00,2,-3,0.0,7.2,2,0,42,12:48 AM,11:00 AM,06:35 AM,05:44 PM,-16,-7,-2,-7,26,37,33,0.0,1029,-3,10,335,14
2019-02-27 00:00:00,0,-6,0.0,5.7,1,0,35,01:49 AM,11:41 AM,06:33 AM,05:45 PM,-15,-7,-3,-7,22,39,37,0.0,1029,-4,10,341,14
2019-02-27 03:00:00,0,-6,0.0,5.7,1,0,35,01:49 AM,11:41 AM,06:33 AM,05:45 PM,-18,-10,-5,-10,17,78,35,0.0,1030,-6,10,347,12
2019-02-27 06:00:00,0,-6,0.0,5.7,1,0,35,01:49 AM,11:41 AM,06:33 AM,05:45 PM,-18,-10,-5,-10,12,85,36,0.0,1030,-6,10,246,12
2019-02-27 09:00:00,0,-6,0.0,5.7,1,1,35,01:49 AM,11:41 AM,06:33 AM,05:45 PM,-18,-9,-4,-9,9,95,36,0.0,1029,-5,10,59,12
2019-02-27 12:00:00,0,-6,0.0,5.7,1,2,35,01:49 AM,11:41 AM,06:33 AM,05:45 PM,-14,-6,-2,-6,10,68,39,0.1,1026,-3,10,119,10
2019-02-27 15:00:00,0,-6,0.0,5.7,1,1,35,01:49 AM,11:41 AM,06:33 AM,05:45 PM,-10,-3,1,-3,15,56,44,0.0,1022,-0,10,138,13
2019-02-27 18:00:00,0,-6,0.0,5.7,1,0,35,01:49 AM,11:41 AM,06:33 AM,05:45 PM,-12,-4,-0,-4,19,99,39,0.0,1024,-1,10,133,15
2019-02-27 21:00:00,0,-6,0.0,5.7,1,0,35,01:49 AM,11:41 AM,06:33 AM,05:45 PM,-10,-4,-1,-4,18,100,48,0.0,1024,-2,10,126,11
2019-02-28 00:00:00,2,-3,0.7,7.2,1,0,27,02:45 AM,12:26 PM,06:32 AM,05:46 PM,-8,-4,-1,-4,12,100,57,0.0,1022,-2,10,136,7
2019-02-28 03:00:00,2,-3,0.7,7.2,1,0,27,02:45 AM,12:26 PM,06:32 AM,05:46 PM,-7,-5,-2,-5,6,100,67,0.2,1021,-3,7,98,6
2019-02-28 06:00:00,2,-3,0.7,7.2,1,0,27,02:45 AM,12:26 PM,06:32 AM,05:46 PM,-6,-5,-2,-5,7,99,72,0.6,1021,-3,2,127,7
2019-02-28 09:00:00,2,-3,0.7,7.2,1,2,27,02:45 AM,12:26 PM,06:32 AM,05:46 PM,-8,-5,-1,-5,16,69,61,0.4,1023,-2,5,338,9
2019-02-28 12:00:00,2,-3,0.7,7.2,1,2,27,02:45 AM,12:26 PM,06:32 AM,05:46 PM,-10,-4,0,-4,21,18,47,0.0,1023,-1,10,335,11
2019-02-28 15:00:00,2,-3,0.7,7.2,1,2,27,02:45 AM,12:26 PM,06:32 AM,05:46 PM,-5,0,3,0,17,18,57,0.0,1021,2,10,344,7
2019-02-28 18:00:00,2,-3,0.7,7.2,1,0,27,02:45 AM,12:26 PM,06:32 AM,05:46 PM,-4,-1,2,-1,12,17,62,0.0,1021,2,10,233,8
2019-02-28 21:00:00,2,-3,0.7,7.2,1,0,27,02:45 AM,12:26 PM,06:32 AM,05:46 PM,-6,-3,0,-3,13,31,64,0.0,1024,-1,10,21,8
2019-03-01 00:00:00,2,-3,3.1,4.2,1,0,26,03:37 AM,01:15 PM,06:30 AM,05:47 PM,-9,-4,-1,-4,14,65,58,0.0,1026,-2,10,54,8
2019-03-01 03:00:00,2,-3,3.1,4.2,1,0,26,03:37 AM,01:15 PM,06:30 AM,05:47 PM,-8,-5,-2,-5,9,100,60,0.1,1023,-3,7,70,8
2019-03-01 06:00:00,2,-3,3.1,4.2,1,0,26,03:37 AM,01:15 PM,06:30 AM,05:47 PM,-8,-6,-2,-6,6,100,63,1.1,1025,-3,2,66,8
2019-03-01 09:00:00,2,-3,3.1,4.2,1,1,26,03:37 AM,01:15 PM,06:30 AM,05:47 PM,-8,-3,-0,-3,11,100,57,2.0,1028,-1,2,50,10
2019-03-01 12:00:00,2,-3,3.1,4.2,1,1,26,03:37 AM,01:15 PM,06:30 AM,05:47 PM,-5,0,3,0,13,100,55,0.4,1024,2,2,81,12
2019-03-01 15:00:00,2,-3,3.1,4.2,1,1,26,03:37 AM,01:15 PM,06:30 AM,05:47 PM,-3,0,3,0,13,100,66,0.3,1022,2,5,103,10
2019-03-01 18:00:00,2,-3,3.1,4.2,1,0,26,03:37 AM,01:15 PM,06:30 AM,05:47 PM,-4,1,3,1,15,100,62,0.0,1025,2,10,98,8
2019-03-01 21:00:00,2,-3,3.1,4.2,1,0,26,03:37 AM,01:15 PM,06:30 AM,05:47 PM,-3,-1,2,-1,18,100,71,0.1,1024,1,10,78,10
2019-03-02 00:00:00,3,-2,0.0,4.2,1,0,19,04:23 AM,02:08 PM,06:29 AM,05:48 PM,-3,-2,1,-2,20,100,77,0.1,1022,-0,10,54,11
2019-03-02 03:00:00,3,-2,0.0,4.2,1,0,19,04:23 AM,02:08 PM,06:29 AM,05:48 PM,-3,-3,0,-3,23,100,78,1.9,1021,-1,9,34,13
2019-03-02 06:00:00,3,-2,0.0,4.2,1,0,19,04:23 AM,02:08 PM,06:29 AM,05:48 PM,-3,-2,1,-2,25,100,78,6.0,1020,0,7,16,13
2019-03-02 09:00:00,3,-2,0.0,4.2,1,1,19,04:23 AM,02:08 PM,06:29 AM,05:48 PM,-2,-2,2,-2,21,100,76,4.3,1019,1,5,12,10
2019-03-02 12:00:00,3,-2,0.0,4.2,1,1,19,04:23 AM,02:08 PM,06:29 AM,05:48 PM,-1,0,3,0,13,100,70,0.1,1017,3,2,113,9
2019-03-02 15:00:00,3,-2,0.0,4.2,1,2,19,04:23 AM,02:08 PM,06:29 AM,05:48 PM,-1,1,4,1,8,87,69,0.0,1016,3,5,293,8
2019-03-02 18:00:00,3,-2,0.0,4.2,1,0,19,04:23 AM,02:08 PM,06:29 AM,05:48 PM,-1,2,4,2,10,69,74,0.0,1018,3,7,221,7
2019-03-02 21:00:00,3,-2,0.0,4.2,1,0,19,04:23 AM,02:08 PM,06:29 AM,05:48 PM,-1,-0,2,-0,16,81,74,0.0,1014,1,5,244,11
2019-03-03 00:00:00,3,-2,3.9,7.2,1,0,12,05:04 AM,03:04 PM,06:27 AM,05:50 PM,-2,-2,2,-2,16,78,66,0.0,1008,-2,10,285,12
2019-03-03 03:00:00,3,-2,3.9,7.2,1,0,12,05:04 AM,03:04 PM,06:27 AM,05:50 PM,-3,-1,2,-1,14,73,70,0.0,1019,1,10,301,9
2019-03-03 06:00:00,3,-2,3.9,7.2,1,0,12,05:04 AM,03:04 PM,06:27 AM,05:50 PM,-5,-2,1,-2,14,42,66,0.0,1021,0,10,313,9
2019-03-03 09:00:00,3,-2,3.9,7.2,1,2,12,05:04 AM,03:04 PM,06:27 AM,05:50 PM,-5,-1,2,-1,12,38,62,0.0,1022,1,10,315,7
2019-03-03 12:00:00,3,-2,3.9,7.2,1,1,12,05:04 AM,03:04 PM,06:27 AM,05:50 PM,-4,1,3,1,7,51,57,0.0,1020,3,10,273,4
2019-03-03 15:00:00,3,-2,3.9,7.2,1,1,12,05:04 AM,03:04 PM,06:27 AM,05:50 PM,-2,2,4,2,7,75,62,0.0,1018,3,10,180,5
2019-03-03 18:00:00,3,-2,3.9,7.2,1,0,12,05:04 AM,03:04 PM,06:27 AM,05:50 PM,-1,1,3,1,10,100,74,0.8,1017,3,7,163,7
2019-03-03 21:00:00,3,-2,3.9,7.2,1,0,12,05:04 AM,03:04 PM,06:27 AM,05:50 PM,-3,-2,1,-2,13,100,74,3.8,1017,0,2,112,8
2019-03-04 00:00:00,2,-5,12.4,8.7,1,0,4,05:40 AM,04:00 PM,06:25 AM,05:51 PM,-7,-4,1,-4,18,100,59,9.5,1014,-0,3,48,15
2019-03-04 03:00:00,2,-5,12.4,8.7,1,0,4,05:40 AM,04:00 PM,06:25 AM,05:51 PM,-1,-1,3,-1,23,100,78,10.9,1001,2,5,138,19
2019-03-04 06:00:00,2,-5,12.4,8.7,1,0,4,05:40 AM,04:00 PM,06:25 AM,05:51 PM,-2,-4,1,-4,25,84,77,3.7,1003,1,3,347,21
2019-03-04 09:00:00,2,-5,12.4,8.7,1,2,4,05:40 AM,04:00 PM,06:25 AM,05:51 PM,-2,-2,2,-2,25,41,72,2.0,1005,2,7,328,18
2019-03-04 12:00:00,2,-5,12.4,8.7,1,2,4,05:40 AM,04:00 PM,06:25 AM,05:51 PM,-5,-1,3,-1,21,14,56,0.0,1011,2,10,312,15
2019-03-04 15:00:00,2,-5,12.4,8.7,1,2,4,05:40 AM,04:00 PM,06:25 AM,05:51 PM,-9,-1,3,-1,22,17,44,0.0,1022,2,10,298,14
2019-03-04 18:00:00,2,-5,12.4,8.7,1,0,4,05:40 AM,04:00 PM,06:25 AM,05:51 PM,-9,-3,1,-3,21,55,48,0.0,1020,0,10,299,13
2019-03-04 21:00:00,2,-5,12.4,8.7,1,0,4,05:40 AM,04:00 PM,06:25 AM,05:51 PM,-10,-7,-2,-7,18,87,56,0.0,1015,-3,9,320,12
2019-03-05 00:00:00,-2,-8,0.0,8.7,1,0,0,06:12 AM,04:58 PM,06:24 AM,05:52 PM,-11,-8,-4,-8,18,92,57,0.1,1017,-5,8,332,13
2019-03-05 03:00:00,-2,-8,0.0,8.7,1,0,0,06:12 AM,04:58 PM,06:24 AM,05:52 PM,-13,-10,-6,-10,19,51,58,0.1,1018,-7,9,335,11
2019-03-05 06:00:00,-2,-8,0.0,8.7,1,0,0,06:12 AM,04:58 PM,06:24 AM,05:52 PM,-13,-12,-7,-12,11,0,60,0.0,1019,-8,10,322,10
2019-03-05 09:00:00,-2,-8,0.0,8.7,1,1,0,06:12 AM,04:58 PM,06:24 AM,05:52 PM,-12,-11,-6,-11,9,27,58,0.0,1021,-7,10,278,13
2019-03-05 12:00:00,-2,-8,0.0,8.7,1,2,0,06:12 AM,04:58 PM,06:24 AM,05:52 PM,-12,-7,-2,-7,14,57,47,0.0,1021,-3,10,226,15
2019-03-05 15:00:00,-2,-8,0.0,8.7,1,2,0,06:12 AM,04:58 PM,06:24 AM,05:52 PM,-11,-6,-1,-6,21,23,46,0.0,1020,-2,10,237,13
2019-03-05 18:00:00,-2,-8,0.0,8.7,1,0,0,06:12 AM,04:58 PM,06:24 AM,05:52 PM,-12,-8,-3,-8,24,36,50,0.0,1018,-4,10,254,13
2019-03-05 21:00:00,-2,-8,0.0,8.7,1,0,0,06:12 AM,04:58 PM,06:24 AM,05:52 PM,-11,-9,-4,-9,27,28,58,0.0,1017,-5,10,274,14
2019-03-06 00:00:00,-2,-10,0.0,5.7,2,0,0,06:41 AM,05:57 PM,06:22 AM,05:53 PM,-13,-11,-5,-11,30,34,57,0.0,1016,-6,10,304,17
2019-03-06 03:00:00,-2,-10,0.0,5.7,2,0,0,06:41 AM,05:57 PM,06:22 AM,05:53 PM,-14,-13,-7,-13,28,8,54,0.0,1017,-8,10,319,18
2019-03-06 06:00:00,-2,-10,0.0,5.7,2,0,0,06:41 AM,05:57 PM,06:22 AM,05:53 PM,-15,-15,-8,-15,24,11,57,0.0,1017,-9,10,304,21
2019-03-06 09:00:00,-2,-10,0.0,5.7,2,1,0,06:41 AM,05:57 PM,06:22 AM,05:53 PM,-14,-13,-6,-13,24,39,55,0.0,1019,-7,10,293,18
2019-03-06 12:00:00,-2,-10,0.0,5.7,2,1,0,06:41 AM,05:57 PM,06:22 AM,05:53 PM,-12,-7,-2,-7,24,84,48,0.0,1020,-2,10,293,16
2019-03-06 15:00:00,-2,-10,0.0,5.7,2,1,0,06:41 AM,05:57 PM,06:22 AM,05:53 PM,-16,-11,-4,-11,23,99,37,0.0,1020,-4,10,291,20
2019-03-06 18:00:00,-2,-10,0.0,5.7,2,0,0,06:41 AM,05:57 PM,06:22 AM,05:53 PM,-16,-12,-5,-12,24,98,43,0.1,1021,-6,10,294,17
2019-03-06 21:00:00,-2,-10,0.0,5.7,2,0,0,06:41 AM,05:57 PM,06:22 AM,05:53 PM,-15,-12,-7,-12,23,93,50,0.0,1023,-8,10,301,12
2019-03-07 00:00:00,1,-11,0.1,4.2,1,0,3,07:09 AM,06:55 PM,06:21 AM,05:54 PM,-16,-13,-8,-13,23,80,54,0.1,1024,-9,10,306,9
2019-03-07 03:00:00,1,-11,0.1,4.2,1,0,3,07:09 AM,06:55 PM,06:21 AM,05:54 PM,-17,-15,-9,-15,19,86,55,0.1,1023,-10,10,294,10
2019-03-07 06:00:00,1,-11,0.1,4.2,1,0,3,07:09 AM,06:55 PM,06:21 AM,05:54 PM,-16,-15,-10,-15,17,96,56,0.0,1024,-11,10,268,13
2019-03-07 09:00:00,1,-11,0.1,4.2,1,1,3,07:09 AM,06:55 PM,06:21 AM,05:54 PM,-15,-13,-8,-13,18,100,55,0.0,1025,-9,10,254,13
2019-03-07 12:00:00,1,-11,0.1,4.2,1,1,3,07:09 AM,06:55 PM,06:21 AM,05:54 PM,-14,-9,-3,-9,20,100,45,0.0,1026,-4,10,260,16
2019-03-07 15:00:00,1,-11,0.1,4.2,1,1,3,07:09 AM,06:55 PM,06:21 AM,05:54 PM,-10,-5,0,-5,21,100,45,0.0,1025,-1,9,262,19
2019-03-07 18:00:00,1,-11,0.1,4.2,1,0,3,07:09 AM,06:55 PM,06:21 AM,05:54 PM,-11,-9,-4,-9,20,100,54,0.1,1026,-5,6,259,17
2019-03-07 21:00:00,1,-11,0.1,4.2,1,0,3,07:09 AM,06:55 PM,06:21 AM,05:54 PM,-12,-10,-6,-10,16,77,59,0.1,1027,-7,7,285,12
2019-03-08 00:00:00,3,-9,0.0,7.2,1,0,10,07:35 AM,07:54 PM,06:19 AM,05:55 PM,-13,-11,-7,-11,11,54,63,0.0,1028,-8,10,354,6
2019-03-08 03:00:00,3,-9,0.0,7.2,1,0,10,07:35 AM,07:54 PM,06:19 AM,05:55 PM,-14,-12,-8,-12,8,99,62,0.0,1028,-9,10,346,6
2019-03-08 06:00:00,3,-9,0.0,7.2,1,0,10,07:35 AM,07:54 PM,06:19 AM,05:55 PM,-14,-11,-8,-11,5,91,61,0.0,1029,-9,10,315,6
2019-03-08 09:00:00,3,-9,0.0,7.2,1,2,10,07:35 AM,07:54 PM,06:19 AM,05:55 PM,-13,-8,-5,-8,5,52,59,0.0,1029,-6,10,280,6
2019-03-08 12:00:00,3,-9,0.0,7.2,1,1,10,07:35 AM,07:54 PM,06:19 AM,05:55 PM,-9,-3,-0,-3,7,33,54,0.0,1027,-1,10,220,11
2019-03-08 15:00:00,3,-9,0.0,7.2,1,1,10,07:35 AM,07:54 PM,06:19 AM,05:55 PM,-6,-0,3,-0,12,88,52,0.0,1024,2,10,188,11
2019-03-08 18:00:00,3,-9,0.0,7.2,1,0,10,07:35 AM,07:54 PM,06:19 AM,05:55 PM,-7,-2,2,-2,13,94,51,0.0,1026,2,10,167,12
2019-03-08 21:00:00,3,-9,0.0,7.2,1,0,10,07:35 AM,07:54 PM,06:19 AM,05:55 PM,-7,-5,-1,-5,11,81,62,0.0,1025,-2,10,198,12
2019-03-09 00:00:00,4,-3,0.0,8.7,2,0,17,08:01 AM,08:54 PM,06:18 AM,05:56 PM,-7,-6,-3,-6,9,39,74,0.0,1023,-4,10,264,7
2019-03-09 03:00:00,4,-3,0.0,8.7,2,0,17,08:01 AM,08:54 PM,06:18 AM,05:56 PM,-4,-5,-2,-5,9,22,83,0.0,1021,-3,10,304,7
2019-03-09 06:00:00,4,-3,0.0,8.7,2,0,17,08:01 AM,08:54 PM,06:18 AM,05:56 PM,-4,-5,-2,-5,8,5,84,0.0,1022,-3,10,316,11
2019-03-09 09:00:00,4,-3,0.0,8.7,2,2,17,08:01 AM,08:54 PM,06:18 AM,05:56 PM,-4,-4,-1,-4,8,0,79,0.0,1023,-2,10,222,9
2019-03-09 12:00:00,4,-3,0.0,8.7,2,2,17,08:01 AM,08:54 PM,06:18 AM,05:56 PM,-4,-2,1,-2,8,1,70,0.0,1024,0,10,41,10
2019-03-09 15:00:00,4,-3,0.0,8.7,2,2,17,08:01 AM,08:54 PM,06:18 AM,05:56 PM,-2,3,5,3,7,2,62,0.0,1025,4,10,101,9
2019-03-09 18:00:00,4,-3,0.0,8.7,2,0,17,08:01 AM,08:54 PM,06:18 AM,05:56 PM,-3,1,3,1,9,11,67,0.0,1027,2,10,128,11
2019-03-09 21:00:00,4,-3,0.0,8.7,2,0,17,08:01 AM,08:54 PM,06:18 AM,05:56 PM,-4,-3,1,-3,11,23,72,0.0,1028,-0,10,141,9
2019-03-10 00:00:00,5,-4,0.0,4.3,1,0,24,08:29 AM,09:55 PM,06:16 AM,05:57 PM,-4,-3,1,-3,16,32,71,0.0,1028,0,10,133,10
2019-03-10 03:00:00,5,-4,0.0,4.3,1,0,24,08:29 AM,09:55 PM,06:16 AM,05:57 PM,-3,-2,2,-2,26,88,70,0.9,1027,1,9,110,14
2019-03-10 06:00:00,5,-4,0.0,4.3,1,0,24,08:29 AM,09:55 PM,06:16 AM,05:57 PM,-3,-4,0,-4,31,100,77,4.0,1026,-1,7,105,14
2019-03-10 09:00:00,5,-4,0.0,4.3,1,1,24,08:29 AM,09:55 PM,06:16 AM,05:57 PM,-3,-4,1,-4,35,100,78,6.3,1026,-0,7,104,15
2019-03-10 12:00:00,5,-4,0.0,4.3,1,1,24,08:29 AM,09:55 PM,06:16 AM,05:57 PM,-3,-3,2,-3,28,100,74,6.6,1022,1,6,90,16
2019-03-10 15:00:00,5,-4,0.0,4.3,1,1,24,08:29 AM,09:55 PM,06:16 AM,05:57 PM,0,1,5,1,14,100,72,5.3,1010,5,4,54,21
2019-03-10 18:00:00,5,-4,0.0,4.3,1,0,24,08:29 AM,09:55 PM,06:16 AM,05:57 PM,3,2,6,2,6,100,75,0.2,1010,4,2,111,22
2019-03-10 21:00:00,5,-4,0.0,4.3,1,0,24,08:29 AM,09:55 PM,06:16 AM,05:57 PM,6,1,4,1,9,80,82,0.2,1012,1,2,279,15
2019-03-11 00:00:00,6,2,0.0,8.7,3,0,32,08:59 AM,10:57 PM,06:14 AM,05:58 PM,7,1,4,1,20,42,87,0.0,1011,1,5,279,14
2019-03-11 03:00:00,6,2,0.0,8.7,3,0,32,08:59 AM,10:57 PM,06:14 AM,05:58 PM,6,8,8,8,27,50,88,0.0,1010,8,10,282,13
2019-03-11 06:00:00,6,2,0.0,8.7,3,0,32,08:59 AM,10:57 PM,06:14 AM,05:58 PM,3,3,6,3,22,40,84,0.0,1014,5,10,273,14
2019-03-11 09:00:00,6,2,0.0,8.7,3,2,32,08:59 AM,10:57 PM,06:14 AM,05:58 PM,-1,-0,4,-0,24,13,73,0.0,1014,3,10,268,15
2019-03-11 12:00:00,6,2,0.0,8.7,3,3,32,08:59 AM,10:57 PM,06:14 AM,05:58 PM,1,3,6,3,27,16,69,0.0,1005,6,10,278,18
2019-03-11 15:00:00,6,2,0.0,8.7,3,3,32,08:59 AM,10:57 PM,06:14 AM,05:58 PM,1,4,7,4,29,7,62,0.0,1006,6,10,279,18
2019-03-11 18:00:00,6,2,0.0,8.7,3,0,32,08:59 AM,10:57 PM,06:14 AM,05:58 PM,-1,3,6,3,31,9,59,0.0,1008,6,10,274,18
2019-03-11 21:00:00,6,2,0.0,8.7,3,0,32,08:59 AM,10:57 PM,06:14 AM,05:58 PM,-2,1,5,1,32,8,62,0.0,1012,4,10,287,16
