date_time,"san+francisco,ca_maxtempC","san+francisco,ca_mintempC","san+francisco,ca_totalSnow_cm","san+francisco,ca_sunHour","san+francisco,ca_uvIndex","san+francisco,ca_uvIndex","san+francisco,ca_moon_illumination","san+francisco,ca_moonrise","san+francisco,ca_moonset","san+francisco,ca_sunrise","san+francisco,ca_sunset","san+francisco,ca_DewPointC","san+francisco,ca_FeelsLikeC","san+francisco,ca_HeatIndexC","san+francisco,ca_WindChillC","san+francisco,ca_WindGustKmph","san+francisco,ca_cloudcover","san+francisco,ca_humidity","san+francisco,ca_precipMM","san+francisco,ca_pressure","san+francisco,ca_tempC","san+francisco,ca_visibility","san+francisco,ca_winddirDegree","san+francisco,ca_windspeedKmph"
2018-12-11 00:00:00,13,8,0.0,8.7,4,0,21,10:39 AM,08:56 PM,07:15 AM,04:51 PM,10,11,12,11,11,6,86,0.0,1022,10,10,329,8
2018-12-11 03:00:00,13,8,0.0,8.7,4,0,21,10:39 AM,08:56 PM,07:15 AM,04:51 PM,10,12,12,12,2,3,86,0.0,1022,9,10,352,2
2018-12-11 06:00:00,13,8,0.0,8.7,4,0,21,10:39 AM,08:56 PM,07:15 AM,04:51 PM,10,14,13,14,5,0,83,0.0,1022,8,10,22,4
2018-12-11 09:00:00,13,8,0.0,8.7,4,3,21,10:39 AM,08:56 PM,07:15 AM,04:51 PM,8,11,11,11,1,8,79,0.0,1023,10,10,253,1
2018-12-11 12:00:00,13,8,0.0,8.7,4,4,21,10:39 AM,08:56 PM,07:15 AM,04:51 PM,8,15,15,15,4,7,62,0.0,1022,13,10,277,4
2018-12-11 15:00:00,13,8,0.0,8.7,4,4,21,10:39 AM,08:56 PM,07:15 AM,04:51 PM,8,14,14,14,7,25,66,0.0,1021,13,10,260,5
2018-12-11 18:00:00,13,8,0.0,8.7,4,0,21,10:39 AM,08:56 PM,07:15 AM,04:51 PM,10,14,14,14,7,7,78,0.0,1022,12,10,285,5
2018-12-11 21:00:00,13,8,0.0,8.7,4,0,21,10:39 AM,08:56 PM,07:15 AM,04:51 PM,11,13,13,13,4,15,87,0.0,1023,12,10,256,3
2018-12-12 00:00:00,15,11,0.0,8.7,4,0,29,11:16 AM,09:52 PM,07:16 AM,04:51 PM,12,12,13,12,10,48,93,0.0,1023,12,10,289,7
2018-12-12 03:00:00,15,11,0.0,8.7,4,0,29,11:16 AM,09:52 PM,07:16 AM,04:51 PM,11,12,12,12,3,58,94,0.0,1024,12,2,209,2
2018-12-12 06:00:00,15,11,0.0,8.7,4,0,29,11:16 AM,09:52 PM,07:16 AM,04:51 PM,10,11,12,11,16,34,91,0.0,1024,11,10,22,11
2018-12-12 09:00:00,15,11,0.0,8.7,4,4,29,11:16 AM,09:52 PM,07:16 AM,04:51 PM,8,12,13,12,12,5,74,0.0,1025,12,10,32,10
2018-12-12 12:00:00,15,11,0.0,8.7,4,5,29,11:16 AM,09:52 PM,07:16 AM,04:51 PM,6,16,16,16,15,5,52,0.0,1024,15,10,5,13
2018-12-12 15:00:00,15,11,0.0,8.7,4,4,29,11:16 AM,09:52 PM,07:16 AM,04:51 PM,8,16,16,16,11,15,61,0.0,1024,15,10,293,8
2018-12-12 18:00:00,15,11,0.0,8.7,4,0,29,11:16 AM,09:52 PM,07:16 AM,04:51 PM,9,14,14,14,3,8,70,0.0,1025,13,10,295,2
2018-12-12 21:00:00,15,11,0.0,8.7,4,0,29,11:16 AM,09:52 PM,07:16 AM,04:51 PM,7,13,13,13,9,10,66,0.0,1026,12,10,138,5
2018-12-13 00:00:00,15,10,0.0,8.7,4,0,36,11:49 AM,10:49 PM,07:17 AM,04:51 PM,5,13,13,13,6,12,61,0.0,1026,11,10,100,4
2018-12-13 03:00:00,15,10,0.0,8.7,4,0,36,11:49 AM,10:49 PM,07:17 AM,04:51 PM,4,13,12,13,7,6,56,0.0,1025,10,10,74,5
2018-12-13 06:00:00,15,10,0.0,8.7,4,0,36,11:49 AM,10:49 PM,07:17 AM,04:51 PM,3,12,13,12,11,1,53,0.0,1025,10,10,52,9
2018-12-13 09:00:00,15,10,0.0,8.7,4,4,36,11:49 AM,10:49 PM,07:17 AM,04:51 PM,4,13,14,13,7,9,53,0.0,1025,12,10,63,6
2018-12-13 12:00:00,15,10,0.0,8.7,4,4,36,11:49 AM,10:49 PM,07:17 AM,04:51 PM,6,16,16,16,15,0,49,0.0,1023,15,10,59,13
2018-12-13 15:00:00,15,10,0.0,8.7,4,4,36,11:49 AM,10:49 PM,07:17 AM,04:51 PM,9,17,17,17,10,0,60,0.0,1021,14,10,86,9
2018-12-13 18:00:00,15,10,0.0,8.7,4,0,36,11:49 AM,10:49 PM,07:17 AM,04:51 PM,7,13,13,13,12,3,66,0.0,1021,12,10,75,9
2018-12-13 21:00:00,15,10,0.0,8.7,4,0,36,11:49 AM,10:49 PM,07:17 AM,04:51 PM,6,10,11,10,18,100,70,0.0,1020,11,10,96,10
2018-12-14 00:00:00,15,10,0.0,5.2,4,0,43,12:19 PM,11:46 PM,07:17 AM,04:52 PM,6,11,11,11,12,15,71,0.0,1019,10,10,74,8
2018-12-14 03:00:00,15,10,0.0,5.2,4,0,43,12:19 PM,11:46 PM,07:17 AM,04:52 PM,7,11,11,11,9,81,77,0.0,1018,10,10,104,6
2018-12-14 06:00:00,15,10,0.0,5.2,4,0,43,12:19 PM,11:46 PM,07:17 AM,04:52 PM,7,10,11,10,16,62,75,0.0,1017,11,10,134,10
2018-12-14 09:00:00,15,10,0.0,5.2,4,3,43,12:19 PM,11:46 PM,07:17 AM,04:52 PM,10,12,14,12,21,75,80,0.0,1018,13,10,177,14
2018-12-14 12:00:00,15,10,0.0,5.2,4,4,43,12:19 PM,11:46 PM,07:17 AM,04:52 PM,11,13,15,13,32,37,78,0.0,1018,15,10,191,22
2018-12-14 15:00:00,15,10,0.0,5.2,4,3,43,12:19 PM,11:46 PM,07:17 AM,04:52 PM,11,13,14,13,21,100,84,0.0,1019,14,10,211,14
2018-12-14 18:00:00,15,10,0.0,5.2,4,0,43,12:19 PM,11:46 PM,07:17 AM,04:52 PM,12,13,14,13,19,76,87,0.8,1020,14,9,176,13
2018-12-14 21:00:00,15,10,0.0,5.2,4,0,43,12:19 PM,11:46 PM,07:17 AM,04:52 PM,12,14,14,14,2,52,87,0.0,1020,13,10,165,1
2018-12-15 00:00:00,15,13,0.0,5.2,3,0,51,12:48 PM,No moonset,07:18 AM,04:52 PM,11,13,13,13,10,70,88,0.0,1020,13,10,110,7
2018-12-15 03:00:00,15,13,0.0,5.2,3,0,51,12:48 PM,No moonset,07:18 AM,04:52 PM,12,13,13,13,13,83,90,0.0,1019,13,10,131,9
2018-12-15 06:00:00,15,13,0.0,5.2,3,0,51,12:48 PM,No moonset,07:18 AM,04:52 PM,11,12,13,12,12,90,89,0.4,1019,13,2,121,8
2018-12-15 09:00:00,15,13,0.0,5.2,3,3,51,12:48 PM,No moonset,07:18 AM,04:52 PM,10,12,13,12,14,69,81,0.0,1019,13,10,124,11
2018-12-15 12:00:00,15,13,0.0,5.2,3,5,51,12:48 PM,No moonset,07:18 AM,04:52 PM,10,16,16,16,10,50,69,0.0,1018,15,10,130,9
2018-12-15 15:00:00,15,13,0.0,5.2,3,4,51,12:48 PM,No moonset,07:18 AM,04:52 PM,11,16,16,16,9,78,73,0.0,1017,15,10,140,6
2018-12-15 18:00:00,15,13,0.0,5.2,3,0,51,12:48 PM,No moonset,07:18 AM,04:52 PM,11,14,14,14,12,67,79,0.0,1018,14,10,139,8
2018-12-15 21:00:00,15,13,0.0,5.2,3,0,51,12:48 PM,No moonset,07:18 AM,04:52 PM,10,13,13,13,14,54,79,0.0,1018,13,10,136,9
2018-12-16 00:00:00,15,13,0.0,3.5,3,0,58,01:17 PM,12:43 AM,07:19 AM,04:52 PM,10,13,14,13,20,67,81,0.0,1018,13,10,154,12
2018-12-16 03:00:00,15,13,0.0,3.5,3,0,58,01:17 PM,12:43 AM,07:19 AM,04:52 PM,10,12,13,12,17,46,82,0.0,1018,13,10,132,11
2018-12-16 06:00:00,15,13,0.0,3.5,3,0,58,01:17 PM,12:43 AM,07:19 AM,04:52 PM,10,12,13,12,25,48,79,0.0,1018,13,10,156,15
2018-12-16 09:00:00,15,13,0.0,3.5,3,3,58,01:17 PM,12:43 AM,07:19 AM,04:52 PM,11,13,14,13,26,78,80,0.0,1017,14,10,146,17
2018-12-16 12:00:00,15,13,0.0,3.5,3,3,58,01:17 PM,12:43 AM,07:19 AM,04:52 PM,12,13,15,13,34,100,82,0.0,1016,15,10,163,23
2018-12-16 15:00:00,15,13,0.0,3.5,3,3,58,01:17 PM,12:43 AM,07:19 AM,04:52 PM,13,13,14,13,30,100,93,0.0,1017,14,10,165,20
2018-12-16 18:00:00,15,13,0.0,3.5,3,0,58,01:17 PM,12:43 AM,07:19 AM,04:52 PM,13,13,14,13,28,100,93,4.0,1017,14,7,177,18
2018-12-16 21:00:00,15,13,0.0,3.5,3,0,58,01:17 PM,12:43 AM,07:19 AM,04:52 PM,12,13,13,13,10,100,92,0.0,1018,13,10,304,8
2018-12-17 00:00:00,15,11,0.0,7.0,3,0,65,01:46 PM,01:42 AM,07:19 AM,04:53 PM,8,12,13,12,12,20,73,0.3,1019,12,9,278,9
2018-12-17 03:00:00,15,11,0.0,7.0,3,0,65,01:46 PM,01:42 AM,07:19 AM,04:53 PM,9,12,12,12,4,26,82,0.0,1020,11,10,168,3
2018-12-17 06:00:00,15,11,0.0,7.0,3,0,65,01:46 PM,01:42 AM,07:19 AM,04:53 PM,9,12,12,12,7,23,85,0.0,1021,11,10,202,5
2018-12-17 09:00:00,15,11,0.0,7.0,3,4,65,01:46 PM,01:42 AM,07:19 AM,04:53 PM,11,15,15,15,5,8,78,0.0,1024,13,10,140,5
2018-12-17 12:00:00,15,11,0.0,7.0,3,5,65,01:46 PM,01:42 AM,07:19 AM,04:53 PM,9,16,16,16,7,29,63,0.0,1023,15,10,252,6
2018-12-17 15:00:00,15,11,0.0,7.0,3,4,65,01:46 PM,01:42 AM,07:19 AM,04:53 PM,9,14,14,14,9,62,72,0.0,1024,14,10,291,7
2018-12-17 18:00:00,15,11,0.0,7.0,3,0,65,01:46 PM,01:42 AM,07:19 AM,04:53 PM,10,14,13,14,6,11,80,0.0,1025,12,10,292,5
2018-12-17 21:00:00,15,11,0.0,7.0,3,0,65,01:46 PM,01:42 AM,07:19 AM,04:53 PM,10,13,13,13,5,11,85,0.0,1026,12,10,262,3
2018-12-18 00:00:00,14,10,0.0,8.7,4,0,72,02:17 PM,02:43 AM,07:20 AM,04:53 PM,11,13,13,13,3,10,87,0.0,1026,11,10,221,3
2018-12-18 03:00:00,14,10,0.0,8.7,4,0,72,02:17 PM,02:43 AM,07:20 AM,04:53 PM,9,11,11,11,10,30,87,0.0,1026,11,10,133,6
2018-12-18 06:00:00,14,10,0.0,8.7,4,0,72,02:17 PM,02:43 AM,07:20 AM,04:53 PM,9,11,11,11,7,28,86,0.0,1027,10,10,151,4
2018-12-18 09:00:00,14,10,0.0,8.7,4,4,72,02:17 PM,02:43 AM,07:20 AM,04:53 PM,9,12,13,12,10,26,78,0.0,1028,12,10,141,8
2018-12-18 12:00:00,14,10,0.0,8.7,4,4,72,02:17 PM,02:43 AM,07:20 AM,04:53 PM,10,15,15,15,6,41,71,0.0,1027,14,10,204,5
2018-12-18 15:00:00,14,10,0.0,8.7,4,4,72,02:17 PM,02:43 AM,07:20 AM,04:53 PM,11,15,15,15,6,55,80,0.0,1027,14,10,240,4
2018-12-18 18:00:00,14,10,0.0,8.7,4,0,72,02:17 PM,02:43 AM,07:20 AM,04:53 PM,11,14,14,14,4,31,85,0.0,1027,13,10,183,3
2018-12-18 21:00:00,14,10,0.0,8.7,4,0,72,02:17 PM,02:43 AM,07:20 AM,04:53 PM,12,14,13,14,6,49,92,0.0,1027,13,10,228,4
2018-12-19 00:00:00,15,12,0.0,5.2,4,0,80,02:53 PM,03:47 AM,07:21 AM,04:53 PM,12,13,13,13,1,53,94,0.0,1027,13,10,308,0
2018-12-19 03:00:00,15,12,0.0,5.2,4,0,80,02:53 PM,03:47 AM,07:21 AM,04:53 PM,12,14,14,14,4,52,93,0.0,1026,13,10,70,3
2018-12-19 06:00:00,15,12,0.0,5.2,4,0,80,02:53 PM,03:47 AM,07:21 AM,04:53 PM,12,12,13,12,11,56,93,0.0,1025,12,10,22,8
2018-12-19 09:00:00,15,12,0.0,5.2,4,3,80,02:53 PM,03:47 AM,07:21 AM,04:53 PM,11,14,14,14,7,91,85,0.0,1026,13,10,76,6
2018-12-19 12:00:00,15,12,0.0,5.2,4,4,80,02:53 PM,03:47 AM,07:21 AM,04:53 PM,12,15,15,15,10,42,80,0.0,1024,15,10,60,8
2018-12-19 15:00:00,15,12,0.0,5.2,4,3,80,02:53 PM,03:47 AM,07:21 AM,04:53 PM,12,15,15,15,9,76,82,0.0,1022,14,10,120,6
2018-12-19 18:00:00,15,12,0.0,5.2,4,0,80,02:53 PM,03:47 AM,07:21 AM,04:53 PM,12,14,14,14,6,9,88,0.0,1022,13,10,57,4
2018-12-19 21:00:00,15,12,0.0,5.2,4,0,80,02:53 PM,03:47 AM,07:21 AM,04:53 PM,11,12,12,12,9,25,91,0.0,1022,12,10,102,6
2018-12-20 00:00:00,13,10,0.0,5.2,4,0,87,03:34 PM,04:54 AM,07:21 AM,04:54 PM,11,12,12,12,6,30,91,0.0,1022,11,10,63,4
2018-12-20 03:00:00,13,10,0.0,5.2,4,0,87,03:34 PM,04:54 AM,07:21 AM,04:54 PM,10,11,11,11,7,34,92,0.0,1022,10,10,77,5
2018-12-20 06:00:00,13,10,0.0,5.2,4,0,87,03:34 PM,04:54 AM,07:21 AM,04:54 PM,9,10,11,10,9,37,91,0.0,1022,10,10,53,6
2018-12-20 09:00:00,13,10,0.0,5.2,4,3,87,03:34 PM,04:54 AM,07:21 AM,04:54 PM,9,11,11,11,5,64,88,0.0,1023,11,10,79,5
2018-12-20 12:00:00,13,10,0.0,5.2,4,4,87,03:34 PM,04:54 AM,07:21 AM,04:54 PM,10,15,14,15,5,17,77,0.0,1021,13,10,100,5
2018-12-20 15:00:00,13,10,0.0,5.2,4,3,87,03:34 PM,04:54 AM,07:21 AM,04:54 PM,10,12,12,12,1,86,86,0.0,1020,12,10,36,1
2018-12-20 18:00:00,13,10,0.0,5.2,4,0,87,03:34 PM,04:54 AM,07:21 AM,04:54 PM,10,12,12,12,8,69,87,0.0,1020,12,10,144,6
2018-12-20 21:00:00,13,10,0.0,5.2,4,0,87,03:34 PM,04:54 AM,07:21 AM,04:54 PM,10,10,12,10,15,100,89,0.0,1020,11,10,132,10
2018-12-21 00:00:00,13,10,0.0,3.5,4,0,94,04:21 PM,06:02 AM,07:22 AM,04:54 PM,11,13,13,13,5,44,89,0.0,1019,12,10,202,4
2018-12-21 03:00:00,13,10,0.0,3.5,4,0,94,04:21 PM,06:02 AM,07:22 AM,04:54 PM,11,12,12,12,4,94,91,0.8,1019,12,9,151,3
2018-12-21 06:00:00,13,10,0.0,3.5,4,0,94,04:21 PM,06:02 AM,07:22 AM,04:54 PM,11,11,11,11,7,100,96,0.3,1019,10,10,162,6
2018-12-21 09:00:00,13,10,0.0,3.5,4,3,94,04:21 PM,06:02 AM,07:22 AM,04:54 PM,11,12,12,12,3,100,91,0.0,1020,12,10,109,3
2018-12-21 12:00:00,13,10,0.0,3.5,4,3,94,04:21 PM,06:02 AM,07:22 AM,04:54 PM,11,14,14,14,8,82,85,0.1,1019,13,10,351,6
2018-12-21 15:00:00,13,10,0.0,3.5,4,3,94,04:21 PM,06:02 AM,07:22 AM,04:54 PM,11,14,14,14,9,65,84,0.0,1019,13,10,0,6
2018-12-21 18:00:00,13,10,0.0,3.5,4,0,94,04:21 PM,06:02 AM,07:22 AM,04:54 PM,11,13,13,13,8,21,89,0.0,1019,12,10,9,5
2018-12-21 21:00:00,13,10,0.0,3.5,4,0,94,04:21 PM,06:02 AM,07:22 AM,04:54 PM,10,12,12,12,7,4,83,0.0,1019,11,10,42,5
2018-12-22 00:00:00,14,9,0.0,7.0,4,0,100,05:17 PM,07:10 AM,07:22 AM,04:55 PM,9,12,12,12,7,4,79,0.0,1019,10,10,33,6
2018-12-22 03:00:00,14,9,0.0,7.0,4,0,100,05:17 PM,07:10 AM,07:22 AM,04:55 PM,7,11,11,11,2,14,78,0.0,1019,9,10,64,1
2018-12-22 06:00:00,14,9,0.0,7.0,4,0,100,05:17 PM,07:10 AM,07:22 AM,04:55 PM,6,9,10,9,10,12,75,0.0,1020,9,10,36,6
2018-12-22 09:00:00,14,9,0.0,7.0,4,4,100,05:17 PM,07:10 AM,07:22 AM,04:55 PM,4,12,12,12,3,23,56,0.0,1021,11,10,115,3
2018-12-22 12:00:00,14,9,0.0,7.0,4,4,100,05:17 PM,07:10 AM,07:22 AM,04:55 PM,3,15,14,15,5,33,45,0.0,1021,14,10,7,5
2018-12-22 15:00:00,14,9,0.0,7.0,4,3,100,05:17 PM,07:10 AM,07:22 AM,04:55 PM,4,14,14,14,6,88,52,0.0,1022,13,10,333,4
2018-12-22 18:00:00,14,9,0.0,7.0,4,0,100,05:17 PM,07:10 AM,07:22 AM,04:55 PM,4,13,13,13,6,45,56,0.0,1022,12,10,52,4
2018-12-22 21:00:00,14,9,0.0,7.0,4,0,100,05:17 PM,07:10 AM,07:22 AM,04:55 PM,5,11,11,11,11,32,65,0.0,1023,11,10,332,7
2018-12-23 00:00:00,14,10,0.0,7.0,4,0,100,06:20 PM,08:14 AM,07:23 AM,04:55 PM,6,12,12,12,8,28,67,0.0,1023,11,10,322,5
2018-12-23 03:00:00,14,10,0.0,7.0,4,0,100,06:20 PM,08:14 AM,07:23 AM,04:55 PM,6,11,11,11,6,89,74,0.0,1024,10,10,341,4
2018-12-23 06:00:00,14,10,0.0,7.0,4,0,100,06:20 PM,08:14 AM,07:23 AM,04:55 PM,6,10,10,10,3,47,74,0.0,1024,10,10,44,2
2018-12-23 09:00:00,14,10,0.0,7.0,4,4,100,06:20 PM,08:14 AM,07:23 AM,04:55 PM,7,13,13,13,1,31,70,0.0,1025,12,10,332,1
2018-12-23 12:00:00,14,10,0.0,7.0,4,4,100,06:20 PM,08:14 AM,07:23 AM,04:55 PM,7,15,15,15,3,50,61,0.0,1024,14,10,306,3
2018-12-23 15:00:00,14,10,0.0,7.0,4,3,100,06:20 PM,08:14 AM,07:23 AM,04:55 PM,9,13,13,13,8,100,75,0.0,1024,13,10,333,6
2018-12-23 18:00:00,14,10,0.0,7.0,4,0,100,06:20 PM,08:14 AM,07:23 AM,04:55 PM,9,13,13,13,8,42,78,0.3,1024,13,5,143,6
2018-12-23 21:00:00,14,10,0.0,7.0,4,0,100,06:20 PM,08:14 AM,07:23 AM,04:55 PM,8,12,12,12,5,58,79,0.0,1024,11,10,86,4
2018-12-24 00:00:00,14,11,0.0,5.2,3,0,84,07:29 PM,09:13 AM,07:23 AM,04:56 PM,8,13,12,13,6,81,77,0.0,1023,12,10,97,4
2018-12-24 03:00:00,14,11,0.0,5.2,3,0,84,07:29 PM,09:13 AM,07:23 AM,04:56 PM,8,11,12,11,8,82,79,0.0,1023,11,10,79,5
2018-12-24 06:00:00,14,11,0.0,5.2,3,0,84,07:29 PM,09:13 AM,07:23 AM,04:56 PM,8,11,11,11,10,86,81,0.0,1021,11,10,145,6
2018-12-24 09:00:00,14,11,0.0,5.2,3,3,84,07:29 PM,09:13 AM,07:23 AM,04:56 PM,10,11,12,11,17,100,87,0.0,1020,12,10,156,12
2018-12-24 12:00:00,14,11,0.0,5.2,3,3,84,07:29 PM,09:13 AM,07:23 AM,04:56 PM,12,12,13,12,21,100,93,0.0,1017,13,9,218,14
2018-12-24 15:00:00,14,11,0.0,5.2,3,3,84,07:29 PM,09:13 AM,07:23 AM,04:56 PM,11,12,14,12,48,49,82,0.0,1015,14,9,278,29
2018-12-24 18:00:00,14,11,0.0,5.2,3,0,84,07:29 PM,09:13 AM,07:23 AM,04:56 PM,8,13,13,13,53,62,75,0.1,1015,12,9,275,20
2018-12-24 21:00:00,14,11,0.0,5.2,3,0,84,07:29 PM,09:13 AM,07:23 AM,04:56 PM,9,10,12,10,26,91,81,0.0,1013,12,10,264,17
2018-12-25 00:00:00,14,9,0.0,8.7,3,0,77,08:40 PM,10:04 AM,07:24 AM,04:57 PM,8,9,11,9,28,21,85,1.2,1013,11,9,320,18
2018-12-25 03:00:00,14,9,0.0,8.7,3,0,77,08:40 PM,10:04 AM,07:24 AM,04:57 PM,7,8,10,8,18,9,81,0.0,1014,9,10,332,13
2018-12-25 06:00:00,14,9,0.0,8.7,3,0,77,08:40 PM,10:04 AM,07:24 AM,04:57 PM,7,9,11,9,15,3,78,0.0,1016,9,10,322,12
2018-12-25 09:00:00,14,9,0.0,8.7,3,4,77,08:40 PM,10:04 AM,07:24 AM,04:57 PM,8,11,13,11,14,0,74,0.0,1016,11,10,311,12
2018-12-25 12:00:00,14,9,0.0,8.7,3,4,77,08:40 PM,10:04 AM,07:24 AM,04:57 PM,7,12,14,12,22,0,63,0.0,1016,14,10,316,18
2018-12-25 15:00:00,14,9,0.0,8.7,3,4,77,08:40 PM,10:04 AM,07:24 AM,04:57 PM,8,13,14,13,23,7,66,0.0,1015,14,10,313,15
2018-12-25 18:00:00,14,9,0.0,8.7,3,0,77,08:40 PM,10:04 AM,07:24 AM,04:57 PM,8,11,12,11,23,4,75,0.0,1017,12,10,319,14
2018-12-25 21:00:00,14,9,0.0,8.7,3,0,77,08:40 PM,10:04 AM,07:24 AM,04:57 PM,6,9,11,9,26,11,73,0.0,1018,11,10,325,15
2018-12-26 00:00:00,13,9,0.0,7.0,4,0,69,09:51 PM,10:47 AM,07:24 AM,04:57 PM,6,10,11,10,15,13,72,0.0,1019,10,10,318,10
2018-12-26 03:00:00,13,9,0.0,7.0,4,0,69,09:51 PM,10:47 AM,07:24 AM,04:57 PM,6,9,10,9,13,75,78,0.0,1019,9,10,319,8
2018-12-26 06:00:00,13,9,0.0,7.0,4,0,69,09:51 PM,10:47 AM,07:24 AM,04:57 PM,6,9,9,9,9,77,79,0.0,1021,9,10,330,6
2018-12-26 09:00:00,13,9,0.0,7.0,4,4,69,09:51 PM,10:47 AM,07:24 AM,04:57 PM,7,12,12,12,7,8,72,0.0,1021,11,10,304,6
2018-12-26 12:00:00,13,9,0.0,7.0,4,4,69,09:51 PM,10:47 AM,07:24 AM,04:57 PM,8,15,15,15,13,0,61,0.0,1021,13,10,295,12
2018-12-26 15:00:00,13,9,0.0,7.0,4,3,69,09:51 PM,10:47 AM,07:24 AM,04:57 PM,7,13,14,13,11,68,66,0.0,1020,13,10,289,8
2018-12-26 18:00:00,13,9,0.0,7.0,4,0,69,09:51 PM,10:47 AM,07:24 AM,04:57 PM,9,11,12,11,19,9,80,0.0,1020,12,10,297,13
2018-12-26 21:00:00,13,9,0.0,7.0,4,0,69,09:51 PM,10:47 AM,07:24 AM,04:57 PM,9,10,11,10,14,29,86,0.0,1021,11,10,290,9
2018-12-27 00:00:00,14,8,0.0,8.7,4,0,62,11:00 PM,11:26 AM,07:24 AM,04:58 PM,8,8,10,8,24,13,85,0.0,1021,10,10,329,16
2018-12-27 03:00:00,14,8,0.0,8.7,4,0,62,11:00 PM,11:26 AM,07:24 AM,04:58 PM,8,9,10,9,14,4,85,0.0,1021,9,10,340,11
2018-12-27 06:00:00,14,8,0.0,8.7,4,0,62,11:00 PM,11:26 AM,07:24 AM,04:58 PM,7,8,10,8,15,2,80,0.0,1021,8,10,329,13
2018-12-27 09:00:00,14,8,0.0,8.7,4,4,62,11:00 PM,11:26 AM,07:24 AM,04:58 PM,2,9,11,9,30,0,52,0.0,1021,11,10,344,22
2018-12-27 12:00:00,14,8,0.0,8.7,4,4,62,11:00 PM,11:26 AM,07:24 AM,04:58 PM,-1,12,14,12,36,0,37,0.0,1021,14,10,357,27
2018-12-27 15:00:00,14,8,0.0,8.7,4,4,62,11:00 PM,11:26 AM,07:24 AM,04:58 PM,1,11,13,11,33,0,43,0.0,1020,13,10,347,21
2018-12-27 18:00:00,14,8,0.0,8.7,4,0,62,11:00 PM,11:26 AM,07:24 AM,04:58 PM,-1,9,11,9,36,2,43,0.0,1022,11,10,352,21
2018-12-27 21:00:00,14,8,0.0,8.7,4,0,62,11:00 PM,11:26 AM,07:24 AM,04:58 PM,-2,8,11,8,36,1,42,0.0,1022,11,10,353,21
2018-12-28 00:00:00,13,8,0.0,8.7,4,0,55,No moonrise,12:00 PM,07:25 AM,04:59 PM,-3,6,10,6,45,2,40,0.0,1023,10,10,12,28
2018-12-28 03:00:00,13,8,0.0,8.7,4,0,55,No moonrise,12:00 PM,07:25 AM,04:59 PM,-2,6,9,6,33,5,47,0.0,1023,9,10,353,19
2018-12-28 06:00:00,13,8,0.0,8.7,4,0,55,No moonrise,12:00 PM,07:25 AM,04:59 PM,-3,5,8,5,37,5,44,0.0,1023,8,10,12,22
2018-12-28 09:00:00,13,8,0.0,8.7,4,4,55,No moonrise,12:00 PM,07:25 AM,04:59 PM,-3,9,11,9,20,6,38,0.0,1024,11,10,7,16
2018-12-28 12:00:00,13,8,0.0,8.7,4,4,55,No moonrise,12:00 PM,07:25 AM,04:59 PM,-3,11,13,11,20,5,33,0.0,1024,13,10,28,16
2018-12-28 15:00:00,13,8,0.0,8.7,4,4,55,No moonrise,12:00 PM,07:25 AM,04:59 PM,3,16,16,16,9,2,41,0.0,1023,13,10,15,8
2018-12-28 18:00:00,13,8,0.0,8.7,4,0,55,No moonrise,12:00 PM,07:25 AM,04:59 PM,0,13,13,13,6,3,43,0.0,1025,11,10,37,4
2018-12-28 21:00:00,13,8,0.0,8.7,4,0,55,No moonrise,12:00 PM,07:25 AM,04:59 PM,1,12,12,12,2,4,49,0.0,1025,10,10,258,1
2018-12-29 00:00:00,14,8,0.0,8.7,4,0,48,12:06 AM,12:33 PM,07:25 AM,04:59 PM,3,12,12,12,2,5,54,0.0,1026,9,10,42,1
2018-12-29 03:00:00,14,8,0.0,8.7,4,0,48,12:06 AM,12:33 PM,07:25 AM,04:59 PM,1,11,11,11,6,5,50,0.0,1027,9,10,136,5
2018-12-29 06:00:00,14,8,0.0,8.7,4,0,48,12:06 AM,12:33 PM,07:25 AM,04:59 PM,-0,11,11,11,5,4,47,0.0,1028,8,10,92,4
2018-12-29 09:00:00,14,8,0.0,8.7,4,4,48,12:06 AM,12:33 PM,07:25 AM,04:59 PM,2,13,13,13,6,4,46,0.0,1028,11,10,140,5
2018-12-29 12:00:00,14,8,0.0,8.7,4,4,48,12:06 AM,12:33 PM,07:25 AM,04:59 PM,4,18,18,18,3,2,38,0.0,1027,14,10,54,3
2018-12-29 15:00:00,14,8,0.0,8.7,4,4,48,12:06 AM,12:33 PM,07:25 AM,04:59 PM,6,15,15,15,5,3,52,0.0,1026,13,10,276,4
2018-12-29 18:00:00,14,8,0.0,8.7,4,0,48,12:06 AM,12:33 PM,07:25 AM,04:59 PM,6,14,13,14,4,3,62,0.0,1026,11,10,283,4
2018-12-29 21:00:00,14,8,0.0,8.7,4,0,48,12:06 AM,12:33 PM,07:25 AM,04:59 PM,10,14,14,14,3,1,78,0.0,1026,10,10,306,3
2018-12-30 00:00:00,14,8,0.0,8.7,4,0,40,01:11 AM,01:04 PM,07:25 AM,05:00 PM,12,15,15,15,3,0,80,0.0,1025,10,10,307,3
2018-12-30 03:00:00,14,8,0.0,8.7,4,0,40,01:11 AM,01:04 PM,07:25 AM,05:00 PM,11,14,14,14,4,0,83,0.0,1025,9,10,346,3
2018-12-30 06:00:00,14,8,0.0,8.7,4,0,40,01:11 AM,01:04 PM,07:25 AM,05:00 PM,7,9,10,9,9,3,83,0.0,1024,8,10,3,8
2018-12-30 09:00:00,14,8,0.0,8.7,4,3,40,01:11 AM,01:04 PM,07:25 AM,05:00 PM,6,11,11,11,2,33,75,0.0,1024,10,10,348,2
2018-12-30 12:00:00,14,8,0.0,8.7,4,4,40,01:11 AM,01:04 PM,07:25 AM,05:00 PM,9,14,15,14,12,4,70,0.0,1021,14,10,306,11
2018-12-30 15:00:00,14,8,0.0,8.7,4,4,40,01:11 AM,01:04 PM,07:25 AM,05:00 PM,10,14,15,14,13,3,75,0.0,1019,13,10,274,11
2018-12-30 18:00:00,14,8,0.0,8.7,4,0,40,01:11 AM,01:04 PM,07:25 AM,05:00 PM,9,10,12,10,22,8,84,0.0,1018,11,10,285,14
2018-12-30 21:00:00,14,8,0.0,8.7,4,0,40,01:11 AM,01:04 PM,07:25 AM,05:00 PM,7,10,11,10,15,6,77,0.0,1017,10,10,315,10
2018-12-31 00:00:00,12,8,0.0,8.7,3,0,36,02:14 AM,01:37 PM,07:25 AM,05:01 PM,6,8,10,8,20,8,79,0.0,1017,9,10,347,13
2018-12-31 03:00:00,12,8,0.0,8.7,3,0,36,02:14 AM,01:37 PM,07:25 AM,05:01 PM,5,7,9,7,21,6,75,0.0,1016,8,10,323,14
2018-12-31 06:00:00,12,8,0.0,8.7,3,0,36,02:14 AM,01:37 PM,07:25 AM,05:01 PM,-2,5,9,5,36,30,48,0.0,1017,9,10,356,22
2018-12-31 09:00:00,12,8,0.0,8.7,3,4,36,02:14 AM,01:37 PM,07:25 AM,05:01 PM,-3,7,11,7,42,0,39,0.0,1017,11,10,360,31
2018-12-31 12:00:00,12,8,0.0,8.7,3,4,36,02:14 AM,01:37 PM,07:25 AM,05:01 PM,-4,10,12,10,38,0,31,0.0,1017,12,10,12,31
2018-12-31 15:00:00,12,8,0.0,8.7,3,4,36,02:14 AM,01:37 PM,07:25 AM,05:01 PM,-4,9,11,9,40,0,34,0.0,1017,11,10,15,28
2018-12-31 18:00:00,12,8,0.0,8.7,3,0,36,02:14 AM,01:37 PM,07:25 AM,05:01 PM,-0,11,11,11,45,0,44,0.0,1018,11,10,15,22
2018-12-31 21:00:00,12,8,0.0,8.7,3,0,36,02:14 AM,01:37 PM,07:25 AM,05:01 PM,-1,8,9,8,48,0,48,0.0,1020,9,10,21,18
2019-01-01 00:00:00,11,5,0.0,8.7,3,0,26,03:17 AM,02:10 PM,07:25 AM,05:02 PM,-1,5,8,5,48,0,54,0.0,1021,7,10,31,15
2019-01-01 03:00:00,11,5,0.0,8.7,3,0,26,03:17 AM,02:10 PM,07:25 AM,05:02 PM,-2,4,7,4,44,0,54,0.0,1022,6,10,41,18
2019-01-01 06:00:00,11,5,0.0,8.7,3,0,26,03:17 AM,02:10 PM,07:25 AM,05:02 PM,-2,3,6,3,39,0,55,0.0,1024,5,10,50,14
2019-01-01 09:00:00,11,5,0.0,8.7,3,3,26,03:17 AM,02:10 PM,07:25 AM,05:02 PM,-3,6,8,6,30,0,47,0.0,1025,7,10,54,12
2019-01-01 12:00:00,11,5,0.0,8.7,3,4,26,03:17 AM,02:10 PM,07:25 AM,05:02 PM,-3,11,11,11,22,14,37,0.0,1025,11,10,49,12
2019-01-01 15:00:00,11,5,0.0,8.7,3,4,26,03:17 AM,02:10 PM,07:25 AM,05:02 PM,-1,12,12,12,17,30,43,0.0,1024,11,10,38,12
2019-01-01 18:00:00,11,5,0.0,8.7,3,0,26,03:17 AM,02:10 PM,07:25 AM,05:02 PM,-3,10,10,10,9,7,39,0.0,1023,9,10,131,8
2019-01-01 21:00:00,11,5,0.0,8.7,3,0,26,03:17 AM,02:10 PM,07:25 AM,05:02 PM,-1,8,8,8,3,7,51,0.0,1024,7,10,327,4
2019-01-02 00:00:00,10,5,0.0,8.7,3,0,19,04:17 AM,02:47 PM,07:26 AM,05:02 PM,1,7,7,7,5,4,62,0.0,1024,7,10,234,4
2019-01-02 03:00:00,10,5,0.0,8.7,3,0,19,04:17 AM,02:47 PM,07:26 AM,05:02 PM,2,5,6,5,5,3,73,0.0,1024,5,10,23,4
2019-01-02 06:00:00,10,5,0.0,8.7,3,0,19,04:17 AM,02:47 PM,07:26 AM,05:02 PM,1,6,6,6,7,3,69,0.0,1024,5,10,42,6
2019-01-02 09:00:00,10,5,0.0,8.7,3,3,19,04:17 AM,02:47 PM,07:26 AM,05:02 PM,1,6,7,6,7,1,63,0.0,1025,6,10,54,6
2019-01-02 12:00:00,10,5,0.0,8.7,3,3,19,04:17 AM,02:47 PM,07:26 AM,05:02 PM,1,10,10,10,8,0,54,0.0,1024,9,10,51,6
2019-01-02 15:00:00,10,5,0.0,8.7,3,4,19,04:17 AM,02:47 PM,07:26 AM,05:02 PM,0,11,11,11,7,0,49,0.0,1023,10,10,46,5
2019-01-02 18:00:00,10,5,0.0,8.7,3,0,19,04:17 AM,02:47 PM,07:26 AM,05:02 PM,1,10,10,10,5,1,55,0.0,1024,9,10,37,6
2019-01-02 21:00:00,10,5,0.0,8.7,3,0,19,04:17 AM,02:47 PM,07:26 AM,05:02 PM,1,7,7,7,6,6,63,0.0,1025,7,10,27,5
2019-01-03 00:00:00,11,4,0.0,8.7,3,0,11,05:17 AM,03:28 PM,07:26 AM,05:03 PM,0,6,6,6,9,7,67,0.0,1025,5,10,39,6
2019-01-03 03:00:00,11,4,0.0,8.7,3,0,11,05:17 AM,03:28 PM,07:26 AM,05:03 PM,1,6,6,6,11,2,71,0.0,1025,5,10,43,7
2019-01-03 06:00:00,11,4,0.0,8.7,3,0,11,05:17 AM,03:28 PM,07:26 AM,05:03 PM,1,4,6,4,14,6,74,0.0,1025,5,10,46,9
2019-01-03 09:00:00,11,4,0.0,8.7,3,3,11,05:17 AM,03:28 PM,07:26 AM,05:03 PM,2,5,7,5,12,4,74,0.0,1024,6,10,52,10
2019-01-03 12:00:00,11,4,0.0,8.7,3,3,11,05:17 AM,03:28 PM,07:26 AM,05:03 PM,3,11,11,11,9,6,62,0.0,1022,10,10,53,11
2019-01-03 15:00:00,11,4,0.0,8.7,3,4,11,05:17 AM,03:28 PM,07:26 AM,05:03 PM,2,12,12,12,8,8,51,0.0,1021,11,10,47,10
2019-01-03 18:00:00,11,4,0.0,8.7,3,0,11,05:17 AM,03:28 PM,07:26 AM,05:03 PM,2,10,10,10,9,7,59,0.0,1021,10,10,44,8
2019-01-03 21:00:00,11,4,0.0,8.7,3,0,11,05:17 AM,03:28 PM,07:26 AM,05:03 PM,2,8,8,8,9,5,66,0.0,1021,8,10,51,6
2019-01-04 00:00:00,12,6,0.0,3.7,3,0,4,06:13 AM,04:13 PM,07:26 AM,05:04 PM,2,7,7,7,6,6,72,0.0,1020,6,10,54,5
2019-01-04 03:00:00,12,6,0.0,3.7,3,0,4,06:13 AM,04:13 PM,07:26 AM,05:04 PM,2,7,7,7,8,35,75,0.0,1019,6,10,61,6
2019-01-04 06:00:00,12,6,0.0,3.7,3,0,4,06:13 AM,04:13 PM,07:26 AM,05:04 PM,3,6,6,6,11,92,76,0.0,1018,6,10,59,5
2019-01-04 09:00:00,12,6,0.0,3.7,3,2,4,06:13 AM,04:13 PM,07:26 AM,05:04 PM,5,8,8,8,10,87,78,0.0,1019,8,10,59,5
2019-01-04 12:00:00,12,6,0.0,3.7,3,3,4,06:13 AM,04:13 PM,07:26 AM,05:04 PM,6,12,12,12,7,78,69,0.0,1018,11,10,79,8
2019-01-04 15:00:00,12,6,0.0,3.7,3,4,4,06:13 AM,04:13 PM,07:26 AM,05:04 PM,5,13,13,13,5,63,60,0.0,1014,12,10,133,6
2019-01-04 18:00:00,12,6,0.0,3.7,3,0,4,06:13 AM,04:13 PM,07:26 AM,05:04 PM,5,11,11,11,7,71,69,0.0,1012,11,10,163,9
2019-01-04 21:00:00,12,6,0.0,3.7,3,0,4,06:13 AM,04:13 PM,07:26 AM,05:04 PM,6,10,10,10,13,92,78,0.0,1010,9,10,140,16
2019-01-05 00:00:00,13,7,0.0,3.7,3,0,0,07:06 AM,05:02 PM,07:26 AM,05:05 PM,7,9,9,9,27,74,86,0.0,1007,8,10,156,24
2019-01-05 03:00:00,13,7,0.0,3.7,3,0,0,07:06 AM,05:02 PM,07:26 AM,05:05 PM,7,9,9,9,35,77,87,0.0,1006,8,10,148,27
2019-01-05 06:00:00,13,7,0.0,3.7,3,0,0,07:06 AM,05:02 PM,07:26 AM,05:05 PM,7,7,9,7,37,93,86,0.5,1006,8,10,145,27
2019-01-05 09:00:00,13,7,0.0,3.7,3,2,0,07:06 AM,05:02 PM,07:26 AM,05:05 PM,8,6,10,6,48,100,85,2.2,1006,9,8,170,35
2019-01-05 12:00:00,13,7,0.0,3.7,3,3,0,07:06 AM,05:02 PM,07:26 AM,05:05 PM,8,11,13,11,59,91,72,3.0,1008,13,8,185,34
2019-01-05 15:00:00,13,7,0.0,3.7,3,3,0,07:06 AM,05:02 PM,07:26 AM,05:05 PM,6,13,13,13,54,71,63,0.9,1009,13,10,215,16
2019-01-05 18:00:00,13,7,0.0,3.7,3,0,0,07:06 AM,05:02 PM,07:26 AM,05:05 PM,6,12,12,12,43,71,69,0.4,1009,11,10,243,15
2019-01-05 21:00:00,13,7,0.0,3.7,3,0,0,07:06 AM,05:02 PM,07:26 AM,05:05 PM,7,11,11,11,32,65,76,0.7,1010,10,10,237,12
2019-01-06 00:00:00,13,7,0.0,3.7,3,0,0,07:54 AM,05:54 PM,07:26 AM,05:06 PM,8,10,10,10,25,55,84,0.7,1013,9,10,228,12
2019-01-06 03:00:00,13,7,0.0,3.7,3,0,0,07:54 AM,05:54 PM,07:26 AM,05:06 PM,7,9,9,9,19,76,84,1.7,1015,8,9,214,8
2019-01-06 06:00:00,13,7,0.0,3.7,3,0,0,07:54 AM,05:54 PM,07:26 AM,05:06 PM,7,8,9,8,21,81,87,0.7,1014,8,9,184,10
2019-01-06 09:00:00,13,7,0.0,3.7,3,2,0,07:54 AM,05:54 PM,07:26 AM,05:06 PM,7,8,9,8,33,80,82,0.3,1015,9,9,172,9
2019-01-06 12:00:00,13,7,0.0,3.7,3,3,0,07:54 AM,05:54 PM,07:26 AM,05:06 PM,8,13,13,13,46,100,73,2.4,1013,12,9,183,13
2019-01-06 15:00:00,13,7,0.0,3.7,3,3,0,07:54 AM,05:54 PM,07:26 AM,05:06 PM,8,14,14,14,48,100,71,7.1,1012,13,7,185,13
2019-01-06 18:00:00,13,7,0.0,3.7,3,0,0,07:54 AM,05:54 PM,07:26 AM,05:06 PM,8,12,12,12,47,100,77,7.7,1012,11,6,199,12
2019-01-06 21:00:00,13,7,0.0,3.7,3,0,0,07:54 AM,05:54 PM,07:26 AM,05:06 PM,7,8,9,8,45,99,80,7.2,1015,8,6,234,13
2019-01-07 00:00:00,13,12,0.0,3.7,4,0,3,08:37 AM,06:48 PM,07:26 AM,05:07 PM,8,7,9,7,30,76,82,2.1,1020,7,8,247,21
2019-01-07 03:00:00,13,12,0.0,3.7,4,0,3,08:37 AM,06:48 PM,07:26 AM,05:07 PM,9,12,12,12,17,54,85,0.0,1019,11,10,238,23
2019-01-07 06:00:00,13,12,0.0,3.7,4,0,3,08:37 AM,06:48 PM,07:26 AM,05:07 PM,11,13,13,13,10,100,88,0.0,1018,12,10,219,20
2019-01-07 09:00:00,13,12,0.0,3.7,4,3,3,08:37 AM,06:48 PM,07:26 AM,05:07 PM,11,13,13,13,7,98,88,0.1,1019,13,10,191,17
2019-01-07 12:00:00,13,12,0.0,3.7,4,3,3,08:37 AM,06:48 PM,07:26 AM,05:07 PM,10,14,14,14,6,90,80,0.0,1018,13,10,148,16
2019-01-07 15:00:00,13,12,0.0,3.7,4,4,3,08:37 AM,06:48 PM,07:26 AM,05:07 PM,9,14,14,14,9,69,74,0.0,1016,13,10,153,13
2019-01-07 18:00:00,13,12,0.0,3.7,4,0,3,08:37 AM,06:48 PM,07:26 AM,05:07 PM,9,12,12,12,10,48,81,0.0,1020,12,10,131,8
2019-01-07 21:00:00,13,12,0.0,3.7,4,0,3,08:37 AM,06:48 PM,07:26 AM,05:07 PM,8,11,11,11,11,54,84,0.0,1019,10,10,87,12
2019-01-08 00:00:00,13,9,0.0,3.7,4,0,10,09:15 AM,07:44 PM,07:26 AM,05:08 PM,8,10,10,10,11,52,87,0.0,1017,10,10,83,13
2019-01-08 03:00:00,13,9,0.0,3.7,4,0,10,09:15 AM,07:44 PM,07:26 AM,05:08 PM,7,10,10,10,15,47,84,0.0,1018,9,10,92,11
2019-01-08 06:00:00,13,9,0.0,3.7,4,0,10,09:15 AM,07:44 PM,07:26 AM,05:08 PM,8,11,11,11,21,68,86,0.0,1018,10,10,100,16
2019-01-08 09:00:00,13,9,0.0,3.7,4,3,10,09:15 AM,07:44 PM,07:26 AM,05:08 PM,9,11,11,11,18,100,88,0.0,1015,11,10,112,18
2019-01-08 12:00:00,13,9,0.0,3.7,4,3,10,09:15 AM,07:44 PM,07:26 AM,05:08 PM,9,14,14,14,20,98,74,0.1,1017,13,7,142,13
2019-01-08 15:00:00,13,9,0.0,3.7,4,4,10,09:15 AM,07:44 PM,07:26 AM,05:08 PM,8,14,14,14,37,68,67,0.2,1019,13,5,163,16
2019-01-08 18:00:00,13,9,0.0,3.7,4,0,10,09:15 AM,07:44 PM,07:26 AM,05:08 PM,8,12,12,12,45,34,75,0.3,1015,12,10,169,20
2019-01-08 21:00:00,13,9,0.0,3.7,4,0,10,09:15 AM,07:44 PM,07:26 AM,05:08 PM,8,11,11,11,41,77,86,0.7,1020,10,10,166,9
2019-01-09 00:00:00,13,10,0.0,3.7,3,0,18,09:50 AM,08:40 PM,07:26 AM,05:09 PM,8,10,10,10,51,89,88,0.4,1018,10,10,168,10
2019-01-09 03:00:00,13,10,0.0,3.7,3,0,18,09:50 AM,08:40 PM,07:26 AM,05:09 PM,9,11,11,11,53,82,85,0.8,1013,11,10,182,18
2019-01-09 06:00:00,13,10,0.0,3.7,3,0,18,09:50 AM,08:40 PM,07:26 AM,05:09 PM,9,12,12,12,45,57,85,0.2,1009,11,10,186,24
2019-01-09 09:00:00,13,10,0.0,3.7,3,4,18,09:50 AM,08:40 PM,07:26 AM,05:09 PM,9,12,12,12,35,67,83,0.5,1013,11,9,185,19
2019-01-09 12:00:00,13,10,0.0,3.7,3,3,18,09:50 AM,08:40 PM,07:26 AM,05:09 PM,9,13,13,13,32,60,75,0.1,1020,13,10,191,12
2019-01-09 15:00:00,13,10,0.0,3.7,3,4,18,09:50 AM,08:40 PM,07:26 AM,05:09 PM,9,14,14,14,28,69,74,0.1,1020,13,9,201,9
2019-01-09 18:00:00,13,10,0.0,3.7,3,0,18,09:50 AM,08:40 PM,07:26 AM,05:09 PM,10,13,13,13,23,46,83,0.3,1020,12,10,196,7
2019-01-09 21:00:00,13,10,0.0,3.7,3,0,18,09:50 AM,08:40 PM,07:26 AM,05:09 PM,10,12,12,12,15,55,87,0.5,1021,11,9,170,3
2019-01-10 00:00:00,12,8,0.0,8.7,4,0,25,10:20 AM,09:37 PM,07:25 AM,05:10 PM,9,11,11,11,13,30,89,0.0,1022,10,10,160,4
2019-01-10 03:00:00,12,8,0.0,8.7,4,0,25,10:20 AM,09:37 PM,07:25 AM,05:10 PM,9,11,11,11,12,38,90,0.0,1022,10,10,150,6
2019-01-10 06:00:00,12,8,0.0,8.7,4,0,25,10:20 AM,09:37 PM,07:25 AM,05:10 PM,8,10,10,10,10,10,88,0.0,1022,9,10,113,8
2019-01-10 09:00:00,12,8,0.0,8.7,4,3,25,10:20 AM,09:37 PM,07:25 AM,05:10 PM,7,10,10,10,7,7,82,0.0,1022,9,10,89,10
2019-01-10 12:00:00,12,8,0.0,8.7,4,4,25,10:20 AM,09:37 PM,07:25 AM,05:10 PM,9,12,12,12,3,5,81,0.0,1021,12,10,68,7
2019-01-10 15:00:00,12,8,0.0,8.7,4,4,25,10:20 AM,09:37 PM,07:25 AM,05:10 PM,10,13,13,13,1,9,84,0.0,1020,12,10,96,5
2019-01-10 18:00:00,12,8,0.0,8.7,4,0,25,10:20 AM,09:37 PM,07:25 AM,05:10 PM,10,12,12,12,3,14,88,0.0,1019,11,10,168,7
2019-01-10 21:00:00,12,8,0.0,8.7,4,0,25,10:20 AM,09:37 PM,07:25 AM,05:10 PM,10,12,12,12,8,15,85,0.0,1018,11,10,64,5
2019-01-11 00:00:00,12,10,0.0,5.4,4,0,32,10:50 AM,10:33 PM,07:25 AM,05:11 PM,8,10,10,10,12,28,86,0.0,1017,10,10,72,9
2019-01-11 03:00:00,12,10,0.0,5.4,4,0,32,10:50 AM,10:33 PM,07:25 AM,05:11 PM,7,9,9,9,11,44,85,0.0,1015,8,10,71,13
2019-01-11 06:00:00,12,10,0.0,5.4,4,0,32,10:50 AM,10:33 PM,07:25 AM,05:11 PM,7,10,10,10,21,50,84,0.0,1013,9,10,72,14
2019-01-11 09:00:00,12,10,0.0,5.4,4,4,32,10:50 AM,10:33 PM,07:25 AM,05:11 PM,8,12,12,12,27,42,79,0.0,1012,11,10,65,18
2019-01-11 12:00:00,12,10,0.0,5.4,4,3,32,10:50 AM,10:33 PM,07:25 AM,05:11 PM,7,13,13,13,20,63,68,0.1,1014,12,7,63,18
2019-01-11 15:00:00,12,10,0.0,5.4,4,3,32,10:50 AM,10:33 PM,07:25 AM,05:11 PM,6,13,13,13,13,96,61,0.8,1021,12,4,78,12
2019-01-11 18:00:00,12,10,0.0,5.4,4,0,32,10:50 AM,10:33 PM,07:25 AM,05:11 PM,5,11,11,11,17,100,66,1.9,1020,11,9,81,10
2019-01-11 21:00:00,12,10,0.0,5.4,4,0,32,10:50 AM,10:33 PM,07:25 AM,05:11 PM,5,10,10,10,22,100,72,3.4,1021,9,8,69,10
2019-01-12 00:00:00,13,9,0.0,7.0,3,0,39,11:18 AM,11:30 PM,07:25 AM,05:12 PM,5,8,9,8,22,100,76,4.6,1021,8,8,77,9
2019-01-12 03:00:00,13,9,0.0,7.0,3,0,39,11:18 AM,11:30 PM,07:25 AM,05:12 PM,6,7,9,7,23,97,81,1.4,1020,8,9,71,10
2019-01-12 06:00:00,13,9,0.0,7.0,3,0,39,11:18 AM,11:30 PM,07:25 AM,05:12 PM,9,10,10,10,21,84,89,1.5,1017,9,9,64,11
2019-01-12 09:00:00,13,9,0.0,7.0,3,2,39,11:18 AM,11:30 PM,07:25 AM,05:12 PM,8,11,11,11,13,70,81,0.1,1017,10,10,63,9
2019-01-12 12:00:00,13,9,0.0,7.0,3,4,39,11:18 AM,11:30 PM,07:25 AM,05:12 PM,5,13,13,13,9,57,62,0.1,1019,12,10,80,12
2019-01-12 15:00:00,13,9,0.0,7.0,3,4,39,11:18 AM,11:30 PM,07:25 AM,05:12 PM,5,14,14,14,6,29,61,0.0,1018,13,10,76,13
2019-01-12 18:00:00,13,9,0.0,7.0,3,0,39,11:18 AM,11:30 PM,07:25 AM,05:12 PM,8,13,13,13,7,50,77,0.0,1011,12,10,100,16
2019-01-12 21:00:00,13,9,0.0,7.0,3,0,39,11:18 AM,11:30 PM,07:25 AM,05:12 PM,9,12,12,12,14,88,81,0.1,1010,11,10,161,17
2019-01-13 00:00:00,13,7,0.0,8.7,4,0,47,11:46 AM,No moonset,07:25 AM,05:13 PM,8,11,11,11,14,66,83,0.1,1011,10,10,144,17
2019-01-13 03:00:00,13,7,0.0,8.7,4,0,47,11:46 AM,No moonset,07:25 AM,05:13 PM,7,10,10,10,10,19,84,0.0,1016,9,10,102,10
2019-01-13 06:00:00,13,7,0.0,8.7,4,0,47,11:46 AM,No moonset,07:25 AM,05:13 PM,7,8,9,8,14,13,85,0.0,1019,8,10,65,10
2019-01-13 09:00:00,13,7,0.0,8.7,4,3,47,11:46 AM,No moonset,07:25 AM,05:13 PM,5,7,9,7,23,15,78,0.0,1020,8,10,59,15
2019-01-13 12:00:00,13,7,0.0,8.7,4,4,47,11:46 AM,No moonset,07:25 AM,05:13 PM,8,10,12,10,28,8,76,0.0,1016,12,10,67,17
2019-01-13 15:00:00,13,7,0.0,8.7,4,4,47,11:46 AM,No moonset,07:25 AM,05:13 PM,8,14,14,14,30,8,71,0.0,1015,13,10,77,11
2019-01-13 18:00:00,13,7,0.0,8.7,4,0,47,11:46 AM,No moonset,07:25 AM,05:13 PM,8,12,12,12,28,9,76,0.0,1016,12,10,77,12
2019-01-13 21:00:00,13,7,0.0,8.7,4,0,47,11:46 AM,No moonset,07:25 AM,05:13 PM,7,10,10,10,24,10,78,0.0,1018,10,10,66,15
2019-01-14 00:00:00,12,8,0.0,3.7,3,0,54,12:15 PM,12:28 AM,07:24 AM,05:14 PM,6,9,9,9,24,29,81,0.0,1018,9,10,65,14
2019-01-14 03:00:00,12,8,0.0,3.7,3,0,54,12:15 PM,12:28 AM,07:24 AM,05:14 PM,7,10,10,10,23,69,82,0.0,1017,9,10,60,11
2019-01-14 06:00:00,12,8,0.0,3.7,3,0,54,12:15 PM,12:28 AM,07:24 AM,05:14 PM,7,9,9,9,28,74,84,0.0,1017,8,10,61,14
2019-01-14 09:00:00,12,8,0.0,3.7,3,2,54,12:15 PM,12:28 AM,07:24 AM,05:14 PM,7,10,10,10,28,76,82,0.2,1014,10,7,67,18
2019-01-14 12:00:00,12,8,0.0,3.7,3,3,54,12:15 PM,12:28 AM,07:24 AM,05:14 PM,8,13,13,13,27,76,70,1.0,1013,12,4,67,21
2019-01-14 15:00:00,12,8,0.0,3.7,3,3,54,12:15 PM,12:28 AM,07:24 AM,05:14 PM,7,13,13,13,25,74,71,2.2,1011,12,8,71,19
2019-01-14 18:00:00,12,8,0.0,3.7,3,0,54,12:15 PM,12:28 AM,07:24 AM,05:14 PM,8,12,12,12,20,85,75,2.2,1012,11,8,91,18
2019-01-14 21:00:00,12,8,0.0,3.7,3,0,54,12:15 PM,12:28 AM,07:24 AM,05:14 PM,8,12,12,12,19,85,76,1.3,1012,11,9,111,16
2019-01-15 00:00:00,11,10,0.0,3.7,3,0,61,12:48 PM,01:29 AM,07:24 AM,05:15 PM,7,12,12,12,19,87,75,0.9,1013,11,9,106,16
2019-01-15 03:00:00,11,10,0.0,3.7,3,0,61,12:48 PM,01:29 AM,07:24 AM,05:15 PM,8,12,12,12,20,86,76,0.0,1012,11,10,105,19
2019-01-15 06:00:00,11,10,0.0,3.7,3,0,61,12:48 PM,01:29 AM,07:24 AM,05:15 PM,8,12,12,12,17,61,79,0.1,1011,11,8,91,19
2019-01-15 09:00:00,11,10,0.0,3.7,3,3,61,12:48 PM,01:29 AM,07:24 AM,05:15 PM,8,11,11,11,17,81,82,0.2,1011,11,7,69,20
2019-01-15 12:00:00,11,10,0.0,3.7,3,3,61,12:48 PM,01:29 AM,07:24 AM,05:15 PM,9,12,12,12,20,86,79,0.3,1010,11,10,56,22
2019-01-15 15:00:00,11,10,0.0,3.7,3,3,61,12:48 PM,01:29 AM,07:24 AM,05:15 PM,9,12,12,12,23,61,80,0.7,1006,11,9,63,21
2019-01-15 18:00:00,11,10,0.0,3.7,3,0,61,12:48 PM,01:29 AM,07:24 AM,05:15 PM,8,12,12,12,18,72,82,1.6,1006,11,9,112,18
2019-01-15 21:00:00,11,10,0.0,3.7,3,0,61,12:48 PM,01:29 AM,07:24 AM,05:15 PM,9,12,12,12,16,78,84,4.2,1010,11,7,203,18
2019-01-16 00:00:00,13,9,0.0,3.7,3,0,69,01:24 PM,02:32 AM,07:24 AM,05:16 PM,10,12,12,12,30,74,85,2.4,1014,11,9,194,17
2019-01-16 03:00:00,13,9,0.0,3.7,3,0,69,01:24 PM,02:32 AM,07:24 AM,05:16 PM,9,11,11,11,32,94,86,0.5,1015,10,10,178,14
2019-01-16 06:00:00,13,9,0.0,3.7,3,0,69,01:24 PM,02:32 AM,07:24 AM,05:16 PM,8,10,10,10,35,100,87,0.3,1015,9,10,169,15
2019-01-16 09:00:00,13,9,0.0,3.7,3,3,69,01:24 PM,02:32 AM,07:24 AM,05:16 PM,9,11,11,11,40,89,86,0.5,1013,10,10,163,22
2019-01-16 12:00:00,13,9,0.0,3.7,3,3,69,01:24 PM,02:32 AM,07:24 AM,05:16 PM,10,13,13,13,43,77,79,1.0,1012,13,9,160,21
2019-01-16 15:00:00,13,9,0.0,3.7,3,3,69,01:24 PM,02:32 AM,07:24 AM,05:16 PM,9,14,14,14,52,100,76,2.1,1011,13,8,163,19
2019-01-16 18:00:00,13,9,0.0,3.7,3,0,69,01:24 PM,02:32 AM,07:24 AM,05:16 PM,10,13,13,13,56,100,84,1.7,1014,12,9,171,19
2019-01-16 21:00:00,13,9,0.0,3.7,3,0,69,01:24 PM,02:32 AM,07:24 AM,05:16 PM,10,12,12,12,54,93,87,3.3,1022,11,8,185,15
2019-01-17 00:00:00,13,11,0.0,3.7,3,0,76,02:07 PM,03:38 AM,07:23 AM,05:17 PM,9,11,11,11,54,81,88,0.4,1022,10,9,215,15
2019-01-17 03:00:00,13,11,0.0,3.7,3,0,76,02:07 PM,03:38 AM,07:23 AM,05:17 PM,9,11,12,11,48,81,85,0.7,1019,11,9,222,18
2019-01-17 06:00:00,13,11,0.0,3.7,3,0,76,02:07 PM,03:38 AM,07:23 AM,05:17 PM,10,12,13,12,44,62,81,0.8,1012,13,10,223,26
2019-01-17 09:00:00,13,11,0.0,3.7,3,3,76,02:07 PM,03:38 AM,07:23 AM,05:17 PM,10,12,13,12,48,69,84,1.5,1013,12,10,228,25
2019-01-17 12:00:00,13,11,0.0,3.7,3,3,76,02:07 PM,03:38 AM,07:23 AM,05:17 PM,9,12,14,12,46,94,73,0.3,1018,13,10,239,26
2019-01-17 15:00:00,13,11,0.0,3.7,3,3,76,02:07 PM,03:38 AM,07:23 AM,05:17 PM,8,13,13,13,33,78,70,0.7,1020,13,10,248,15
2019-01-17 18:00:00,13,11,0.0,3.7,3,0,76,02:07 PM,03:38 AM,07:23 AM,05:17 PM,8,12,12,12,27,71,76,0.1,1020,11,10,243,12
2019-01-17 21:00:00,13,11,0.0,3.7,3,0,76,02:07 PM,03:38 AM,07:23 AM,05:17 PM,8,11,11,11,21,66,80,0.2,1021,10,9,234,9
2019-01-18 00:00:00,12,8,0.0,7.0,3,0,83,02:57 PM,04:45 AM,07:23 AM,05:18 PM,7,10,10,10,13,63,84,0.1,1022,9,10,223,4
2019-01-18 03:00:00,12,8,0.0,7.0,3,0,83,02:57 PM,04:45 AM,07:23 AM,05:18 PM,8,10,10,10,9,82,90,0.2,1026,9,9,202,4
2019-01-18 06:00:00,12,8,0.0,7.0,3,0,83,02:57 PM,04:45 AM,07:23 AM,05:18 PM,8,9,9,9,8,72,91,0.1,1026,8,8,162,5
2019-01-18 09:00:00,12,8,0.0,7.0,3,3,83,02:57 PM,04:45 AM,07:23 AM,05:18 PM,8,10,10,10,9,58,85,0.1,1025,9,7,121,10
2019-01-18 12:00:00,12,8,0.0,7.0,3,4,83,02:57 PM,04:45 AM,07:23 AM,05:18 PM,8,12,12,12,10,56,74,0.0,1022,12,10,134,14
2019-01-18 15:00:00,12,8,0.0,7.0,3,3,83,02:57 PM,04:45 AM,07:23 AM,05:18 PM,9,13,13,13,11,66,76,0.0,1027,12,10,198,6
2019-01-18 18:00:00,12,8,0.0,7.0,3,0,83,02:57 PM,04:45 AM,07:23 AM,05:18 PM,9,12,12,12,7,80,76,0.0,1027,12,10,209,8
2019-01-18 21:00:00,12,8,0.0,7.0,3,0,83,02:57 PM,04:45 AM,07:23 AM,05:18 PM,8,11,11,11,4,84,81,0.1,1028,10,10,126,4
2019-01-19 00:00:00,15,9,0.0,7.0,3,0,90,03:56 PM,05:52 AM,07:23 AM,05:19 PM,9,11,11,11,4,96,85,0.0,1029,10,10,78,4
2019-01-19 03:00:00,15,9,0.0,7.0,3,0,90,03:56 PM,05:52 AM,07:23 AM,05:19 PM,8,10,10,10,8,92,85,0.0,1029,9,10,131,4
2019-01-19 06:00:00,15,9,0.0,7.0,3,0,90,03:56 PM,05:52 AM,07:23 AM,05:19 PM,8,10,10,10,9,96,85,0.0,1028,9,10,119,2
2019-01-19 09:00:00,15,9,0.0,7.0,3,3,90,03:56 PM,05:52 AM,07:23 AM,05:19 PM,8,12,12,12,7,83,80,0.0,1029,11,10,96,3
2019-01-19 12:00:00,15,9,0.0,7.0,3,4,90,03:56 PM,05:52 AM,07:23 AM,05:19 PM,10,15,15,15,2,60,74,0.0,1027,15,10,72,3
2019-01-19 15:00:00,15,9,0.0,7.0,3,4,90,03:56 PM,05:52 AM,07:23 AM,05:19 PM,11,15,15,15,3,37,77,0.0,1026,14,10,134,4
2019-01-19 18:00:00,15,9,0.0,7.0,3,0,90,03:56 PM,05:52 AM,07:23 AM,05:19 PM,11,14,14,14,6,44,79,0.0,1025,14,10,267,4
2019-01-19 21:00:00,15,9,0.0,7.0,3,0,90,03:56 PM,05:52 AM,07:23 AM,05:19 PM,11,13,13,13,5,68,89,0.0,1025,12,10,233,5
2019-01-20 00:00:00,13,9,0.0,3.7,3,0,98,05:03 PM,06:54 AM,07:22 AM,05:20 PM,11,12,12,12,10,100,90,0.0,1024,11,10,181,4
2019-01-20 03:00:00,13,9,0.0,3.7,3,0,98,05:03 PM,06:54 AM,07:22 AM,05:20 PM,10,12,12,12,15,79,90,0.1,1023,11,10,181,4
2019-01-20 06:00:00,13,9,0.0,3.7,3,0,98,05:03 PM,06:54 AM,07:22 AM,05:20 PM,9,11,11,11,28,44,88,0.1,1024,10,10,194,5
2019-01-20 09:00:00,13,9,0.0,3.7,3,2,98,05:03 PM,06:54 AM,07:22 AM,05:20 PM,8,11,11,11,34,72,84,0.2,1026,10,10,215,10
2019-01-20 12:00:00,13,9,0.0,3.7,3,3,98,05:03 PM,06:54 AM,07:22 AM,05:20 PM,8,13,13,13,31,100,75,0.2,1026,12,10,233,13
2019-01-20 15:00:00,13,9,0.0,3.7,3,4,98,05:03 PM,06:54 AM,07:22 AM,05:20 PM,8,14,14,14,34,87,71,0.5,1024,13,10,248,15
2019-01-20 18:00:00,13,9,0.0,3.7,3,0,98,05:03 PM,06:54 AM,07:22 AM,05:20 PM,8,13,13,13,41,68,73,0.8,1026,12,10,271,15
2019-01-20 21:00:00,13,9,0.0,3.7,3,0,98,05:03 PM,06:54 AM,07:22 AM,05:20 PM,8,11,11,11,47,81,76,2.0,1027,11,9,279,15
2019-01-21 00:00:00,12,8,0.0,8.7,3,0,100,06:15 PM,07:50 AM,07:22 AM,05:21 PM,7,10,10,10,46,78,79,0.8,1027,9,9,286,14
2019-01-21 03:00:00,12,8,0.0,8.7,3,0,100,06:15 PM,07:50 AM,07:22 AM,05:21 PM,6,10,10,10,38,84,77,0.1,1024,9,10,293,13
2019-01-21 06:00:00,12,8,0.0,8.7,3,0,100,06:15 PM,07:50 AM,07:22 AM,05:21 PM,5,9,9,9,28,59,73,0.1,1026,8,9,299,12
2019-01-21 09:00:00,12,8,0.0,8.7,3,3,100,06:15 PM,07:50 AM,07:22 AM,05:21 PM,5,10,10,10,21,0,69,0.0,1027,10,10,307,12
2019-01-21 12:00:00,12,8,0.0,8.7,3,4,100,06:15 PM,07:50 AM,07:22 AM,05:21 PM,6,12,13,12,16,0,63,0.0,1025,12,10,325,14
2019-01-21 15:00:00,12,8,0.0,8.7,3,4,100,06:15 PM,07:50 AM,07:22 AM,05:21 PM,6,13,13,13,14,0,62,0.0,1025,12,10,334,14
2019-01-21 18:00:00,12,8,0.0,8.7,3,0,100,06:15 PM,07:50 AM,07:22 AM,05:21 PM,7,13,13,13,14,1,67,0.0,1025,12,10,335,15
2019-01-21 21:00:00,12,8,0.0,8.7,3,0,100,06:15 PM,07:50 AM,07:22 AM,05:21 PM,6,11,11,11,15,3,71,0.0,1027,11,10,329,13
2019-01-22 00:00:00,13,7,0.0,8.7,4,0,88,07:30 PM,08:39 AM,07:21 AM,05:22 PM,4,10,10,10,11,1,68,0.0,1028,9,10,346,13
2019-01-22 03:00:00,13,7,0.0,8.7,4,0,88,07:30 PM,08:39 AM,07:21 AM,05:22 PM,2,9,9,9,10,1,58,0.0,1028,8,10,237,13
2019-01-22 06:00:00,13,7,0.0,8.7,4,0,88,07:30 PM,08:39 AM,07:21 AM,05:22 PM,1,8,9,8,8,2,56,0.0,1029,8,10,29,10
2019-01-22 09:00:00,13,7,0.0,8.7,4,3,88,07:30 PM,08:39 AM,07:21 AM,05:22 PM,1,8,9,8,8,5,54,0.0,1029,9,10,57,9
2019-01-22 12:00:00,13,7,0.0,8.7,4,4,88,07:30 PM,08:39 AM,07:21 AM,05:22 PM,3,13,13,13,9,3,52,0.0,1027,12,10,40,11
2019-01-22 15:00:00,13,7,0.0,8.7,4,4,88,07:30 PM,08:39 AM,07:21 AM,05:22 PM,5,14,14,14,9,2,55,0.0,1027,13,10,34,10
2019-01-22 18:00:00,13,7,0.0,8.7,4,0,88,07:30 PM,08:39 AM,07:21 AM,05:22 PM,5,13,13,13,5,4,59,0.0,1029,12,10,142,6
2019-01-22 21:00:00,13,7,0.0,8.7,4,0,88,07:30 PM,08:39 AM,07:21 AM,05:22 PM,6,11,11,11,5,6,71,0.0,1030,10,10,244,2
2019-01-23 00:00:00,12,7,0.0,8.7,4,0,81,08:42 PM,09:22 AM,07:20 AM,05:23 PM,5,10,10,10,8,5,73,0.0,1030,9,10,37,3
2019-01-23 03:00:00,12,7,0.0,8.7,4,0,81,08:42 PM,09:22 AM,07:20 AM,05:23 PM,5,9,9,9,9,5,74,0.0,1030,8,10,32,1
2019-01-23 06:00:00,12,7,0.0,8.7,4,0,81,08:42 PM,09:22 AM,07:20 AM,05:23 PM,4,8,8,8,10,6,74,0.0,1030,7,10,36,1
2019-01-23 09:00:00,12,7,0.0,8.7,4,3,81,08:42 PM,09:22 AM,07:20 AM,05:23 PM,3,9,9,9,10,8,64,0.0,1030,9,10,35,3
2019-01-23 12:00:00,12,7,0.0,8.7,4,4,81,08:42 PM,09:22 AM,07:20 AM,05:23 PM,3,12,12,12,9,10,51,0.0,1030,12,10,34,9
2019-01-23 15:00:00,12,7,0.0,8.7,4,4,81,08:42 PM,09:22 AM,07:20 AM,05:23 PM,6,13,13,13,9,11,61,0.0,1028,12,10,21,11
2019-01-23 18:00:00,12,7,0.0,8.7,4,0,81,08:42 PM,09:22 AM,07:20 AM,05:23 PM,7,12,12,12,9,17,68,0.0,1027,12,10,5,10
2019-01-23 21:00:00,12,7,0.0,8.7,4,0,81,08:42 PM,09:22 AM,07:20 AM,05:23 PM,7,11,11,11,8,23,74,0.0,1028,10,10,20,6
2019-01-24 00:00:00,13,8,0.0,8.7,4,0,73,09:53 PM,09:59 AM,07:20 AM,05:25 PM,7,11,11,11,7,12,78,0.0,1027,10,10,30,5
2019-01-24 03:00:00,13,8,0.0,8.7,4,0,73,09:53 PM,09:59 AM,07:20 AM,05:25 PM,7,10,10,10,7,4,80,0.0,1026,9,10,34,6
2019-01-24 06:00:00,13,8,0.0,8.7,4,0,73,09:53 PM,09:59 AM,07:20 AM,05:25 PM,6,10,10,10,6,1,78,0.0,1025,9,10,56,6
2019-01-24 09:00:00,13,8,0.0,8.7,4,3,73,09:53 PM,09:59 AM,07:20 AM,05:25 PM,7,10,10,10,7,1,81,0.0,1025,9,10,70,6
2019-01-24 12:00:00,13,8,0.0,8.7,4,4,73,09:53 PM,09:59 AM,07:20 AM,05:25 PM,8,13,13,13,10,1,70,0.0,1024,12,10,55,8
2019-01-24 15:00:00,13,8,0.0,8.7,4,4,73,09:53 PM,09:59 AM,07:20 AM,05:25 PM,7,14,14,14,12,0,64,0.0,1023,13,10,35,9
2019-01-24 18:00:00,13,8,0.0,8.7,4,0,73,09:53 PM,09:59 AM,07:20 AM,05:25 PM,8,13,13,13,10,0,67,0.0,1023,13,10,26,6
2019-01-24 21:00:00,13,8,0.0,8.7,4,0,73,09:53 PM,09:59 AM,07:20 AM,05:25 PM,7,12,12,12,8,0,72,0.0,1024,11,10,24,9
2019-01-25 00:00:00,14,7,0.0,8.7,4,0,66,11:01 PM,10:33 AM,07:19 AM,05:26 PM,6,10,10,10,11,0,75,0.0,1024,10,10,42,10
2019-01-25 03:00:00,14,7,0.0,8.7,4,0,66,11:01 PM,10:33 AM,07:19 AM,05:26 PM,6,8,9,8,19,7,80,0.0,1024,8,10,38,12
2019-01-25 06:00:00,14,7,0.0,8.7,4,0,66,11:01 PM,10:33 AM,07:19 AM,05:26 PM,5,6,8,6,21,14,79,0.0,1024,7,10,45,13
2019-01-25 09:00:00,14,7,0.0,8.7,4,3,66,11:01 PM,10:33 AM,07:19 AM,05:26 PM,5,8,10,8,18,2,72,0.0,1025,9,10,49,15
2019-01-25 12:00:00,14,7,0.0,8.7,4,4,66,11:01 PM,10:33 AM,07:19 AM,05:26 PM,7,14,14,14,17,1,60,0.0,1023,13,10,48,17
2019-01-25 15:00:00,14,7,0.0,8.7,4,4,66,11:01 PM,10:33 AM,07:19 AM,05:26 PM,8,15,15,15,15,0,59,0.0,1022,14,10,46,12
2019-01-25 18:00:00,14,7,0.0,8.7,4,0,66,11:01 PM,10:33 AM,07:19 AM,05:26 PM,7,14,14,14,12,0,62,0.0,1023,13,10,40,10
2019-01-25 21:00:00,14,7,0.0,8.7,4,0,66,11:01 PM,10:33 AM,07:19 AM,05:26 PM,7,12,12,12,8,0,69,0.0,1024,11,10,36,8
2019-01-26 00:00:00,15,8,0.0,7.1,4,0,59,No moonrise,11:06 AM,07:19 AM,05:27 PM,6,11,11,11,11,0,74,0.0,1025,10,10,50,6
2019-01-26 03:00:00,15,8,0.0,7.1,4,0,59,No moonrise,11:06 AM,07:19 AM,05:27 PM,6,10,10,10,20,0,75,0.0,1025,9,10,59,6
2019-01-26 06:00:00,15,8,0.0,7.1,4,0,59,No moonrise,11:06 AM,07:19 AM,05:27 PM,5,10,10,10,24,0,73,0.0,1025,9,10,54,13
2019-01-26 09:00:00,15,8,0.0,7.1,4,3,59,No moonrise,11:06 AM,07:19 AM,05:27 PM,5,11,11,11,21,4,68,0.0,1025,10,10,44,16
2019-01-26 12:00:00,15,8,0.0,7.1,4,3,59,No moonrise,11:06 AM,07:19 AM,05:27 PM,6,15,15,15,18,36,58,0.0,1024,14,10,42,15
2019-01-26 15:00:00,15,8,0.0,7.1,4,4,59,No moonrise,11:06 AM,07:19 AM,05:27 PM,8,16,16,16,18,85,61,0.0,1023,15,10,43,12
2019-01-26 18:00:00,15,8,0.0,7.1,4,0,59,No moonrise,11:06 AM,07:19 AM,05:27 PM,8,15,15,15,16,86,66,0.0,1024,14,10,44,12
2019-01-26 21:00:00,15,8,0.0,7.1,4,0,59,No moonrise,11:06 AM,07:19 AM,05:27 PM,8,12,12,12,15,95,77,0.0,1025,11,10,38,9
2019-01-27 00:00:00,15,8,0.0,8.7,3,0,51,12:06 AM,11:39 AM,07:18 AM,05:28 PM,8,11,11,11,15,99,79,0.0,1026,10,10,30,9
2019-01-27 03:00:00,15,8,0.0,8.7,3,0,51,12:06 AM,11:39 AM,07:18 AM,05:28 PM,7,10,10,10,17,74,80,0.0,1025,9,10,39,7
2019-01-27 06:00:00,15,8,0.0,8.7,3,0,51,12:06 AM,11:39 AM,07:18 AM,05:28 PM,6,9,9,9,18,27,81,0.0,1024,8,10,41,5
2019-01-27 09:00:00,15,8,0.0,8.7,3,3,51,12:06 AM,11:39 AM,07:18 AM,05:28 PM,6,10,10,10,18,30,74,0.0,1024,10,10,39,7
2019-01-27 12:00:00,15,8,0.0,8.7,3,4,51,12:06 AM,11:39 AM,07:18 AM,05:28 PM,7,14,14,14,15,30,62,0.0,1022,14,10,37,12
2019-01-27 15:00:00,15,8,0.0,8.7,3,5,51,12:06 AM,11:39 AM,07:18 AM,05:28 PM,9,16,16,16,11,38,64,0.0,1020,15,10,23,10
2019-01-27 18:00:00,15,8,0.0,8.7,3,0,51,12:06 AM,11:39 AM,07:18 AM,05:28 PM,9,15,15,15,12,46,68,0.0,1020,14,10,112,8
2019-01-27 21:00:00,15,8,0.0,8.7,3,0,51,12:06 AM,11:39 AM,07:18 AM,05:28 PM,9,12,12,12,13,42,80,0.0,1020,12,10,304,5
2019-01-28 00:00:00,14,9,0.0,8.7,4,0,44,01:10 AM,12:12 PM,07:17 AM,05:29 PM,9,11,11,11,9,32,88,0.0,1019,10,10,320,5
2019-01-28 03:00:00,14,9,0.0,8.7,4,0,44,01:10 AM,12:12 PM,07:17 AM,05:29 PM,9,11,11,11,6,35,91,0.0,1018,10,10,234,4
2019-01-28 06:00:00,14,9,0.0,8.7,4,0,44,01:10 AM,12:12 PM,07:17 AM,05:29 PM,10,11,11,11,10,46,90,0.0,1018,10,10,36,5
2019-01-28 09:00:00,14,9,0.0,8.7,4,4,44,01:10 AM,12:12 PM,07:17 AM,05:29 PM,9,11,11,11,11,51,84,0.0,1017,10,10,43,6
2019-01-28 12:00:00,14,9,0.0,8.7,4,4,44,01:10 AM,12:12 PM,07:17 AM,05:29 PM,9,14,14,14,8,48,70,0.0,1016,13,10,24,9
2019-01-28 15:00:00,14,9,0.0,8.7,4,4,44,01:10 AM,12:12 PM,07:17 AM,05:29 PM,10,15,15,15,9,31,70,0.0,1017,14,10,124,10
2019-01-28 18:00:00,14,9,0.0,8.7,4,0,44,01:10 AM,12:12 PM,07:17 AM,05:29 PM,10,14,14,14,10,47,77,0.0,1017,14,10,296,8
2019-01-28 21:00:00,14,9,0.0,8.7,4,0,44,01:10 AM,12:12 PM,07:17 AM,05:29 PM,11,13,13,13,5,41,85,0.0,1017,12,10,292,5
2019-01-29 00:00:00,13,9,0.0,7.1,4,0,37,02:11 AM,12:49 PM,07:16 AM,05:30 PM,10,12,12,12,8,35,87,0.0,1017,11,10,299,5
2019-01-29 03:00:00,13,9,0.0,7.1,4,0,37,02:11 AM,12:49 PM,07:16 AM,05:30 PM,9,11,11,11,12,50,89,0.0,1017,10,10,225,5
2019-01-29 06:00:00,13,9,0.0,7.1,4,0,37,02:11 AM,12:49 PM,07:16 AM,05:30 PM,8,11,11,11,12,72,83,0.1,1017,10,7,162,6
2019-01-29 09:00:00,13,9,0.0,7.1,4,3,37,02:11 AM,12:49 PM,07:16 AM,05:30 PM,7,11,11,11,6,92,76,0.3,1018,10,2,286,9
2019-01-29 12:00:00,13,9,0.0,7.1,4,4,37,02:11 AM,12:49 PM,07:16 AM,05:30 PM,12,13,13,13,7,57,89,0.3,1016,13,5,279,9
2019-01-29 15:00:00,13,9,0.0,7.1,4,4,37,02:11 AM,12:49 PM,07:16 AM,05:30 PM,11,14,14,14,10,12,81,0.0,1015,13,10,276,12
2019-01-29 18:00:00,13,9,0.0,7.1,4,0,37,02:11 AM,12:49 PM,07:16 AM,05:30 PM,11,13,13,13,10,31,82,0.0,1015,13,10,268,12
2019-01-29 21:00:00,13,9,0.0,7.1,4,0,37,02:11 AM,12:49 PM,07:16 AM,05:30 PM,10,12,12,12,8,62,87,0.0,1015,11,10,258,8
2019-01-30 00:00:00,13,9,0.0,8.7,4,0,30,03:11 AM,01:28 PM,07:16 AM,05:31 PM,9,11,11,11,6,41,89,0.0,1015,10,10,242,6
2019-01-30 03:00:00,13,9,0.0,8.7,4,0,30,03:11 AM,01:28 PM,07:16 AM,05:31 PM,10,11,11,11,5,45,91,0.0,1015,10,10,226,5
2019-01-30 06:00:00,13,9,0.0,8.7,4,0,30,03:11 AM,01:28 PM,07:16 AM,05:31 PM,9,11,11,11,5,31,89,0.0,1015,10,10,204,7
2019-01-30 09:00:00,13,9,0.0,8.7,4,4,30,03:11 AM,01:28 PM,07:16 AM,05:31 PM,9,11,11,11,3,18,85,0.0,1016,10,10,171,6
2019-01-30 12:00:00,13,9,0.0,8.7,4,4,30,03:11 AM,01:28 PM,07:16 AM,05:31 PM,10,13,13,13,4,21,79,0.0,1015,13,10,165,4
2019-01-30 15:00:00,13,9,0.0,8.7,4,4,30,03:11 AM,01:28 PM,07:16 AM,05:31 PM,10,14,14,14,6,32,76,0.0,1012,13,10,179,5
2019-01-30 18:00:00,13,9,0.0,8.7,4,0,30,03:11 AM,01:28 PM,07:16 AM,05:31 PM,10,14,14,14,5,53,78,0.0,1011,13,10,246,9
2019-01-30 21:00:00,13,9,0.0,8.7,4,0,30,03:11 AM,01:28 PM,07:16 AM,05:31 PM,10,13,13,13,5,75,82,0.7,1012,12,10,292,6
2019-01-31 00:00:00,14,11,0.0,3.8,3,0,26,04:08 AM,02:11 PM,07:15 AM,05:32 PM,10,12,12,12,12,96,87,5.3,1011,12,8,203,4
2019-01-31 03:00:00,14,11,0.0,3.8,3,0,26,04:08 AM,02:11 PM,07:15 AM,05:32 PM,9,11,11,11,11,80,87,13.5,1012,11,5,73,4
2019-01-31 06:00:00,14,11,0.0,3.8,3,0,26,04:08 AM,02:11 PM,07:15 AM,05:32 PM,10,12,12,12,12,76,90,11.3,1011,11,5,182,2
2019-01-31 09:00:00,14,11,0.0,3.8,3,3,26,04:08 AM,02:11 PM,07:15 AM,05:32 PM,10,12,12,12,8,88,87,0.4,1013,12,3,355,4
2019-01-31 12:00:00,14,11,0.0,3.8,3,3,26,04:08 AM,02:11 PM,07:15 AM,05:32 PM,10,13,13,13,9,73,80,0.3,1014,13,7,338,8
2019-01-31 15:00:00,14,11,0.0,3.8,3,4,26,04:08 AM,02:11 PM,07:15 AM,05:32 PM,11,14,14,14,7,66,79,0.0,1013,14,10,245,9
2019-01-31 18:00:00,14,11,0.0,3.8,3,0,26,04:08 AM,02:11 PM,07:15 AM,05:32 PM,11,15,15,15,4,12,78,0.0,1012,14,10,173,8
2019-01-31 21:00:00,14,11,0.0,3.8,3,0,26,04:08 AM,02:11 PM,07:15 AM,05:32 PM,10,13,13,13,6,21,84,0.0,1013,13,10,257,8
2019-02-01 00:00:00,14,10,0.0,5.4,4,0,8,05:02 AM,02:58 PM,07:14 AM,05:33 PM,9,12,12,12,13,46,85,0.0,1013,11,10,205,6
2019-02-01 03:00:00,14,10,0.0,5.4,4,0,8,05:02 AM,02:58 PM,07:14 AM,05:33 PM,9,11,11,11,14,51,87,0.0,1012,10,10,166,8
2019-02-01 06:00:00,14,10,0.0,5.4,4,0,8,05:02 AM,02:58 PM,07:14 AM,05:33 PM,9,11,11,11,20,66,89,0.0,1012,10,10,157,10
2019-02-01 09:00:00,14,10,0.0,5.4,4,4,8,05:02 AM,02:58 PM,07:14 AM,05:33 PM,9,12,12,12,20,68,83,0.1,1015,11,10,165,13
2019-02-01 12:00:00,14,10,0.0,5.4,4,3,8,05:02 AM,02:58 PM,07:14 AM,05:33 PM,9,13,14,13,25,53,73,0.1,1010,13,8,170,19
2019-02-01 15:00:00,14,10,0.0,5.4,4,3,8,05:02 AM,02:58 PM,07:14 AM,05:33 PM,9,13,13,13,32,81,75,0.5,1007,12,6,165,21
2019-02-01 18:00:00,14,10,0.0,5.4,4,0,8,05:02 AM,02:58 PM,07:14 AM,05:33 PM,9,13,13,13,33,100,74,2.8,1007,12,8,148,21
2019-02-01 21:00:00,14,10,0.0,5.4,4,0,8,05:02 AM,02:58 PM,07:14 AM,05:33 PM,9,13,13,13,35,100,78,6.0,1008,12,7,141,18
2019-02-02 00:00:00,12,10,0.0,5.5,3,0,1,05:51 AM,03:49 PM,07:13 AM,05:35 PM,9,12,12,12,41,100,80,6.3,1010,11,7,141,14
2019-02-02 03:00:00,12,10,0.0,5.5,3,0,1,05:51 AM,03:49 PM,07:13 AM,05:35 PM,8,12,12,12,42,100,82,9.1,1012,11,6,144,11
2019-02-02 06:00:00,12,10,0.0,5.5,3,0,1,05:51 AM,03:49 PM,07:13 AM,05:35 PM,8,11,11,11,41,89,83,9.9,1011,10,6,178,10
2019-02-02 09:00:00,12,10,0.0,5.5,3,3,1,05:51 AM,03:49 PM,07:13 AM,05:35 PM,8,12,12,12,39,63,80,2.6,1015,11,9,190,11
2019-02-02 12:00:00,12,10,0.0,5.5,3,3,1,05:51 AM,03:49 PM,07:13 AM,05:35 PM,8,13,13,13,43,56,71,1.1,1014,12,10,183,16
2019-02-02 15:00:00,12,10,0.0,5.5,3,3,1,05:51 AM,03:49 PM,07:13 AM,05:35 PM,8,13,13,13,43,75,69,0.4,1008,12,10,179,18
2019-02-02 18:00:00,12,10,0.0,5.5,3,0,1,05:51 AM,03:49 PM,07:13 AM,05:35 PM,7,13,13,13,47,100,68,0.8,1013,12,10,163,17
2019-02-02 21:00:00,12,10,0.0,5.5,3,0,1,05:51 AM,03:49 PM,07:13 AM,05:35 PM,8,13,13,13,43,100,74,2.7,1016,12,9,147,13
2019-02-03 00:00:00,12,10,0.0,3.8,3,0,0,06:35 AM,04:42 PM,07:12 AM,05:36 PM,8,12,12,12,27,100,79,2.5,1016,11,7,144,10
2019-02-03 03:00:00,12,10,0.0,3.8,3,0,0,06:35 AM,04:42 PM,07:12 AM,05:36 PM,9,12,12,12,13,96,83,0.6,1016,11,10,170,9
2019-02-03 06:00:00,12,10,0.0,3.8,3,0,0,06:35 AM,04:42 PM,07:12 AM,05:36 PM,8,11,11,11,11,88,85,0.6,1016,10,10,246,9
2019-02-03 09:00:00,12,10,0.0,3.8,3,4,0,06:35 AM,04:42 PM,07:12 AM,05:36 PM,8,12,12,12,22,77,82,0.5,1014,11,10,257,14
2019-02-03 12:00:00,12,10,0.0,3.8,3,3,0,06:35 AM,04:42 PM,07:12 AM,05:36 PM,7,13,13,13,33,64,70,0.7,1011,12,10,236,22
2019-02-03 15:00:00,12,10,0.0,3.8,3,4,0,06:35 AM,04:42 PM,07:12 AM,05:36 PM,6,13,13,13,48,75,64,1.3,1012,12,10,247,23
2019-02-03 18:00:00,12,10,0.0,3.8,3,0,0,06:35 AM,04:42 PM,07:12 AM,05:36 PM,6,12,12,12,41,62,68,0.0,1011,11,10,227,23
2019-02-03 21:00:00,12,10,0.0,3.8,3,0,0,06:35 AM,04:42 PM,07:12 AM,05:36 PM,6,11,11,11,33,85,72,0.1,1012,10,10,200,17
2019-02-04 00:00:00,9,8,0.0,3.8,2,0,0,07:15 AM,05:38 PM,07:11 AM,05:37 PM,6,10,10,10,41,100,75,2.9,1013,9,8,188,15
2019-02-04 03:00:00,9,8,0.0,3.8,2,0,0,07:15 AM,05:38 PM,07:11 AM,05:37 PM,6,10,10,10,43,100,77,6.5,1013,9,7,226,14
2019-02-04 06:00:00,9,8,0.0,3.8,2,0,0,07:15 AM,05:38 PM,07:11 AM,05:37 PM,5,9,9,9,37,87,78,1.6,1011,8,10,265,16
2019-02-04 09:00:00,9,8,0.0,3.8,2,2,0,07:15 AM,05:38 PM,07:11 AM,05:37 PM,6,9,9,9,37,75,78,0.5,1007,9,10,270,23
2019-02-04 12:00:00,9,8,0.0,3.8,2,2,0,07:15 AM,05:38 PM,07:11 AM,05:37 PM,5,10,10,10,40,95,71,0.3,1008,9,10,270,30
2019-02-04 15:00:00,9,8,0.0,3.8,2,2,0,07:15 AM,05:38 PM,07:11 AM,05:37 PM,2,10,10,10,40,84,57,0.7,1013,9,10,261,29
2019-02-04 18:00:00,9,8,0.0,3.8,2,0,0,07:15 AM,05:38 PM,07:11 AM,05:37 PM,1,10,10,10,40,75,56,0.8,1015,9,11,262,26
2019-02-04 21:00:00,9,8,0.0,3.8,2,0,0,07:15 AM,05:38 PM,07:11 AM,05:37 PM,2,8,9,8,44,58,60,2.0,1017,8,14,272,19
2019-02-05 00:00:00,10,6,0.0,8.7,2,0,0,07:51 AM,06:33 PM,07:10 AM,05:38 PM,1,5,8,5,47,59,64,2.3,1019,7,12,277,15
2019-02-05 03:00:00,10,6,0.0,8.7,2,0,0,07:51 AM,06:33 PM,07:10 AM,05:38 PM,1,4,7,4,38,80,68,1.8,1020,6,10,285,12
2019-02-05 06:00:00,10,6,0.0,8.7,2,0,0,07:51 AM,06:33 PM,07:10 AM,05:38 PM,2,5,7,5,31,53,69,0.9,1021,6,9,302,11
2019-02-05 09:00:00,10,6,0.0,8.7,2,3,0,07:51 AM,06:33 PM,07:10 AM,05:38 PM,2,7,8,7,22,4,64,0.0,1022,7,10,322,12
2019-02-05 12:00:00,10,6,0.0,8.7,2,3,0,07:51 AM,06:33 PM,07:10 AM,05:38 PM,2,10,10,10,17,1,54,0.0,1023,10,10,324,14
2019-02-05 15:00:00,10,6,0.0,8.7,2,3,0,07:51 AM,06:33 PM,07:10 AM,05:38 PM,1,10,10,10,17,2,52,0.0,1020,10,10,305,14
2019-02-05 18:00:00,10,6,0.0,8.7,2,0,0,07:51 AM,06:33 PM,07:10 AM,05:38 PM,2,8,9,8,25,1,61,0.0,1015,8,10,300,13
2019-02-05 21:00:00,10,6,0.0,8.7,2,0,0,07:51 AM,06:33 PM,07:10 AM,05:38 PM,2,6,8,6,31,2,65,0.0,1017,7,10,304,9
2019-02-06 00:00:00,12,6,0.0,8.7,3,0,7,08:22 AM,07:30 PM,07:09 AM,05:39 PM,2,6,8,6,27,5,68,0.0,1018,7,10,307,9
2019-02-06 03:00:00,12,6,0.0,8.7,3,0,7,08:22 AM,07:30 PM,07:09 AM,05:39 PM,2,5,7,5,22,5,72,0.0,1019,6,10,325,9
2019-02-06 06:00:00,12,6,0.0,8.7,3,0,7,08:22 AM,07:30 PM,07:09 AM,05:39 PM,1,4,6,4,14,6,70,0.0,1022,5,10,244,9
2019-02-06 09:00:00,12,6,0.0,8.7,3,3,7,08:22 AM,07:30 PM,07:09 AM,05:39 PM,1,6,7,6,9,5,66,0.0,1025,6,10,41,10
2019-02-06 12:00:00,12,6,0.0,8.7,3,3,7,08:22 AM,07:30 PM,07:09 AM,05:39 PM,3,10,10,10,7,3,65,0.0,1022,9,10,39,10
2019-02-06 15:00:00,12,6,0.0,8.7,3,3,7,08:22 AM,07:30 PM,07:09 AM,05:39 PM,2,11,11,11,6,6,54,0.0,1023,10,10,128,10
2019-02-06 18:00:00,12,6,0.0,8.7,3,0,7,08:22 AM,07:30 PM,07:09 AM,05:39 PM,2,10,10,10,8,12,56,0.0,1024,9,10,231,9
2019-02-06 21:00:00,12,6,0.0,8.7,3,0,7,08:22 AM,07:30 PM,07:09 AM,05:39 PM,2,8,8,8,5,9,65,0.0,1025,8,10,34,8
2019-02-07 00:00:00,12,6,0.0,8.7,3,0,14,08:52 AM,08:26 PM,07:08 AM,05:40 PM,3,5,7,5,5,8,76,0.0,1025,6,10,71,7
2019-02-07 03:00:00,12,6,0.0,8.7,3,0,14,08:52 AM,08:26 PM,07:08 AM,05:40 PM,3,6,7,6,9,31,77,0.0,1026,6,10,65,5
2019-02-07 06:00:00,12,6,0.0,8.7,3,0,14,08:52 AM,08:26 PM,07:08 AM,05:40 PM,2,6,6,6,12,53,77,0.0,1025,5,10,56,5
2019-02-07 09:00:00,12,6,0.0,8.7,3,3,14,08:52 AM,08:26 PM,07:08 AM,05:40 PM,3,7,7,7,12,16,72,0.0,1025,7,10,54,7
2019-02-07 12:00:00,12,6,0.0,8.7,3,3,14,08:52 AM,08:26 PM,07:08 AM,05:40 PM,3,10,10,10,9,31,59,0.0,1026,10,10,55,10
2019-02-07 15:00:00,12,6,0.0,8.7,3,3,14,08:52 AM,08:26 PM,07:08 AM,05:40 PM,3,11,11,11,5,60,56,0.0,1024,10,10,141,8
2019-02-07 18:00:00,12,6,0.0,8.7,3,0,14,08:52 AM,08:26 PM,07:08 AM,05:40 PM,2,10,10,10,4,69,60,0.0,1023,10,10,299,8
2019-02-07 21:00:00,12,6,0.0,8.7,3,0,14,08:52 AM,08:26 PM,07:08 AM,05:40 PM,3,8,9,8,5,38,71,0.0,1024,8,10,286,7
2019-02-08 00:00:00,11,7,0.0,3.9,2,0,22,09:21 AM,09:23 PM,07:07 AM,05:41 PM,4,6,8,6,5,41,76,0.0,1024,7,10,235,5
2019-02-08 03:00:00,11,7,0.0,3.9,2,0,22,09:21 AM,09:23 PM,07:07 AM,05:41 PM,4,5,7,5,6,77,80,0.0,1021,7,10,162,8
2019-02-08 06:00:00,11,7,0.0,3.9,2,0,22,09:21 AM,09:23 PM,07:07 AM,05:41 PM,5,6,8,6,10,81,78,0.1,1018,7,10,138,10
2019-02-08 09:00:00,11,7,0.0,3.9,2,3,22,09:21 AM,09:23 PM,07:07 AM,05:41 PM,4,7,9,7,14,64,74,0.2,1020,8,10,125,13
2019-02-08 12:00:00,11,7,0.0,3.9,2,2,22,09:21 AM,09:23 PM,07:07 AM,05:41 PM,5,10,10,10,17,64,70,0.3,1018,10,10,133,15
2019-02-08 15:00:00,11,7,0.0,3.9,2,3,22,09:21 AM,09:23 PM,07:07 AM,05:41 PM,5,11,11,11,14,100,63,2.9,1017,11,8,140,15
2019-02-08 18:00:00,11,7,0.0,3.9,2,0,22,09:21 AM,09:23 PM,07:07 AM,05:41 PM,4,11,11,11,14,100,62,5.6,1018,11,9,135,12
2019-02-08 21:00:00,11,7,0.0,3.9,2,0,22,09:21 AM,09:23 PM,07:07 AM,05:41 PM,4,10,10,10,19,96,71,3.5,1018,9,14,123,10
2019-02-09 00:00:00,11,7,0.0,5.5,2,0,29,09:49 AM,10:20 PM,07:06 AM,05:42 PM,5,9,9,9,13,89,79,2.8,1017,8,15,114,8
2019-02-09 03:00:00,11,7,0.0,5.5,2,0,29,09:49 AM,10:20 PM,07:06 AM,05:42 PM,6,9,9,9,9,90,83,0.1,1014,8,17,86,10
2019-02-09 06:00:00,11,7,0.0,5.5,2,0,29,09:49 AM,10:20 PM,07:06 AM,05:42 PM,4,8,9,8,8,78,78,0.2,1016,8,18,80,12
2019-02-09 09:00:00,11,7,0.0,5.5,2,2,29,09:49 AM,10:20 PM,07:06 AM,05:42 PM,4,8,9,8,7,55,72,0.1,1018,8,19,122,13
2019-02-09 12:00:00,11,7,0.0,5.5,2,3,29,09:49 AM,10:20 PM,07:06 AM,05:42 PM,5,11,11,11,18,66,63,0.4,1018,11,17,178,12
2019-02-09 15:00:00,11,7,0.0,5.5,2,3,29,09:49 AM,10:20 PM,07:06 AM,05:42 PM,4,12,12,12,44,74,58,0.7,1016,11,15,234,14
2019-02-09 18:00:00,11,7,0.0,5.5,2,0,29,09:49 AM,10:20 PM,07:06 AM,05:42 PM,4,11,11,11,51,79,64,0.7,1019,10,14,241,13
2019-02-09 21:00:00,11,7,0.0,5.5,2,0,29,09:49 AM,10:20 PM,07:06 AM,05:42 PM,5,9,9,9,54,85,75,2.5,1019,8,14,251,13
2019-02-10 00:00:00,10,7,0.0,8.7,2,0,37,10:17 AM,11:19 PM,07:05 AM,05:43 PM,5,9,9,9,50,100,77,2.5,1017,8,14,270,12
2019-02-10 03:00:00,10,7,0.0,8.7,2,0,37,10:17 AM,11:19 PM,07:05 AM,05:43 PM,4,7,8,7,41,90,77,1.4,1015,8,10,282,15
2019-02-10 06:00:00,10,7,0.0,8.7,2,0,37,10:17 AM,11:19 PM,07:05 AM,05:43 PM,3,4,7,4,36,73,72,1.4,1014,7,10,288,18
2019-02-10 09:00:00,10,7,0.0,8.7,2,3,37,10:17 AM,11:19 PM,07:05 AM,05:43 PM,2,5,8,5,30,53,64,0.5,1016,8,12,291,18
2019-02-10 12:00:00,10,7,0.0,8.7,2,3,37,10:17 AM,11:19 PM,07:05 AM,05:43 PM,2,7,10,7,27,15,58,0.0,1017,9,17,290,20
2019-02-10 15:00:00,10,7,0.0,8.7,2,3,37,10:17 AM,11:19 PM,07:05 AM,05:43 PM,4,11,11,11,26,34,61,0.0,1019,10,19,285,15
2019-02-10 18:00:00,10,7,0.0,8.7,2,0,37,10:17 AM,11:19 PM,07:05 AM,05:43 PM,4,10,10,10,25,32,64,0.0,1019,9,16,292,16
2019-02-10 21:00:00,10,7,0.0,8.7,2,0,37,10:17 AM,11:19 PM,07:05 AM,05:43 PM,5,9,9,9,18,0,70,0.0,1021,9,10,296,11
2019-02-11 00:00:00,11,7,0.0,8.7,3,0,44,10:47 AM,No moonset,07:04 AM,05:45 PM,4,6,8,6,12,2,73,0.0,1024,7,10,293,9
2019-02-11 03:00:00,11,7,0.0,8.7,3,0,44,10:47 AM,No moonset,07:04 AM,05:45 PM,3,6,7,6,7,14,75,0.0,1023,6,10,309,9
2019-02-11 06:00:00,11,7,0.0,8.7,3,0,44,10:47 AM,No moonset,07:04 AM,05:45 PM,4,5,7,5,5,26,78,0.0,1022,7,10,272,9
2019-02-11 09:00:00,11,7,0.0,8.7,3,3,44,10:47 AM,No moonset,07:04 AM,05:45 PM,5,7,9,7,9,24,79,0.0,1021,8,13,132,12
2019-02-11 12:00:00,11,7,0.0,8.7,3,2,44,10:47 AM,No moonset,07:04 AM,05:45 PM,5,11,11,11,10,53,70,0.0,1021,10,19,187,14
2019-02-11 15:00:00,11,7,0.0,8.7,3,4,44,10:47 AM,No moonset,07:04 AM,05:45 PM,4,12,12,12,8,58,60,0.0,1021,11,19,230,16
2019-02-11 18:00:00,11,7,0.0,8.7,3,0,44,10:47 AM,No moonset,07:04 AM,05:45 PM,3,11,11,11,7,16,62,0.0,1021,10,16,259,13
2019-02-11 21:00:00,11,7,0.0,8.7,3,0,44,10:47 AM,No moonset,07:04 AM,05:45 PM,4,10,10,10,5,29,70,0.0,1022,9,10,196,8
2019-02-12 00:00:00,11,8,0.0,3.9,3,0,52,11:21 AM,12:19 AM,07:03 AM,05:46 PM,5,8,9,8,7,88,76,0.0,1022,8,10,64,10
2019-02-12 03:00:00,11,8,0.0,3.9,3,0,52,11:21 AM,12:19 AM,07:03 AM,05:46 PM,3,6,8,6,9,91,74,0.0,1021,7,10,55,8
2019-02-12 06:00:00,11,8,0.0,3.9,3,0,52,11:21 AM,12:19 AM,07:03 AM,05:46 PM,3,8,8,8,8,88,72,0.0,1020,8,10,55,8
2019-02-12 09:00:00,11,8,0.0,3.9,3,3,52,11:21 AM,12:19 AM,07:03 AM,05:46 PM,5,10,10,10,8,73,78,0.0,1018,9,10,60,17
2019-02-12 12:00:00,11,8,0.0,3.9,3,3,52,11:21 AM,12:19 AM,07:03 AM,05:46 PM,6,11,11,11,9,64,72,0.0,1016,11,13,95,26
2019-02-12 15:00:00,11,8,0.0,3.9,3,3,52,11:21 AM,12:19 AM,07:03 AM,05:46 PM,5,12,12,12,16,91,66,0.0,1014,11,16,139,24
2019-02-12 18:00:00,11,8,0.0,3.9,3,0,52,11:21 AM,12:19 AM,07:03 AM,05:46 PM,6,12,12,12,26,81,68,0.3,1013,11,10,158,18
2019-02-12 21:00:00,11,8,0.0,3.9,3,0,52,11:21 AM,12:19 AM,07:03 AM,05:46 PM,6,12,12,12,29,100,68,1.3,1012,11,9,136,17
2019-02-13 00:00:00,14,11,0.0,3.9,3,0,60,11:59 AM,01:22 AM,07:02 AM,05:47 PM,6,12,12,12,37,100,70,4.2,1010,11,8,147,22
2019-02-13 03:00:00,14,11,0.0,3.9,3,0,60,11:59 AM,01:22 AM,07:02 AM,05:47 PM,7,11,11,11,42,100,75,5.4,1008,11,7,153,27
2019-02-13 06:00:00,14,11,0.0,3.9,3,0,60,11:59 AM,01:22 AM,07:02 AM,05:47 PM,8,12,12,12,45,100,79,7.3,1004,11,8,155,29
2019-02-13 09:00:00,14,11,0.0,3.9,3,3,60,11:59 AM,01:22 AM,07:02 AM,05:47 PM,9,13,13,13,50,100,79,23.7,1002,12,5,164,31
2019-02-13 12:00:00,14,11,0.0,3.9,3,3,60,11:59 AM,01:22 AM,07:02 AM,05:47 PM,10,14,14,14,49,100,77,20.4,1001,14,6,156,37
2019-02-13 15:00:00,14,11,0.0,3.9,3,3,60,11:59 AM,01:22 AM,07:02 AM,05:47 PM,11,15,15,15,31,100,79,8.9,1001,14,8,144,38
2019-02-13 18:00:00,14,11,0.0,3.9,3,0,60,11:59 AM,01:22 AM,07:02 AM,05:47 PM,12,15,15,15,52,100,83,9.2,1002,14,5,183,39
2019-02-13 21:00:00,14,11,0.0,3.9,3,0,60,11:59 AM,01:22 AM,07:02 AM,05:47 PM,13,15,15,15,48,100,86,2.4,1002,14,7,173,38
2019-02-14 00:00:00,12,11,0.0,7.1,3,0,67,12:43 PM,02:26 AM,07:01 AM,05:48 PM,12,15,15,15,63,100,86,1.3,1000,14,8,179,41
2019-02-14 03:00:00,12,11,0.0,7.1,3,0,67,12:43 PM,02:26 AM,07:01 AM,05:48 PM,13,15,15,15,76,100,87,3.4,998,14,7,182,43
2019-02-14 06:00:00,12,11,0.0,7.1,3,0,67,12:43 PM,02:26 AM,07:01 AM,05:48 PM,12,14,14,14,75,88,86,2.3,997,14,9,205,43
2019-02-14 09:00:00,12,11,0.0,7.1,3,4,67,12:43 PM,02:26 AM,07:01 AM,05:48 PM,10,13,13,13,55,49,83,0.9,999,12,12,236,35
2019-02-14 12:00:00,12,11,0.0,7.1,3,3,67,12:43 PM,02:26 AM,07:01 AM,05:48 PM,8,12,12,12,49,44,75,1.9,1006,11,12,230,29
2019-02-14 15:00:00,12,11,0.0,7.1,3,3,67,12:43 PM,02:26 AM,07:01 AM,05:48 PM,7,11,12,11,33,82,69,5.0,1012,11,15,250,24
2019-02-14 18:00:00,12,11,0.0,7.1,3,0,67,12:43 PM,02:26 AM,07:01 AM,05:48 PM,7,10,12,10,42,63,70,2.7,1006,12,13,242,32
2019-02-14 21:00:00,12,11,0.0,7.1,3,0,67,12:43 PM,02:26 AM,07:01 AM,05:48 PM,7,11,11,11,48,91,73,0.3,1011,11,9,229,27
2019-02-15 00:00:00,11,8,0.0,5.6,2,0,75,01:37 PM,03:31 AM,06:59 AM,05:49 PM,6,10,10,10,47,95,72,0.9,1014,10,9,236,19
2019-02-15 03:00:00,11,8,0.0,5.6,2,0,75,01:37 PM,03:31 AM,06:59 AM,05:49 PM,7,11,11,11,37,90,75,2.1,1012,10,8,252,24
2019-02-15 06:00:00,11,8,0.0,5.6,2,0,75,01:37 PM,03:31 AM,06:59 AM,05:49 PM,7,10,10,10,38,84,82,0.9,1014,10,12,245,18
2019-02-15 09:00:00,11,8,0.0,5.6,2,2,75,01:37 PM,03:31 AM,06:59 AM,05:49 PM,6,10,10,10,39,57,81,0.5,1019,9,13,240,14
2019-02-15 12:00:00,11,8,0.0,5.6,2,3,75,01:37 PM,03:31 AM,06:59 AM,05:49 PM,7,11,11,11,37,75,74,0.5,1019,11,10,251,19
2019-02-15 15:00:00,11,8,0.0,5.6,2,3,75,01:37 PM,03:31 AM,06:59 AM,05:49 PM,7,12,12,12,38,86,70,1.3,1018,11,11,258,22
2019-02-15 18:00:00,11,8,0.0,5.6,2,0,75,01:37 PM,03:31 AM,06:59 AM,05:49 PM,6,11,11,11,37,84,72,0.8,1019,10,12,261,20
2019-02-15 21:00:00,11,8,0.0,5.6,2,0,75,01:37 PM,03:31 AM,06:59 AM,05:49 PM,6,10,10,10,29,64,77,0.1,1019,9,9,257,17
2019-02-16 00:00:00,11,8,0.0,5.6,2,0,82,02:38 PM,04:33 AM,06:58 AM,05:50 PM,6,10,10,10,34,56,78,0.8,1020,9,10,265,16
2019-02-16 03:00:00,11,8,0.0,5.6,2,0,82,02:38 PM,04:33 AM,06:58 AM,05:50 PM,6,9,9,9,41,77,79,1.6,1018,9,11,283,17
2019-02-16 06:00:00,11,8,0.0,5.6,2,0,82,02:38 PM,04:33 AM,06:58 AM,05:50 PM,6,10,10,10,40,85,79,0.1,1018,9,12,293,16
2019-02-16 09:00:00,11,8,0.0,5.6,2,2,82,02:38 PM,04:33 AM,06:58 AM,05:50 PM,5,9,9,9,32,86,77,0.3,1020,9,11,294,11
2019-02-16 12:00:00,11,8,0.0,5.6,2,2,82,02:38 PM,04:33 AM,06:58 AM,05:50 PM,5,10,10,10,37,69,69,0.3,1019,10,16,294,18
2019-02-16 15:00:00,11,8,0.0,5.6,2,4,82,02:38 PM,04:33 AM,06:58 AM,05:50 PM,4,10,11,10,40,39,62,0.6,1019,11,15,295,27
2019-02-16 18:00:00,11,8,0.0,5.6,2,0,82,02:38 PM,04:33 AM,06:58 AM,05:50 PM,4,9,11,9,38,12,62,0.0,1019,10,13,296,26
2019-02-16 21:00:00,11,8,0.0,5.6,2,0,82,02:38 PM,04:33 AM,06:58 AM,05:50 PM,4,10,10,10,39,2,70,0.0,1017,9,10,296,17
2019-02-17 00:00:00,9,7,0.0,5.6,3,0,90,03:47 PM,05:32 AM,06:57 AM,05:51 PM,5,9,9,9,34,15,74,0.0,1017,8,10,291,15
2019-02-17 03:00:00,9,7,0.0,5.6,3,0,90,03:47 PM,05:32 AM,06:57 AM,05:51 PM,5,8,9,8,28,48,80,0.0,1016,8,10,277,13
2019-02-17 06:00:00,9,7,0.0,5.6,3,0,90,03:47 PM,05:32 AM,06:57 AM,05:51 PM,5,6,8,6,28,66,81,0.3,1014,7,11,277,13
2019-02-17 09:00:00,9,7,0.0,5.6,3,2,90,03:47 PM,05:32 AM,06:57 AM,05:51 PM,4,7,8,7,37,81,76,1.0,1016,8,15,299,13
2019-02-17 12:00:00,9,7,0.0,5.6,3,3,90,03:47 PM,05:32 AM,06:57 AM,05:51 PM,4,9,9,9,32,61,69,0.7,1016,9,16,308,17
2019-02-17 15:00:00,9,7,0.0,5.6,3,3,90,03:47 PM,05:32 AM,06:57 AM,05:51 PM,3,10,10,10,26,31,63,0.0,1017,9,17,307,22
2019-02-17 18:00:00,9,7,0.0,5.6,3,0,90,03:47 PM,05:32 AM,06:57 AM,05:51 PM,4,10,10,10,30,45,65,0.3,1023,9,14,317,19
2019-02-17 21:00:00,9,7,0.0,5.6,3,0,90,03:47 PM,05:32 AM,06:57 AM,05:51 PM,4,9,9,9,24,71,69,0.8,1024,8,9,339,16
2019-02-18 00:00:00,12,6,0.0,8.7,3,0,97,05:00 PM,06:24 AM,06:56 AM,05:52 PM,3,8,8,8,12,47,71,0.5,1023,8,10,350,14
2019-02-18 03:00:00,12,6,0.0,8.7,3,0,97,05:00 PM,06:24 AM,06:56 AM,05:52 PM,2,4,6,4,11,0,72,0.0,1020,6,10,347,10
2019-02-18 06:00:00,12,6,0.0,8.7,3,0,97,05:00 PM,06:24 AM,06:56 AM,05:52 PM,2,3,6,3,10,0,72,0.0,1020,5,10,250,10
2019-02-18 09:00:00,12,6,0.0,8.7,3,3,97,05:00 PM,06:24 AM,06:56 AM,05:52 PM,1,6,8,6,7,0,64,0.0,1021,7,10,31,10
2019-02-18 12:00:00,12,6,0.0,8.7,3,4,97,05:00 PM,06:24 AM,06:56 AM,05:52 PM,-2,10,11,10,10,0,41,0.0,1023,10,10,21,11
2019-02-18 15:00:00,12,6,0.0,8.7,3,4,97,05:00 PM,06:24 AM,06:56 AM,05:52 PM,-1,13,13,13,17,0,40,0.0,1022,12,13,3,17
2019-02-18 18:00:00,12,6,0.0,8.7,3,0,97,05:00 PM,06:24 AM,06:56 AM,05:52 PM,1,11,11,11,21,0,50,0.0,1023,11,17,9,13
2019-02-18 21:00:00,12,6,0.0,8.7,3,0,97,05:00 PM,06:24 AM,06:56 AM,05:52 PM,0,9,9,9,10,1,53,0.0,1024,9,10,35,10
2019-02-19 00:00:00,11,5,0.0,8.7,3,0,100,06:15 PM,07:11 AM,06:55 AM,05:53 PM,-0,6,8,6,3,2,56,0.0,1024,7,10,94,9
2019-02-19 03:00:00,11,5,0.0,8.7,3,0,100,06:15 PM,07:11 AM,06:55 AM,05:53 PM,-1,4,6,4,5,2,58,0.0,1023,6,10,111,10
2019-02-19 06:00:00,11,5,0.0,8.7,3,0,100,06:15 PM,07:11 AM,06:55 AM,05:53 PM,-1,3,5,3,8,3,64,0.0,1021,5,10,72,10
2019-02-19 09:00:00,11,5,0.0,8.7,3,3,100,06:15 PM,07:11 AM,06:55 AM,05:53 PM,1,6,7,6,9,2,67,0.0,1021,7,10,63,12
2019-02-19 12:00:00,11,5,0.0,8.7,3,3,100,06:15 PM,07:11 AM,06:55 AM,05:53 PM,0,11,11,11,7,2,48,0.0,1023,10,10,145,14
2019-02-19 15:00:00,11,5,0.0,8.7,3,4,100,06:15 PM,07:11 AM,06:55 AM,05:53 PM,1,12,12,12,8,15,48,0.0,1022,11,10,301,13
2019-02-19 18:00:00,11,5,0.0,8.7,3,0,100,06:15 PM,07:11 AM,06:55 AM,05:53 PM,3,10,10,10,17,22,59,0.0,1021,10,10,267,15
2019-02-19 21:00:00,11,5,0.0,8.7,3,0,100,06:15 PM,07:11 AM,06:55 AM,05:53 PM,3,9,9,9,18,13,65,0.0,1022,8,10,272,14
2019-02-20 00:00:00,11,5,0.0,8.7,3,0,88,07:29 PM,07:51 AM,06:53 AM,05:54 PM,4,8,9,8,24,25,71,0.0,1021,8,10,280,17
2019-02-20 03:00:00,11,5,0.0,8.7,3,0,88,07:29 PM,07:51 AM,06:53 AM,05:54 PM,3,5,7,5,32,14,72,0.0,1020,7,10,298,12
2019-02-20 06:00:00,11,5,0.0,8.7,3,0,88,07:29 PM,07:51 AM,06:53 AM,05:54 PM,2,4,7,4,32,25,73,0.0,1019,6,10,309,10
2019-02-20 09:00:00,11,5,0.0,8.7,3,3,88,07:29 PM,07:51 AM,06:53 AM,05:54 PM,3,7,9,7,30,30,69,0.0,1017,8,10,309,15
2019-02-20 12:00:00,11,5,0.0,8.7,3,4,88,07:29 PM,07:51 AM,06:53 AM,05:54 PM,4,9,11,9,33,18,61,0.0,1016,11,10,305,24
2019-02-20 15:00:00,11,5,0.0,8.7,3,3,88,07:29 PM,07:51 AM,06:53 AM,05:54 PM,3,11,11,11,33,24,60,0.0,1015,10,10,305,22
2019-02-20 18:00:00,11,5,0.0,8.7,3,0,88,07:29 PM,07:51 AM,06:53 AM,05:54 PM,4,10,10,10,36,50,66,0.0,1013,9,10,312,24
2019-02-20 21:00:00,11,5,0.0,8.7,3,0,88,07:29 PM,07:51 AM,06:53 AM,05:54 PM,4,8,9,8,40,53,69,0.1,1014,9,10,308,18
2019-02-21 00:00:00,11,5,0.0,8.7,3,0,80,08:40 PM,08:28 AM,06:52 AM,05:55 PM,3,5,8,5,36,21,74,0.0,1010,7,10,314,19
2019-02-21 03:00:00,11,5,0.0,8.7,3,0,80,08:40 PM,08:28 AM,06:52 AM,05:55 PM,3,4,7,4,31,23,76,0.0,1009,6,10,332,20
2019-02-21 06:00:00,11,5,0.0,8.7,3,0,80,08:40 PM,08:28 AM,06:52 AM,05:55 PM,2,3,6,3,19,13,75,0.0,1011,6,10,346,19
2019-02-21 09:00:00,11,5,0.0,8.7,3,3,80,08:40 PM,08:28 AM,06:52 AM,05:55 PM,2,6,8,6,14,5,68,0.0,1014,7,10,348,15
2019-02-21 12:00:00,11,5,0.0,8.7,3,3,80,08:40 PM,08:28 AM,06:52 AM,05:55 PM,0,11,11,11,20,3,49,0.0,1010,10,10,356,17
2019-02-21 15:00:00,11,5,0.0,8.7,3,4,80,08:40 PM,08:28 AM,06:52 AM,05:55 PM,-0,12,12,12,26,3,43,0.0,1009,11,10,242,19
2019-02-21 18:00:00,11,5,0.0,8.7,3,0,80,08:40 PM,08:28 AM,06:52 AM,05:55 PM,-1,11,11,11,36,2,42,0.0,1009,11,10,8,20
2019-02-21 21:00:00,11,5,0.0,8.7,3,0,80,08:40 PM,08:28 AM,06:52 AM,05:55 PM,-0,8,9,8,44,0,54,0.0,1009,9,10,8,19
2019-02-22 00:00:00,10,4,0.0,8.7,3,0,73,09:50 PM,09:03 AM,06:51 AM,05:56 PM,3,5,8,5,35,0,71,0.0,1010,7,10,12,14
2019-02-22 03:00:00,10,4,0.0,8.7,3,0,73,09:50 PM,09:03 AM,06:51 AM,05:56 PM,1,4,6,4,25,0,68,0.0,1013,6,10,21,13
2019-02-22 06:00:00,10,4,0.0,8.7,3,0,73,09:50 PM,09:03 AM,06:51 AM,05:56 PM,-1,3,5,3,13,1,62,0.0,1016,5,10,47,12
2019-02-22 09:00:00,10,4,0.0,8.7,3,3,73,09:50 PM,09:03 AM,06:51 AM,05:56 PM,1,5,7,5,9,5,69,0.0,1014,6,10,70,12
2019-02-22 12:00:00,10,4,0.0,8.7,3,3,73,09:50 PM,09:03 AM,06:51 AM,05:56 PM,2,10,10,10,7,9,58,0.0,1016,9,10,154,15
2019-02-22 15:00:00,10,4,0.0,8.7,3,3,73,09:50 PM,09:03 AM,06:51 AM,05:56 PM,1,11,11,11,6,8,49,0.0,1019,10,10,310,15
2019-02-22 18:00:00,10,4,0.0,8.7,3,0,73,09:50 PM,09:03 AM,06:51 AM,05:56 PM,1,10,10,10,11,5,54,0.0,1018,9,13,267,13
2019-02-22 21:00:00,10,4,0.0,8.7,3,0,73,09:50 PM,09:03 AM,06:51 AM,05:56 PM,3,9,9,9,7,4,69,0.0,1021,8,20,263,9
2019-02-23 00:00:00,12,5,0.0,8.7,3,0,65,10:57 PM,09:37 AM,06:49 AM,05:57 PM,3,7,7,7,3,8,72,0.0,1024,7,20,282,3
2019-02-23 03:00:00,12,5,0.0,8.7,3,0,65,10:57 PM,09:37 AM,06:49 AM,05:57 PM,3,6,6,6,2,12,76,0.0,1025,5,20,280,2
2019-02-23 06:00:00,12,5,0.0,8.7,3,0,65,10:57 PM,09:37 AM,06:49 AM,05:57 PM,3,5,6,5,4,14,77,0.0,1024,6,20,148,6
2019-02-23 09:00:00,12,5,0.0,8.7,3,3,65,10:57 PM,09:37 AM,06:49 AM,05:57 PM,4,7,8,7,5,28,73,0.0,1023,8,20,158,7
2019-02-23 12:00:00,12,5,0.0,8.7,3,4,65,10:57 PM,09:37 AM,06:49 AM,05:57 PM,3,11,11,11,6,39,58,0.0,1026,11,20,206,10
2019-02-23 15:00:00,12,5,0.0,8.7,3,3,65,10:57 PM,09:37 AM,06:49 AM,05:57 PM,5,11,11,11,13,55,64,0.0,1023,11,20,258,21
2019-02-23 18:00:00,12,5,0.0,8.7,3,0,65,10:57 PM,09:37 AM,06:49 AM,05:57 PM,6,11,12,11,14,66,69,0.0,1025,12,20,272,14
2019-02-23 21:00:00,12,5,0.0,8.7,3,0,65,10:57 PM,09:37 AM,06:49 AM,05:57 PM,6,9,10,9,10,62,74,0.0,1023,9,20,271,15
2019-02-24 00:00:00,12,7,0.0,4.2,3,0,57,No moonrise,10:11 AM,06:48 AM,05:58 PM,5,7,8,7,7,80,80,0.0,1022,8,20,263,12
2019-02-24 03:00:00,12,7,0.0,4.2,3,0,57,No moonrise,10:11 AM,06:48 AM,05:58 PM,6,9,9,9,6,57,81,0.0,1024,8,10,245,11
2019-02-24 06:00:00,12,7,0.0,4.2,3,0,57,No moonrise,10:11 AM,06:48 AM,05:58 PM,6,9,9,9,4,72,80,0.0,1024,8,10,213,13
2019-02-24 09:00:00,12,7,0.0,4.2,3,2,57,No moonrise,10:11 AM,06:48 AM,05:58 PM,5,10,10,10,6,74,76,0.0,1025,9,10,217,9
2019-02-24 12:00:00,12,7,0.0,4.2,3,3,57,No moonrise,10:11 AM,06:48 AM,05:58 PM,6,11,11,11,10,96,68,0.0,1024,11,10,236,11
2019-02-24 15:00:00,12,7,0.0,4.2,3,3,57,No moonrise,10:11 AM,06:48 AM,05:58 PM,4,11,11,11,15,91,62,0.0,1022,10,10,241,19
2019-02-24 18:00:00,12,7,0.0,4.2,3,0,57,No moonrise,10:11 AM,06:48 AM,05:58 PM,4,10,10,10,16,67,66,0.0,1019,10,10,241,18
2019-02-24 21:00:00,12,7,0.0,4.2,3,0,57,No moonrise,10:11 AM,06:48 AM,05:58 PM,4,8,9,8,13,57,73,0.0,1017,8,10,231,15
2019-02-25 00:00:00,11,6,0.0,4.2,3,0,50,12:01 AM,10:47 AM,06:47 AM,05:59 PM,5,6,8,6,12,58,79,0.0,1021,8,10,207,14
2019-02-25 03:00:00,11,6,0.0,4.2,3,0,50,12:01 AM,10:47 AM,06:47 AM,05:59 PM,6,8,8,8,15,60,83,0.0,1020,8,10,194,12
2019-02-25 06:00:00,11,6,0.0,4.2,3,0,50,12:01 AM,10:47 AM,06:47 AM,05:59 PM,5,6,8,6,22,67,82,0.0,1020,8,10,189,15
2019-02-25 09:00:00,11,6,0.0,4.2,3,3,50,12:01 AM,10:47 AM,06:47 AM,05:59 PM,6,9,11,9,34,96,77,0.1,1017,10,10,189,18
2019-02-25 12:00:00,11,6,0.0,4.2,3,2,50,12:01 AM,10:47 AM,06:47 AM,05:59 PM,3,11,11,11,44,100,64,1.1,1018,10,9,185,13
2019-02-25 15:00:00,11,6,0.0,4.2,3,3,50,12:01 AM,10:47 AM,06:47 AM,05:59 PM,4,12,12,12,51,100,62,2.1,1018,11,8,185,18
2019-02-25 18:00:00,11,6,0.0,4.2,3,0,50,12:01 AM,10:47 AM,06:47 AM,05:59 PM,6,9,10,9,57,100,71,1.6,1015,9,9,185,25
2019-02-25 21:00:00,11,6,0.0,4.2,3,0,50,12:01 AM,10:47 AM,06:47 AM,05:59 PM,8,4,7,4,54,100,82,3.2,1016,4,8,187,31
2019-02-26 00:00:00,12,8,0.0,5.8,3,0,42,01:04 AM,11:26 AM,06:45 AM,06:00 PM,5,3,5,3,50,100,78,0.4,1019,3,10,187,16
2019-02-26 03:00:00,12,8,0.0,5.8,3,0,42,01:04 AM,11:26 AM,06:45 AM,06:00 PM,6,9,9,9,59,100,82,0.9,1019,8,9,183,18
2019-02-26 06:00:00,12,8,0.0,5.8,3,0,42,01:04 AM,11:26 AM,06:45 AM,06:00 PM,6,9,9,9,52,100,82,0.1,1020,9,7,179,15
2019-02-26 09:00:00,12,8,0.0,5.8,3,3,42,01:04 AM,11:26 AM,06:45 AM,06:00 PM,7,10,11,10,55,100,78,0.1,1019,10,5,177,23
2019-02-26 12:00:00,12,8,0.0,5.8,3,3,42,01:04 AM,11:26 AM,06:45 AM,06:00 PM,7,10,12,10,52,100,72,2.8,1018,12,8,178,30
2019-02-26 15:00:00,12,8,0.0,5.8,3,3,42,01:04 AM,11:26 AM,06:45 AM,06:00 PM,4,12,12,12,50,100,59,5.7,1024,11,7,175,15
2019-02-26 18:00:00,12,8,0.0,5.8,3,0,42,01:04 AM,11:26 AM,06:45 AM,06:00 PM,4,11,11,11,51,100,64,1.5,1024,11,9,166,14
2019-02-26 21:00:00,12,8,0.0,5.8,3,0,42,01:04 AM,11:26 AM,06:45 AM,06:00 PM,5,10,10,10,53,100,73,3.1,1024,9,8,168,14
2019-02-27 00:00:00,14,8,0.0,8.7,3,0,35,02:03 AM,12:08 PM,06:44 AM,06:01 PM,7,9,9,9,54,100,81,6.3,1024,9,8,181,15
2019-02-27 03:00:00,14,8,0.0,8.7,3,0,35,02:03 AM,12:08 PM,06:44 AM,06:01 PM,8,10,10,10,42,86,86,14.5,1023,9,6,201,14
2019-02-27 06:00:00,14,8,0.0,8.7,3,0,35,02:03 AM,12:08 PM,06:44 AM,06:01 PM,7,10,10,10,24,64,84,3.8,1024,9,9,202,12
2019-02-27 09:00:00,14,8,0.0,8.7,3,3,35,02:03 AM,12:08 PM,06:44 AM,06:01 PM,7,11,11,11,23,67,78,0.1,1025,10,10,171,12
2019-02-27 12:00:00,14,8,0.0,8.7,3,3,35,02:03 AM,12:08 PM,06:44 AM,06:01 PM,10,14,14,14,31,59,74,0.1,1024,14,10,184,14
2019-02-27 15:00:00,14,8,0.0,8.7,3,4,35,02:03 AM,12:08 PM,06:44 AM,06:01 PM,9,15,15,15,40,73,68,0.2,1022,14,9,196,15
2019-02-27 18:00:00,14,8,0.0,8.7,3,0,35,02:03 AM,12:08 PM,06:44 AM,06:01 PM,8,14,14,14,34,53,68,0.0,1022,13,10,219,14
2019-02-27 21:00:00,14,8,0.0,8.7,3,0,35,02:03 AM,12:08 PM,06:44 AM,06:01 PM,8,13,13,13,15,87,74,0.0,1022,12,10,257,13
2019-02-28 00:00:00,14,9,0.0,11.6,3,0,27,02:58 AM,12:55 PM,06:43 AM,06:02 PM,8,12,12,12,15,100,80,0.0,1020,11,10,264,13
2019-02-28 03:00:00,14,9,0.0,11.6,3,0,27,02:58 AM,12:55 PM,06:43 AM,06:02 PM,8,11,11,11,16,92,86,0.0,1022,10,10,276,8
2019-02-28 06:00:00,14,9,0.0,11.6,3,0,27,02:58 AM,12:55 PM,06:43 AM,06:02 PM,8,10,10,10,11,63,82,0.0,1021,10,10,295,10
2019-02-28 09:00:00,14,9,0.0,11.6,3,4,27,02:58 AM,12:55 PM,06:43 AM,06:02 PM,7,12,12,12,6,23,72,0.0,1022,11,10,319,13
2019-02-28 12:00:00,14,9,0.0,11.6,3,4,27,02:58 AM,12:55 PM,06:43 AM,06:02 PM,8,14,14,14,8,4,67,0.0,1024,13,10,314,14
2019-02-28 15:00:00,14,9,0.0,11.6,3,4,27,02:58 AM,12:55 PM,06:43 AM,06:02 PM,9,15,15,15,13,23,67,0.0,1023,14,10,284,14
2019-02-28 18:00:00,14,9,0.0,11.6,3,0,27,02:58 AM,12:55 PM,06:43 AM,06:02 PM,9,13,13,13,15,48,71,0.0,1022,13,10,286,13
2019-02-28 21:00:00,14,9,0.0,11.6,3,0,27,02:58 AM,12:55 PM,06:43 AM,06:02 PM,8,12,12,12,13,31,77,0.0,1023,11,10,293,9
2019-03-01 00:00:00,12,8,0.0,10.2,3,0,26,03:49 AM,01:45 PM,06:41 AM,06:03 PM,7,10,10,10,8,49,80,0.0,1022,10,10,302,9
2019-03-01 03:00:00,12,8,0.0,10.2,3,0,26,03:49 AM,01:45 PM,06:41 AM,06:03 PM,7,9,9,9,6,70,83,0.0,1021,8,10,314,10
2019-03-01 06:00:00,12,8,0.0,10.2,3,0,26,03:49 AM,01:45 PM,06:41 AM,06:03 PM,7,9,9,9,5,32,84,0.0,1021,9,10,239,11
2019-03-01 09:00:00,12,8,0.0,10.2,3,3,26,03:49 AM,01:45 PM,06:41 AM,06:03 PM,6,11,11,11,4,10,77,0.0,1020,10,10,49,12
2019-03-01 12:00:00,12,8,0.0,10.2,3,4,26,03:49 AM,01:45 PM,06:41 AM,06:03 PM,5,12,12,12,4,18,63,0.0,1020,12,10,128,10
2019-03-01 15:00:00,12,8,0.0,10.2,3,3,26,03:49 AM,01:45 PM,06:41 AM,06:03 PM,5,13,13,13,5,50,61,0.0,1017,12,10,316,6
2019-03-01 18:00:00,12,8,0.0,10.2,3,0,26,03:49 AM,01:45 PM,06:41 AM,06:03 PM,7,13,13,13,11,79,66,0.0,1016,12,10,205,12
2019-03-01 21:00:00,12,8,0.0,10.2,3,0,26,03:49 AM,01:45 PM,06:41 AM,06:03 PM,8,12,12,12,15,73,79,0.0,1016,11,10,58,12
2019-03-02 00:00:00,13,10,0.0,5.8,3,0,19,04:34 AM,02:37 PM,06:40 AM,06:04 PM,8,11,11,11,18,83,82,1.3,1015,10,9,61,14
2019-03-02 03:00:00,13,10,0.0,5.8,3,0,19,04:34 AM,02:37 PM,06:40 AM,06:04 PM,8,11,11,11,22,100,82,4.1,1012,11,7,62,20
2019-03-02 06:00:00,13,10,0.0,5.8,3,0,19,04:34 AM,02:37 PM,06:40 AM,06:04 PM,9,12,12,12,15,100,86,3.9,1008,11,6,76,20
2019-03-02 09:00:00,13,10,0.0,5.8,3,3,19,04:34 AM,02:37 PM,06:40 AM,06:04 PM,9,12,12,12,12,100,86,2.1,1011,11,5,138,18
2019-03-02 12:00:00,13,10,0.0,5.8,3,3,19,04:34 AM,02:37 PM,06:40 AM,06:04 PM,8,12,12,12,22,100,82,0.2,1014,11,2,189,14
2019-03-02 15:00:00,13,10,0.0,5.8,3,3,19,04:34 AM,02:37 PM,06:40 AM,06:04 PM,10,13,13,13,24,96,82,0.3,1013,13,5,190,11
2019-03-02 18:00:00,13,10,0.0,5.8,3,0,19,04:34 AM,02:37 PM,06:40 AM,06:04 PM,9,12,12,12,16,92,82,0.1,1015,11,7,136,15
2019-03-02 21:00:00,13,10,0.0,5.8,3,0,19,04:34 AM,02:37 PM,06:40 AM,06:04 PM,9,12,12,12,8,100,85,0.1,1016,11,5,53,15
2019-03-03 00:00:00,13,10,0.0,5.8,4,0,12,05:15 AM,03:32 PM,06:38 AM,06:05 PM,9,11,11,11,8,87,88,0.0,1017,10,10,120,13
2019-03-03 03:00:00,13,10,0.0,5.8,4,0,12,05:15 AM,03:32 PM,06:38 AM,06:05 PM,9,11,11,11,8,58,89,0.0,1018,10,10,180,8
2019-03-03 06:00:00,13,10,0.0,5.8,4,0,12,05:15 AM,03:32 PM,06:38 AM,06:05 PM,9,11,11,11,10,52,89,0.0,1018,10,10,196,9
2019-03-03 09:00:00,13,10,0.0,5.8,4,3,12,05:15 AM,03:32 PM,06:38 AM,06:05 PM,9,12,12,12,13,68,84,0.0,1019,11,10,200,12
2019-03-03 12:00:00,13,10,0.0,5.8,4,3,12,05:15 AM,03:32 PM,06:38 AM,06:05 PM,9,13,13,13,18,98,73,0.0,1020,13,10,224,16
2019-03-03 15:00:00,13,10,0.0,5.8,4,3,12,05:15 AM,03:32 PM,06:38 AM,06:05 PM,8,13,13,13,20,96,71,0.1,1019,13,10,252,21
2019-03-03 18:00:00,13,10,0.0,5.8,4,0,12,05:15 AM,03:32 PM,06:38 AM,06:05 PM,8,11,12,11,22,84,79,0.0,1018,12,10,247,15
2019-03-03 21:00:00,13,10,0.0,5.8,4,0,12,05:15 AM,03:32 PM,06:38 AM,06:05 PM,7,11,11,11,20,77,78,0.0,1020,10,10,244,12
2019-03-04 00:00:00,13,7,0.0,8.7,3,0,4,05:52 AM,04:27 PM,06:37 AM,06:06 PM,8,10,10,10,19,78,84,0.1,1020,10,10,236,9
2019-03-04 03:00:00,13,7,0.0,8.7,3,0,4,05:52 AM,04:27 PM,06:37 AM,06:06 PM,7,8,9,8,18,89,86,0.3,1021,8,10,235,9
2019-03-04 06:00:00,13,7,0.0,8.7,3,0,4,05:52 AM,04:27 PM,06:37 AM,06:06 PM,6,7,8,7,14,98,85,0.1,1021,8,10,220,9
2019-03-04 09:00:00,13,7,0.0,8.7,3,2,4,05:52 AM,04:27 PM,06:37 AM,06:06 PM,6,10,10,10,13,94,80,0.0,1021,9,10,203,9
2019-03-04 12:00:00,13,7,0.0,8.7,3,4,4,05:52 AM,04:27 PM,06:37 AM,06:06 PM,8,12,12,12,12,72,71,0.0,1021,12,10,222,11
2019-03-04 15:00:00,13,7,0.0,8.7,3,4,4,05:52 AM,04:27 PM,06:37 AM,06:06 PM,8,13,13,13,11,30,65,0.0,1019,13,10,263,13
2019-03-04 18:00:00,13,7,0.0,8.7,3,0,4,05:52 AM,04:27 PM,06:37 AM,06:06 PM,7,12,12,12,8,26,69,0.0,1018,11,10,284,12
2019-03-04 21:00:00,13,7,0.0,8.7,3,0,4,05:52 AM,04:27 PM,06:37 AM,06:06 PM,6,11,11,11,5,22,71,0.0,1019,10,10,292,10
2019-03-05 00:00:00,12,3,0.0,5.9,3,0,0,06:25 AM,05:24 PM,06:35 AM,06:07 PM,7,10,10,10,4,49,78,0.0,1018,10,10,222,6
2019-03-05 03:00:00,12,3,0.0,5.9,3,0,0,06:25 AM,05:24 PM,06:35 AM,06:07 PM,7,10,10,10,8,87,83,0.0,1017,10,10,45,6
2019-03-05 06:00:00,12,3,0.0,5.9,3,0,0,06:25 AM,05:24 PM,06:35 AM,06:07 PM,6,9,9,9,13,86,79,0.1,1018,8,7,62,10
2019-03-05 09:00:00,12,3,0.0,5.9,3,2,0,06:25 AM,05:24 PM,06:35 AM,06:07 PM,7,9,10,9,10,91,79,0.4,1019,9,2,62,11
2019-03-05 12:00:00,12,3,0.0,5.9,3,3,0,06:25 AM,05:24 PM,06:35 AM,06:07 PM,8,10,11,10,15,93,79,0.4,1012,11,2,122,12
2019-03-05 15:00:00,12,3,0.0,5.9,3,3,0,06:25 AM,05:24 PM,06:35 AM,06:07 PM,8,11,12,11,15,100,76,0.1,1010,12,5,157,11
2019-03-05 18:00:00,12,3,0.0,5.9,3,0,0,06:25 AM,05:24 PM,06:35 AM,06:07 PM,9,10,12,10,21,100,82,0.1,1009,11,7,153,15
2019-03-05 21:00:00,12,3,0.0,5.9,3,0,0,06:25 AM,05:24 PM,06:35 AM,06:07 PM,10,7,10,7,23,98,83,0.3,1009,7,5,153,13
2019-03-06 00:00:00,13,10,0.0,5.9,3,0,0,06:55 AM,06:21 PM,06:34 AM,06:08 PM,10,6,8,6,41,96,83,0.1,1009,6,7,170,21
2019-03-06 03:00:00,13,10,0.0,5.9,3,0,0,06:55 AM,06:21 PM,06:34 AM,06:08 PM,11,10,13,10,46,100,87,0.1,1004,13,4,173,28
2019-03-06 06:00:00,13,10,0.0,5.9,3,0,0,06:55 AM,06:21 PM,06:34 AM,06:08 PM,10,11,12,11,49,85,84,0.8,1005,12,9,183,28
2019-03-06 09:00:00,13,10,0.0,5.9,3,3,0,06:55 AM,06:21 PM,06:34 AM,06:08 PM,8,11,11,11,42,68,83,1.5,1008,11,10,206,22
2019-03-06 12:00:00,13,10,0.0,5.9,3,3,0,06:55 AM,06:21 PM,06:34 AM,06:08 PM,9,10,12,10,45,93,79,0.0,1006,12,10,212,29
2019-03-06 15:00:00,13,10,0.0,5.9,3,3,0,06:55 AM,06:21 PM,06:34 AM,06:08 PM,8,11,13,11,46,90,73,0.1,1009,13,10,203,30
2019-03-06 18:00:00,13,10,0.0,5.9,3,0,0,06:55 AM,06:21 PM,06:34 AM,06:08 PM,9,12,13,12,45,100,78,0.2,1011,12,7,209,28
2019-03-06 21:00:00,13,10,0.0,5.9,3,0,0,06:55 AM,06:21 PM,06:34 AM,06:08 PM,9,9,12,9,39,100,85,0.4,1011,12,5,237,26
2019-03-07 00:00:00,12,9,0.0,7.3,3,0,3,07:24 AM,07:18 PM,06:33 AM,06:09 PM,9,9,11,9,33,98,84,0.2,1014,11,10,248,23
2019-03-07 03:00:00,12,9,0.0,7.3,3,0,3,07:24 AM,07:18 PM,06:33 AM,06:09 PM,8,8,11,8,27,88,82,0.3,1015,11,10,241,18
2019-03-07 06:00:00,12,9,0.0,7.3,3,0,3,07:24 AM,07:18 PM,06:33 AM,06:09 PM,7,9,10,9,21,74,82,0.0,1017,10,10,259,15
2019-03-07 09:00:00,12,9,0.0,7.3,3,2,3,07:24 AM,07:18 PM,06:33 AM,06:09 PM,6,10,10,10,16,77,77,0.1,1018,10,10,277,12
2019-03-07 12:00:00,12,9,0.0,7.3,3,3,3,07:24 AM,07:18 PM,06:33 AM,06:09 PM,5,10,11,10,15,91,66,0.0,1018,11,10,279,15
2019-03-07 15:00:00,12,9,0.0,7.3,3,4,3,07:24 AM,07:18 PM,06:33 AM,06:09 PM,6,13,13,13,19,66,63,0.0,1018,12,10,272,22
2019-03-07 18:00:00,12,9,0.0,7.3,3,0,3,07:24 AM,07:18 PM,06:33 AM,06:09 PM,5,10,11,10,23,51,65,0.0,1017,11,10,274,21
2019-03-07 21:00:00,12,9,0.0,7.3,3,0,3,07:24 AM,07:18 PM,06:33 AM,06:09 PM,3,7,10,7,27,58,66,0.0,1016,10,10,264,19
2019-03-08 00:00:00,12,9,0.0,11.6,3,0,10,07:52 AM,08:15 PM,06:31 AM,06:10 PM,4,6,9,6,31,75,68,0.1,1016,9,10,270,22
2019-03-08 03:00:00,12,9,0.0,11.6,3,0,10,07:52 AM,08:15 PM,06:31 AM,06:10 PM,3,6,9,6,35,58,66,0.1,1016,9,10,282,23
2019-03-08 06:00:00,12,9,0.0,11.6,3,0,10,07:52 AM,08:15 PM,06:31 AM,06:10 PM,3,7,9,7,35,10,69,0.0,1016,9,10,290,20
2019-03-08 09:00:00,12,9,0.0,11.6,3,3,10,07:52 AM,08:15 PM,06:31 AM,06:10 PM,6,11,11,11,32,1,74,0.0,1016,10,10,295,14
2019-03-08 12:00:00,12,9,0.0,11.6,3,4,10,07:52 AM,08:15 PM,06:31 AM,06:10 PM,5,11,12,11,30,6,62,0.0,1018,11,10,290,20
2019-03-08 15:00:00,12,9,0.0,11.6,3,4,10,07:52 AM,08:15 PM,06:31 AM,06:10 PM,3,9,12,9,32,12,54,0.0,1019,12,10,279,28
2019-03-08 18:00:00,12,9,0.0,11.6,3,0,10,07:52 AM,08:15 PM,06:31 AM,06:10 PM,3,8,10,8,31,15,59,0.0,1019,10,10,275,25
2019-03-08 21:00:00,12,9,0.0,11.6,3,0,10,07:52 AM,08:15 PM,06:31 AM,06:10 PM,3,6,9,6,26,37,66,0.0,1019,8,10,264,18
2019-03-09 00:00:00,11,5,0.0,8.8,3,0,17,08:20 AM,09:14 PM,06:30 AM,06:11 PM,3,7,10,7,19,66,66,0.0,1019,8,10,233,14
2019-03-09 03:00:00,11,5,0.0,8.8,3,0,17,08:20 AM,09:14 PM,06:30 AM,06:11 PM,4,7,9,7,22,66,68,0.0,1018,9,10,189,16
2019-03-09 06:00:00,11,5,0.0,8.8,3,0,17,08:20 AM,09:14 PM,06:30 AM,06:11 PM,4,7,9,7,29,67,71,0.3,1018,9,10,165,17
2019-03-09 09:00:00,11,5,0.0,8.8,3,2,17,08:20 AM,09:14 PM,06:30 AM,06:11 PM,4,10,10,10,32,100,69,1.6,1018,9,8,167,13
2019-03-09 12:00:00,11,5,0.0,8.8,3,3,17,08:20 AM,09:14 PM,06:30 AM,06:11 PM,4,12,12,12,31,91,61,2.7,1018,11,8,188,16
2019-03-09 15:00:00,11,5,0.0,8.8,3,4,17,08:20 AM,09:14 PM,06:30 AM,06:11 PM,3,12,12,12,31,59,57,1.1,1018,11,10,202,15
2019-03-09 18:00:00,11,5,0.0,8.8,3,0,17,08:20 AM,09:14 PM,06:30 AM,06:11 PM,4,11,11,11,29,45,63,0.4,1016,10,10,198,14
2019-03-09 21:00:00,11,5,0.0,8.8,3,0,17,08:20 AM,09:14 PM,06:30 AM,06:11 PM,5,9,10,9,25,75,70,0.7,1016,9,10,174,15
2019-03-10 00:00:00,12,7,0.0,8.8,3,0,24,08:49 AM,10:13 PM,06:28 AM,06:12 PM,6,7,10,7,26,81,78,0.3,1013,8,10,160,17
2019-03-10 03:00:00,12,7,0.0,8.8,3,0,24,08:49 AM,10:13 PM,06:28 AM,06:12 PM,6,7,9,7,23,100,80,0.7,1013,9,10,145,16
2019-03-10 06:00:00,12,7,0.0,8.8,3,0,24,08:49 AM,10:13 PM,06:28 AM,06:12 PM,6,6,9,6,20,100,80,0.0,1015,8,10,130,15
2019-03-10 09:00:00,12,7,0.0,8.8,3,2,24,08:49 AM,10:13 PM,06:28 AM,06:12 PM,5,8,9,8,14,90,75,0.1,1018,9,10,111,14
2019-03-10 12:00:00,12,7,0.0,8.8,3,4,24,08:49 AM,10:13 PM,06:28 AM,06:12 PM,5,12,12,12,9,67,65,0.0,1017,12,10,71,10
2019-03-10 15:00:00,12,7,0.0,8.8,3,4,24,08:49 AM,10:13 PM,06:28 AM,06:12 PM,5,13,13,13,8,48,60,0.0,1018,12,10,134,15
2019-03-10 18:00:00,12,7,0.0,8.8,3,0,24,08:49 AM,10:13 PM,06:28 AM,06:12 PM,5,12,13,12,10,45,62,0.3,1014,12,10,240,15
2019-03-10 21:00:00,12,7,0.0,8.8,3,0,24,08:49 AM,10:13 PM,06:28 AM,06:12 PM,6,11,11,11,12,83,71,1.0,1015,11,10,31,10
2019-03-11 00:00:00,12,8,0.0,11.6,4,0,32,09:21 AM,11:14 PM,06:27 AM,06:13 PM,6,10,10,10,8,48,78,0.7,1012,9,9,25,12
2019-03-11 03:00:00,12,8,0.0,11.6,4,0,32,09:21 AM,11:14 PM,06:27 AM,06:13 PM,6,10,10,10,5,3,78,0.0,1014,9,10,21,9
2019-03-11 06:00:00,12,8,0.0,11.6,4,0,32,09:21 AM,11:14 PM,06:27 AM,06:13 PM,6,10,10,10,7,0,73,0.0,1018,10,10,25,8
2019-03-11 09:00:00,12,8,0.0,11.6,4,3,32,09:21 AM,11:14 PM,06:27 AM,06:13 PM,5,10,10,10,9,0,70,0.0,1018,9,10,38,13
2019-03-11 12:00:00,12,8,0.0,11.6,4,4,32,09:21 AM,11:14 PM,06:27 AM,06:13 PM,5,12,12,12,12,0,61,0.0,1016,11,10,136,15
2019-03-11 15:00:00,12,8,0.0,11.6,4,4,32,09:21 AM,11:14 PM,06:27 AM,06:13 PM,6,13,13,13,12,0,63,0.0,1016,12,10,321,19
2019-03-11 18:00:00,12,8,0.0,11.6,4,0,32,09:21 AM,11:14 PM,06:27 AM,06:13 PM,8,11,13,11,14,0,66,0.0,1016,11,10,291,17
2019-03-11 21:00:00,12,8,0.0,11.6,4,0,32,09:21 AM,11:14 PM,06:27 AM,06:13 PM,9,7,11,7,14,1,70,0.0,1016,7,10,296,12
