date_time,"springfield,il_maxtempC","springfield,il_mintempC","springfield,il_totalSnow_cm","springfield,il_sunHour","springfield,il_uvIndex","springfield,il_uvIndex","springfield,il_moon_illumination","springfield,il_moonrise","springfield,il_moonset","springfield,il_sunrise","springfield,il_sunset","springfield,il_DewPointC","springfield,il_FeelsLikeC","springfield,il_HeatIndexC","springfield,il_WindChillC","springfield,il_WindGustKmph","springfield,il_cloudcover","springfield,il_humidity","springfield,il_precipMM","springfield,il_pressure","springfield,il_tempC","springfield,il_visibility","springfield,il_winddirDegree","springfield,il_windspeedKmph"
2018-12-11 00:00:00,5,-3,0.0,8.7,2,0,21,10:29 AM,08:35 PM,07:10 AM,04:34 PM,-6,-8,-3,-8,31,33,76,0.0,1024,-3,10,211,15
2018-12-11 03:00:00,5,-3,0.0,8.7,2,0,21,10:29 AM,08:35 PM,07:10 AM,04:34 PM,-6,-8,-3,-8,29,20,78,0.0,1023,-3,10,228,14
2018-12-11 06:00:00,5,-3,0.0,8.7,2,0,21,10:29 AM,08:35 PM,07:10 AM,04:34 PM,-5,-8,-2,-8,37,16,81,0.0,1023,-2,10,231,18
2018-12-11 09:00:00,5,-3,0.0,8.7,2,2,21,10:29 AM,08:35 PM,07:10 AM,04:34 PM,-4,-5,0,-5,29,15,77,0.0,1022,0,10,236,18
2018-12-11 12:00:00,5,-3,0.0,8.7,2,2,21,10:29 AM,08:35 PM,07:10 AM,04:34 PM,-1,2,5,2,21,7,67,0.0,1020,5,10,245,15
2018-12-11 15:00:00,5,-3,0.0,8.7,2,2,21,10:29 AM,08:35 PM,07:10 AM,04:34 PM,0,2,5,2,20,4,72,0.0,1018,5,10,204,11
2018-12-11 18:00:00,5,-3,0.0,8.7,2,0,21,10:29 AM,08:35 PM,07:10 AM,04:34 PM,-2,0,3,0,30,6,70,0.0,1017,3,10,183,14
2018-12-11 21:00:00,5,-3,0.0,8.7,2,0,21,10:29 AM,08:35 PM,07:10 AM,04:34 PM,-2,-1,3,-1,36,34,69,0.0,1016,3,10,186,17
2018-12-12 00:00:00,7,2,0.0,8.7,1,0,29,11:05 AM,09:32 PM,07:11 AM,04:34 PM,1,0,5,0,44,100,76,0.0,1014,5,10,189,23
2018-12-12 03:00:00,7,2,0.0,8.7,1,0,29,11:05 AM,09:32 PM,07:11 AM,04:34 PM,1,0,4,0,44,11,80,0.0,1012,4,10,193,24
2018-12-12 06:00:00,7,2,0.0,8.7,1,0,29,11:05 AM,09:32 PM,07:11 AM,04:34 PM,0,-1,4,-1,40,3,79,0.0,1011,4,10,210,20
2018-12-12 09:00:00,7,2,0.0,8.7,1,2,29,11:05 AM,09:32 PM,07:11 AM,04:34 PM,-1,-3,2,-3,34,8,79,0.0,1012,2,10,253,22
2018-12-12 12:00:00,7,2,0.0,8.7,1,3,29,11:05 AM,09:32 PM,07:11 AM,04:34 PM,-1,2,6,2,25,2,62,0.0,1012,6,10,251,21
2018-12-12 15:00:00,7,2,0.0,8.7,1,3,29,11:05 AM,09:32 PM,07:11 AM,04:34 PM,0,4,7,4,22,2,63,0.0,1012,7,10,258,16
2018-12-12 18:00:00,7,2,0.0,8.7,1,0,29,11:05 AM,09:32 PM,07:11 AM,04:34 PM,0,1,3,1,11,4,82,0.0,1014,3,10,263,5
2018-12-12 21:00:00,7,2,0.0,8.7,1,0,29,11:05 AM,09:32 PM,07:11 AM,04:34 PM,0,2,2,2,6,8,83,0.0,1015,2,10,62,3
2018-12-13 00:00:00,6,1,0.0,3.5,2,0,36,11:38 AM,10:29 PM,07:11 AM,04:34 PM,-2,-2,2,-2,29,16,77,0.0,1015,2,10,106,14
2018-12-13 03:00:00,6,1,0.0,3.5,2,0,36,11:38 AM,10:29 PM,07:11 AM,04:34 PM,-2,-2,1,-2,26,5,81,0.0,1016,1,10,114,13
2018-12-13 06:00:00,6,1,0.0,3.5,2,0,36,11:38 AM,10:29 PM,07:11 AM,04:34 PM,1,-2,2,-2,31,69,93,0.0,1016,2,10,114,15
2018-12-13 09:00:00,6,1,0.0,3.5,2,1,36,11:38 AM,10:29 PM,07:11 AM,04:34 PM,4,1,5,1,27,100,95,0.1,1016,5,10,123,17
2018-12-13 12:00:00,6,1,0.0,3.5,2,2,36,11:38 AM,10:29 PM,07:11 AM,04:34 PM,4,2,5,2,24,100,94,0.0,1016,5,10,130,15
2018-12-13 15:00:00,6,1,0.0,3.5,2,2,36,11:38 AM,10:29 PM,07:11 AM,04:34 PM,5,3,6,3,19,100,96,0.7,1015,6,2,119,12
2018-12-13 18:00:00,6,1,0.0,3.5,2,0,36,11:38 AM,10:29 PM,07:11 AM,04:34 PM,5,3,6,3,18,100,98,0.0,1017,6,0,105,10
2018-12-13 21:00:00,6,1,0.0,3.5,2,0,36,11:38 AM,10:29 PM,07:11 AM,04:34 PM,6,4,6,4,12,100,98,3.6,1017,6,7,116,7
2018-12-14 00:00:00,7,5,0.0,3.5,2,0,43,12:07 PM,11:28 PM,07:12 AM,04:34 PM,6,5,6,5,13,100,98,0.0,1018,6,0,56,7
2018-12-14 03:00:00,7,5,0.0,3.5,2,0,43,12:07 PM,11:28 PM,07:12 AM,04:34 PM,6,5,6,5,14,100,98,1.6,1018,6,9,19,8
2018-12-14 06:00:00,7,5,0.0,3.5,2,0,43,12:07 PM,11:28 PM,07:12 AM,04:34 PM,4,2,5,2,20,100,96,0.0,1020,5,10,17,13
2018-12-14 09:00:00,7,5,0.0,3.5,2,2,43,12:07 PM,11:28 PM,07:12 AM,04:34 PM,4,2,6,2,25,100,93,0.4,1021,6,2,25,17
2018-12-14 12:00:00,7,5,0.0,3.5,2,2,43,12:07 PM,11:28 PM,07:12 AM,04:34 PM,5,4,7,4,19,100,87,0.0,1020,7,10,24,14
2018-12-14 15:00:00,7,5,0.0,3.5,2,2,43,12:07 PM,11:28 PM,07:12 AM,04:34 PM,5,4,8,4,25,100,87,0.0,1019,7,10,26,19
2018-12-14 18:00:00,7,5,0.0,3.5,2,0,43,12:07 PM,11:28 PM,07:12 AM,04:34 PM,4,2,6,2,27,100,88,0.0,1021,6,10,9,18
2018-12-14 21:00:00,7,5,0.0,3.5,2,0,43,12:07 PM,11:28 PM,07:12 AM,04:34 PM,4,1,5,1,38,100,89,0.0,1020,5,10,21,25
2018-12-15 00:00:00,9,2,0.0,5.2,1,0,51,12:35 PM,No moonset,07:13 AM,04:35 PM,2,0,4,0,31,68,84,0.0,1019,4,10,26,21
2018-12-15 03:00:00,9,2,0.0,5.2,1,0,51,12:35 PM,No moonset,07:13 AM,04:35 PM,0,-1,3,-1,35,18,76,0.0,1019,3,10,26,22
2018-12-15 06:00:00,9,2,0.0,5.2,1,0,51,12:35 PM,No moonset,07:13 AM,04:35 PM,-3,-2,3,-2,27,6,69,0.0,1019,2,10,22,16
2018-12-15 09:00:00,9,2,0.0,5.2,1,1,51,12:35 PM,No moonset,07:13 AM,04:35 PM,-3,-1,3,-1,34,83,63,0.0,1020,3,10,27,21
2018-12-15 12:00:00,9,2,0.0,5.2,1,2,51,12:35 PM,No moonset,07:13 AM,04:35 PM,-1,4,7,4,23,92,54,0.0,1019,7,10,30,17
2018-12-15 15:00:00,9,2,0.0,5.2,1,3,51,12:35 PM,No moonset,07:13 AM,04:35 PM,0,6,9,6,22,13,53,0.0,1019,9,10,19,16
2018-12-15 18:00:00,9,2,0.0,5.2,1,0,51,12:35 PM,No moonset,07:13 AM,04:35 PM,0,2,5,2,22,2,74,0.0,1020,5,10,353,11
2018-12-15 21:00:00,9,2,0.0,5.2,1,0,51,12:35 PM,No moonset,07:13 AM,04:35 PM,0,0,3,0,23,0,78,0.0,1021,3,10,4,11
2018-12-16 00:00:00,10,1,0.0,8.7,2,0,58,01:03 PM,12:26 AM,07:14 AM,04:35 PM,-1,-1,2,-1,21,0,82,0.0,1022,2,10,349,10
2018-12-16 03:00:00,10,1,0.0,8.7,2,0,58,01:03 PM,12:26 AM,07:14 AM,04:35 PM,-2,-2,1,-2,16,7,81,0.0,1022,1,10,330,8
2018-12-16 06:00:00,10,1,0.0,8.7,2,0,58,01:03 PM,12:26 AM,07:14 AM,04:35 PM,-3,-2,1,-2,16,12,78,0.0,1022,1,10,279,8
2018-12-16 09:00:00,10,1,0.0,8.7,2,2,58,01:03 PM,12:26 AM,07:14 AM,04:35 PM,-2,1,4,1,19,2,68,0.0,1022,4,10,269,11
2018-12-16 12:00:00,10,1,0.0,8.7,2,3,58,01:03 PM,12:26 AM,07:14 AM,04:35 PM,-1,8,10,8,18,19,48,0.0,1021,10,10,274,14
2018-12-16 15:00:00,10,1,0.0,8.7,2,3,58,01:03 PM,12:26 AM,07:14 AM,04:35 PM,0,8,10,8,21,32,50,0.0,1021,10,10,282,15
2018-12-16 18:00:00,10,1,0.0,8.7,2,0,58,01:03 PM,12:26 AM,07:14 AM,04:35 PM,1,3,6,3,23,35,72,0.0,1022,6,10,277,11
2018-12-16 21:00:00,10,1,0.0,8.7,2,0,58,01:03 PM,12:26 AM,07:14 AM,04:35 PM,1,1,4,1,25,0,82,0.0,1023,4,10,290,12
2018-12-17 00:00:00,7,0,0.0,8.7,2,0,65,01:31 PM,01:26 AM,07:14 AM,04:35 PM,0,-1,3,-1,25,0,85,0.0,1023,3,10,290,12
2018-12-17 03:00:00,7,0,0.0,8.7,2,0,65,01:31 PM,01:26 AM,07:14 AM,04:35 PM,0,-2,2,-2,25,2,87,0.0,1023,2,10,317,13
2018-12-17 06:00:00,7,0,0.0,8.7,2,0,65,01:31 PM,01:26 AM,07:14 AM,04:35 PM,-4,-3,0,-3,22,30,75,0.0,1024,0,10,306,10
2018-12-17 09:00:00,7,0,0.0,8.7,2,2,65,01:31 PM,01:26 AM,07:14 AM,04:35 PM,-4,-1,2,-1,21,5,61,0.0,1025,2,10,332,14
2018-12-17 12:00:00,7,0,0.0,8.7,2,3,65,01:31 PM,01:26 AM,07:14 AM,04:35 PM,-5,4,6,4,13,3,45,0.0,1025,6,10,324,10
2018-12-17 15:00:00,7,0,0.0,8.7,2,3,65,01:31 PM,01:26 AM,07:14 AM,04:35 PM,-5,5,7,5,16,0,43,0.0,1024,7,10,317,12
2018-12-17 18:00:00,7,0,0.0,8.7,2,0,65,01:31 PM,01:26 AM,07:14 AM,04:35 PM,-4,2,4,2,12,0,60,0.0,1025,4,10,330,6
2018-12-17 21:00:00,7,0,0.0,8.7,2,0,65,01:31 PM,01:26 AM,07:14 AM,04:35 PM,-4,1,2,1,14,0,62,0.0,1024,2,10,11,6
2018-12-18 00:00:00,8,0,0.0,8.7,2,0,72,02:01 PM,02:28 AM,07:15 AM,04:36 PM,-5,0,2,0,11,3,63,0.0,1024,1,10,90,5
2018-12-18 03:00:00,8,0,0.0,8.7,2,0,72,02:01 PM,02:28 AM,07:15 AM,04:36 PM,-5,-1,1,-1,14,2,65,0.0,1024,1,10,121,6
2018-12-18 06:00:00,8,0,0.0,8.7,2,0,72,02:01 PM,02:28 AM,07:15 AM,04:36 PM,-4,-3,0,-3,20,2,73,0.0,1025,0,10,139,10
2018-12-18 09:00:00,8,0,0.0,8.7,2,2,72,02:01 PM,02:28 AM,07:15 AM,04:36 PM,-3,-1,2,-1,20,2,66,0.0,1024,2,10,154,13
2018-12-18 12:00:00,8,0,0.0,8.7,2,3,72,02:01 PM,02:28 AM,07:15 AM,04:36 PM,-1,5,7,5,13,59,56,0.0,1022,7,10,173,11
2018-12-18 15:00:00,8,0,0.0,8.7,2,3,72,02:01 PM,02:28 AM,07:15 AM,04:36 PM,-1,6,8,6,17,24,53,0.0,1020,8,10,162,12
2018-12-18 18:00:00,8,0,0.0,8.7,2,0,72,02:01 PM,02:28 AM,07:15 AM,04:36 PM,-1,1,4,1,25,15,70,0.0,1020,4,10,148,12
2018-12-18 21:00:00,8,0,0.0,8.7,2,0,72,02:01 PM,02:28 AM,07:15 AM,04:36 PM,-2,-1,3,-1,31,13,72,0.0,1018,3,10,155,15
2018-12-19 00:00:00,10,2,0.0,8.7,3,0,80,02:35 PM,03:33 AM,07:15 AM,04:36 PM,-3,-2,3,-2,37,45,67,0.0,1017,3,10,173,19
2018-12-19 03:00:00,10,2,0.0,8.7,3,0,80,02:35 PM,03:33 AM,07:15 AM,04:36 PM,-2,-1,2,-1,29,79,71,0.0,1016,2,10,172,14
2018-12-19 06:00:00,10,2,0.0,8.7,3,0,80,02:35 PM,03:33 AM,07:15 AM,04:36 PM,-3,-1,3,-1,32,48,64,0.0,1014,3,10,176,16
2018-12-19 09:00:00,10,2,0.0,8.7,3,2,80,02:35 PM,03:33 AM,07:15 AM,04:36 PM,-2,1,5,1,30,9,64,0.0,1013,5,10,184,18
2018-12-19 12:00:00,10,2,0.0,8.7,3,3,80,02:35 PM,03:33 AM,07:15 AM,04:36 PM,3,8,10,8,17,23,62,0.0,1010,10,10,201,14
2018-12-19 15:00:00,10,2,0.0,8.7,3,4,80,02:35 PM,03:33 AM,07:15 AM,04:36 PM,4,8,10,8,24,47,68,0.0,1008,10,10,177,18
2018-12-19 18:00:00,10,2,0.0,8.7,3,0,80,02:35 PM,03:33 AM,07:15 AM,04:36 PM,6,6,8,6,28,72,85,0.0,1008,8,10,160,15
2018-12-19 21:00:00,10,2,0.0,8.7,3,0,80,02:35 PM,03:33 AM,07:15 AM,04:36 PM,7,6,8,6,29,45,90,0.0,1008,8,10,182,17
2018-12-20 00:00:00,8,4,0.0,3.5,2,0,87,03:14 PM,04:40 AM,07:16 AM,04:37 PM,7,5,8,5,22,99,95,0.0,1006,8,10,184,13
2018-12-20 03:00:00,8,4,0.0,3.5,2,0,87,03:14 PM,04:40 AM,07:16 AM,04:37 PM,7,5,8,5,21,100,96,2.4,1005,8,9,180,14
2018-12-20 06:00:00,8,4,0.0,3.5,2,0,87,03:14 PM,04:40 AM,07:16 AM,04:37 PM,6,5,7,5,13,90,96,0.0,1005,7,2,188,8
2018-12-20 09:00:00,8,4,0.0,3.5,2,2,87,03:14 PM,04:40 AM,07:16 AM,04:37 PM,7,7,8,7,9,100,94,0.0,1006,8,10,198,6
2018-12-20 12:00:00,8,4,0.0,3.5,2,2,87,03:14 PM,04:40 AM,07:16 AM,04:37 PM,6,5,7,5,18,100,90,0.0,1005,7,10,300,13
2018-12-20 15:00:00,8,4,0.0,3.5,2,2,87,03:14 PM,04:40 AM,07:16 AM,04:37 PM,3,2,6,2,28,100,83,1.1,1004,6,9,329,21
2018-12-20 18:00:00,8,4,0.0,3.5,2,0,87,03:14 PM,04:40 AM,07:16 AM,04:37 PM,1,0,4,0,28,100,79,0.0,1005,4,10,325,21
2018-12-20 21:00:00,8,4,0.0,3.5,2,0,87,03:14 PM,04:40 AM,07:16 AM,04:37 PM,1,-1,4,-1,34,100,81,0.4,1005,4,9,336,25
2018-12-21 00:00:00,3,-1,0.1,3.5,1,0,94,04:00 PM,05:50 AM,07:17 AM,04:37 PM,0,-2,3,-2,34,100,82,0.0,1004,3,10,325,24
2018-12-21 03:00:00,3,-1,0.1,3.5,1,0,94,04:00 PM,05:50 AM,07:17 AM,04:37 PM,0,-2,3,-2,36,100,82,0.1,1006,3,10,332,26
2018-12-21 06:00:00,3,-1,0.1,3.5,1,0,94,04:00 PM,05:50 AM,07:17 AM,04:37 PM,-1,-3,2,-3,37,100,80,0.2,1007,2,0,341,27
2018-12-21 09:00:00,3,-1,0.1,3.5,1,1,94,04:00 PM,05:50 AM,07:17 AM,04:37 PM,-1,-2,3,-2,36,100,79,0.0,1012,2,1,343,19
2018-12-21 12:00:00,3,-1,0.1,3.5,1,1,94,04:00 PM,05:50 AM,07:17 AM,04:37 PM,-2,-3,2,-3,28,86,70,0.0,1008,2,10,319,24
2018-12-21 15:00:00,3,-1,0.1,3.5,1,1,94,04:00 PM,05:50 AM,07:17 AM,04:37 PM,-3,-3,2,-3,27,78,67,0.0,1009,2,10,317,22
2018-12-21 18:00:00,3,-1,0.1,3.5,1,0,94,04:00 PM,05:50 AM,07:17 AM,04:37 PM,-5,-4,1,-4,20,97,67,0.0,1012,1,10,306,15
2018-12-21 21:00:00,3,-1,0.1,3.5,1,0,94,04:00 PM,05:50 AM,07:17 AM,04:37 PM,-5,-5,-1,-5,16,38,76,0.0,1012,-1,10,285,11
2018-12-22 00:00:00,8,-2,0.0,7.0,1,0,100,04:54 PM,06:58 AM,07:17 AM,04:38 PM,-5,-4,-2,-4,8,68,78,0.0,1013,-2,10,234,5
2018-12-22 03:00:00,8,-2,0.0,7.0,1,0,100,04:54 PM,06:58 AM,07:17 AM,04:38 PM,-5,-5,-2,-5,11,29,82,0.0,1014,-2,10,240,8
2018-12-22 06:00:00,8,-2,0.0,7.0,1,0,100,04:54 PM,06:58 AM,07:17 AM,04:38 PM,-4,-5,-2,-5,14,6,86,0.0,1015,-2,10,177,9
2018-12-22 09:00:00,8,-2,0.0,7.0,1,2,100,04:54 PM,06:58 AM,07:17 AM,04:38 PM,-4,-4,0,-4,24,5,75,0.0,1015,0,10,166,17
2018-12-22 12:00:00,8,-2,0.0,7.0,1,3,100,04:54 PM,06:58 AM,07:17 AM,04:38 PM,-1,2,6,2,26,33,60,0.0,1014,6,10,181,21
2018-12-22 15:00:00,8,-2,0.0,7.0,1,2,100,04:54 PM,06:58 AM,07:17 AM,04:38 PM,1,5,8,5,23,67,61,0.0,1014,8,10,220,16
2018-12-22 18:00:00,8,-2,0.0,7.0,1,0,100,04:54 PM,06:58 AM,07:17 AM,04:38 PM,1,1,3,1,18,87,84,0.0,1016,3,10,280,9
2018-12-22 21:00:00,8,-2,0.0,7.0,1,0,100,04:54 PM,06:58 AM,07:17 AM,04:38 PM,-2,-3,1,-3,24,43,79,0.0,1019,1,10,316,14
2018-12-23 00:00:00,5,-2,0.0,8.7,2,0,100,05:57 PM,08:03 AM,07:17 AM,04:38 PM,-4,-4,-2,-4,12,7,80,0.0,1021,-1,10,315,7
2018-12-23 03:00:00,5,-2,0.0,8.7,2,0,100,05:57 PM,08:03 AM,07:17 AM,04:38 PM,-5,-5,-2,-5,16,6,77,0.0,1021,-2,10,318,9
2018-12-23 06:00:00,5,-2,0.0,8.7,2,0,100,05:57 PM,08:03 AM,07:17 AM,04:38 PM,-4,-4,-1,-4,11,19,79,0.0,1022,-1,10,318,7
2018-12-23 09:00:00,5,-2,0.0,8.7,2,2,100,05:57 PM,08:03 AM,07:17 AM,04:38 PM,-3,-3,1,-3,17,59,75,0.0,1023,1,10,281,12
2018-12-23 12:00:00,5,-2,0.0,8.7,2,2,100,05:57 PM,08:03 AM,07:17 AM,04:38 PM,-5,-1,4,-1,25,7,54,0.0,1023,4,10,306,21
2018-12-23 15:00:00,5,-2,0.0,8.7,2,2,100,05:57 PM,08:03 AM,07:17 AM,04:38 PM,-5,1,5,1,26,5,48,0.0,1022,5,10,290,19
2018-12-23 18:00:00,5,-2,0.0,8.7,2,0,100,05:57 PM,08:03 AM,07:17 AM,04:38 PM,-5,-2,1,-2,24,3,65,0.0,1024,1,10,249,12
2018-12-23 21:00:00,5,-2,0.0,8.7,2,0,100,05:57 PM,08:03 AM,07:17 AM,04:38 PM,-5,-3,1,-3,27,4,69,0.0,1025,1,10,252,13
2018-12-24 00:00:00,6,-1,0.0,8.7,2,0,84,07:06 PM,09:02 AM,07:18 AM,04:39 PM,-5,-3,0,-3,21,11,72,0.0,1025,0,10,246,10
2018-12-24 03:00:00,6,-1,0.0,8.7,2,0,84,07:06 PM,09:02 AM,07:18 AM,04:39 PM,-5,-3,0,-3,16,4,73,0.0,1026,0,10,270,8
2018-12-24 06:00:00,6,-1,0.0,8.7,2,0,84,07:06 PM,09:02 AM,07:18 AM,04:39 PM,-5,-1,-1,-1,4,2,73,0.0,1026,-1,10,266,3
2018-12-24 09:00:00,6,-1,0.0,8.7,2,2,84,07:06 PM,09:02 AM,07:18 AM,04:39 PM,-5,1,1,1,4,6,63,0.0,1027,1,10,188,3
2018-12-24 12:00:00,6,-1,0.0,8.7,2,3,84,07:06 PM,09:02 AM,07:18 AM,04:39 PM,-5,4,6,4,8,36,46,0.0,1025,6,10,188,6
2018-12-24 15:00:00,6,-1,0.0,8.7,2,3,84,07:06 PM,09:02 AM,07:18 AM,04:39 PM,-2,5,6,5,7,36,55,0.0,1024,6,10,172,5
2018-12-24 18:00:00,6,-1,0.0,8.7,2,0,84,07:06 PM,09:02 AM,07:18 AM,04:39 PM,-2,1,4,1,22,78,66,0.0,1024,3,10,149,10
2018-12-24 21:00:00,6,-1,0.0,8.7,2,0,84,07:06 PM,09:02 AM,07:18 AM,04:39 PM,-3,-3,1,-3,22,81,77,0.0,1022,0,10,159,12
2018-12-25 00:00:00,9,3,0.0,8.7,1,0,77,08:18 PM,09:53 AM,07:18 AM,04:39 PM,-1,1,3,1,19,100,73,0.0,1024,3,10,167,9
2018-12-25 03:00:00,9,3,0.0,8.7,1,0,77,08:18 PM,09:53 AM,07:18 AM,04:39 PM,0,1,3,1,18,100,78,0.4,1024,3,2,172,9
2018-12-25 06:00:00,9,3,0.0,8.7,1,0,77,08:18 PM,09:53 AM,07:18 AM,04:39 PM,-1,0,3,0,21,84,75,0.0,1024,3,10,157,11
2018-12-25 09:00:00,9,3,0.0,8.7,1,2,77,08:18 PM,09:53 AM,07:18 AM,04:39 PM,-1,2,4,2,16,25,69,0.0,1025,4,10,152,10
2018-12-25 12:00:00,9,3,0.0,8.7,1,3,77,08:18 PM,09:53 AM,07:18 AM,04:39 PM,-1,6,8,6,11,21,52,0.0,1025,8,10,170,9
2018-12-25 15:00:00,9,3,0.0,8.7,1,3,77,08:18 PM,09:53 AM,07:18 AM,04:39 PM,-2,8,9,8,8,18,47,0.0,1025,9,10,152,6
2018-12-25 18:00:00,9,3,0.0,8.7,1,0,77,08:18 PM,09:53 AM,07:18 AM,04:39 PM,-2,4,5,4,15,11,61,0.0,1027,5,10,115,7
2018-12-25 21:00:00,9,3,0.0,8.7,1,0,77,08:18 PM,09:53 AM,07:18 AM,04:39 PM,-2,1,4,1,20,30,68,0.0,1028,4,10,133,9
2018-12-26 00:00:00,8,1,0.0,7.0,2,0,69,09:30 PM,10:36 AM,07:19 AM,04:40 PM,-1,0,3,0,18,24,74,0.0,1029,3,10,138,9
2018-12-26 03:00:00,8,1,0.0,7.0,2,0,69,09:30 PM,10:36 AM,07:19 AM,04:40 PM,-1,-1,2,-1,20,5,78,0.0,1029,2,10,132,9
2018-12-26 06:00:00,8,1,0.0,7.0,2,0,69,09:30 PM,10:36 AM,07:19 AM,04:40 PM,-1,-2,1,-2,20,10,83,0.0,1030,1,10,127,9
2018-12-26 09:00:00,8,1,0.0,7.0,2,2,69,09:30 PM,10:36 AM,07:19 AM,04:40 PM,-1,0,3,0,22,33,77,0.0,1030,3,10,133,13
2018-12-26 12:00:00,8,1,0.0,7.0,2,2,69,09:30 PM,10:36 AM,07:19 AM,04:40 PM,1,4,7,4,24,100,63,0.0,1028,7,10,128,18
2018-12-26 15:00:00,8,1,0.0,7.0,2,3,69,09:30 PM,10:36 AM,07:19 AM,04:40 PM,1,5,8,5,27,22,59,0.0,1025,8,10,115,19
2018-12-26 18:00:00,8,1,0.0,7.0,2,0,69,09:30 PM,10:36 AM,07:19 AM,04:40 PM,0,2,6,2,39,50,63,0.0,1024,6,10,116,24
2018-12-26 21:00:00,8,1,0.0,7.0,2,0,69,09:30 PM,10:36 AM,07:19 AM,04:40 PM,2,2,6,2,47,100,71,0.1,1022,6,10,130,30
2018-12-27 00:00:00,13,7,0.0,3.5,4,0,62,10:40 PM,11:14 AM,07:19 AM,04:41 PM,4,3,7,3,52,62,81,0.0,1019,7,10,136,33
2018-12-27 03:00:00,13,7,0.0,3.5,4,0,62,10:40 PM,11:14 AM,07:19 AM,04:41 PM,5,4,8,4,46,64,83,0.0,1016,8,10,138,28
2018-12-27 06:00:00,13,7,0.0,3.5,4,0,62,10:40 PM,11:14 AM,07:19 AM,04:41 PM,6,3,8,3,56,100,87,0.0,1013,8,10,147,37
2018-12-27 09:00:00,13,7,0.0,3.5,4,2,62,10:40 PM,11:14 AM,07:19 AM,04:41 PM,8,5,9,5,52,100,89,1.7,1010,9,9,163,35
2018-12-27 12:00:00,13,7,0.0,3.5,4,3,62,10:40 PM,11:14 AM,07:19 AM,04:41 PM,8,7,11,7,79,100,82,0.0,1004,11,10,157,55
2018-12-27 15:00:00,13,7,0.0,3.5,4,3,62,10:40 PM,11:14 AM,07:19 AM,04:41 PM,11,10,13,10,54,100,85,0.0,1003,13,10,180,34
2018-12-27 18:00:00,13,7,0.0,3.5,4,0,62,10:40 PM,11:14 AM,07:19 AM,04:41 PM,11,11,12,11,29,79,89,0.0,1003,12,10,180,18
2018-12-27 21:00:00,13,7,0.0,3.5,4,0,62,10:40 PM,11:14 AM,07:19 AM,04:41 PM,10,9,12,9,41,35,89,0.3,1004,12,9,182,24
2018-12-28 00:00:00,11,-3,0.0,5.2,1,0,55,11:49 PM,11:48 AM,07:19 AM,04:41 PM,9,9,11,9,26,100,90,0.0,1005,11,10,223,17
2018-12-28 03:00:00,11,-3,0.0,5.2,1,0,55,11:49 PM,11:48 AM,07:19 AM,04:41 PM,2,2,6,2,37,91,75,0.1,1008,6,10,252,27
2018-12-28 06:00:00,11,-3,0.0,5.2,1,0,55,11:49 PM,11:48 AM,07:19 AM,04:41 PM,-3,-4,2,-4,27,100,72,0.0,1011,2,10,256,22
2018-12-28 09:00:00,11,-3,0.0,5.2,1,1,55,11:49 PM,11:48 AM,07:19 AM,04:41 PM,-5,-6,0,-6,32,97,70,0.0,1014,0,10,264,26
2018-12-28 12:00:00,11,-3,0.0,5.2,1,1,55,11:49 PM,11:48 AM,07:19 AM,04:41 PM,-6,-6,0,-6,29,100,66,0.0,1016,0,10,262,25
2018-12-28 15:00:00,11,-3,0.0,5.2,1,2,55,11:49 PM,11:48 AM,07:19 AM,04:41 PM,-6,-5,1,-5,30,55,62,0.0,1018,1,10,267,24
2018-12-28 18:00:00,11,-3,0.0,5.2,1,0,55,11:49 PM,11:48 AM,07:19 AM,04:41 PM,-8,-7,-1,-7,30,92,61,0.0,1022,-1,10,281,21
2018-12-28 21:00:00,11,-3,0.0,5.2,1,0,55,11:49 PM,11:48 AM,07:19 AM,04:41 PM,-10,-10,-3,-10,28,18,61,0.0,1024,-3,10,290,20
2018-12-29 00:00:00,-2,-5,0.0,8.7,2,0,48,No moonrise,12:18 PM,07:20 AM,04:42 PM,-11,-11,-5,-11,26,18,61,0.0,1026,-5,10,293,19
2018-12-29 03:00:00,-2,-5,0.0,8.7,2,0,48,No moonrise,12:18 PM,07:20 AM,04:42 PM,-11,-10,-5,-10,20,6,60,0.0,1027,-5,10,296,15
2018-12-29 06:00:00,-2,-5,0.0,8.7,2,0,48,No moonrise,12:18 PM,07:20 AM,04:42 PM,-10,-9,-4,-9,17,24,63,0.0,1030,-4,10,280,12
2018-12-29 09:00:00,-2,-5,0.0,8.7,2,2,48,No moonrise,12:18 PM,07:20 AM,04:42 PM,-11,-8,-4,-8,13,9,60,0.0,1030,-4,10,287,10
2018-12-29 12:00:00,-2,-5,0.0,8.7,2,2,48,No moonrise,12:18 PM,07:20 AM,04:42 PM,-10,-8,-3,-8,15,41,58,0.0,1030,-3,10,263,13
2018-12-29 15:00:00,-2,-5,0.0,8.7,2,2,48,No moonrise,12:18 PM,07:20 AM,04:42 PM,-9,-5,-2,-5,12,16,55,0.0,1027,-2,10,255,10
2018-12-29 18:00:00,-2,-5,0.0,8.7,2,0,48,No moonrise,12:18 PM,07:20 AM,04:42 PM,-8,-6,-3,-6,12,45,66,0.0,1027,-3,10,249,9
2018-12-29 21:00:00,-2,-5,0.0,8.7,2,0,48,No moonrise,12:18 PM,07:20 AM,04:42 PM,-8,-7,-3,-7,12,5,72,0.0,1026,-3,10,223,8
2018-12-30 00:00:00,3,-4,0.0,8.7,2,0,40,12:55 AM,12:49 PM,07:20 AM,04:43 PM,-7,-8,-4,-8,14,17,79,0.0,1025,-4,10,225,9
2018-12-30 03:00:00,3,-4,0.0,8.7,2,0,40,12:55 AM,12:49 PM,07:20 AM,04:43 PM,-7,-7,-4,-7,13,2,80,0.0,1024,-4,10,218,8
2018-12-30 06:00:00,3,-4,0.0,8.7,2,0,40,12:55 AM,12:49 PM,07:20 AM,04:43 PM,-8,-7,-4,-7,11,0,77,0.0,1023,-4,10,192,7
2018-12-30 09:00:00,3,-4,0.0,8.7,2,2,40,12:55 AM,12:49 PM,07:20 AM,04:43 PM,-7,-7,-2,-7,21,0,68,0.0,1022,-2,10,191,15
2018-12-30 12:00:00,3,-4,0.0,8.7,2,2,40,12:55 AM,12:49 PM,07:20 AM,04:43 PM,-5,-2,2,-2,25,0,58,0.0,1020,2,10,195,21
2018-12-30 15:00:00,3,-4,0.0,8.7,2,2,40,12:55 AM,12:49 PM,07:20 AM,04:43 PM,-3,-1,3,-1,27,0,62,0.0,1018,3,10,186,19
2018-12-30 18:00:00,3,-4,0.0,8.7,2,0,40,12:55 AM,12:49 PM,07:20 AM,04:43 PM,-3,-3,1,-3,28,7,76,0.0,1017,1,10,170,16
2018-12-30 21:00:00,3,-4,0.0,8.7,2,0,40,12:55 AM,12:49 PM,07:20 AM,04:43 PM,-2,-3,2,-3,32,29,78,0.0,1016,2,10,165,18
2018-12-31 00:00:00,7,1,0.0,3.5,1,0,36,01:59 AM,01:20 PM,07:20 AM,04:44 PM,1,0,3,0,23,100,86,0.0,1015,3,10,165,13
2018-12-31 03:00:00,7,1,0.0,3.5,1,0,36,01:59 AM,01:20 PM,07:20 AM,04:44 PM,3,0,4,0,31,100,96,6.8,1013,4,7,149,17
2018-12-31 06:00:00,7,1,0.0,3.5,1,0,36,01:59 AM,01:20 PM,07:20 AM,04:44 PM,3,1,4,1,17,100,97,0.0,1010,4,0,90,9
2018-12-31 09:00:00,7,1,0.0,3.5,1,1,36,01:59 AM,01:20 PM,07:20 AM,04:44 PM,4,2,5,2,23,100,97,8.6,1007,5,5,126,13
2018-12-31 12:00:00,7,1,0.0,3.5,1,2,36,01:59 AM,01:20 PM,07:20 AM,04:44 PM,5,3,6,3,24,100,98,0.0,1001,5,10,94,13
2018-12-31 15:00:00,7,1,0.0,3.5,1,2,36,01:59 AM,01:20 PM,07:20 AM,04:44 PM,6,3,7,3,35,100,95,0.0,1002,7,10,231,23
2018-12-31 18:00:00,7,1,0.0,3.5,1,0,36,01:59 AM,01:20 PM,07:20 AM,04:44 PM,4,1,5,1,39,100,89,0.0,1008,5,10,274,27
2018-12-31 21:00:00,7,1,0.0,3.5,1,0,36,01:59 AM,01:20 PM,07:20 AM,04:44 PM,-1,-3,2,-3,33,100,83,0.1,1011,1,10,279,20
2019-01-01 00:00:00,0,-6,0.2,3.5,1,0,26,03:03 AM,01:53 PM,07:20 AM,04:44 PM,-3,-5,0,-5,31,100,84,0.0,1017,-1,10,289,18
2019-01-01 03:00:00,0,-6,0.2,3.5,1,0,26,03:03 AM,01:53 PM,07:20 AM,04:44 PM,-3,-7,-1,-7,26,98,87,0.1,1020,-2,10,299,21
2019-01-01 06:00:00,0,-6,0.2,3.5,1,0,26,03:03 AM,01:53 PM,07:20 AM,04:44 PM,-8,-11,-4,-11,21,97,71,0.0,1023,-5,10,311,20
2019-01-01 09:00:00,0,-6,0.2,3.5,1,1,26,03:03 AM,01:53 PM,07:20 AM,04:44 PM,-11,-12,-5,-12,16,96,62,0.1,1026,-6,10,330,20
2019-01-01 12:00:00,0,-6,0.2,3.5,1,1,26,03:03 AM,01:53 PM,07:20 AM,04:44 PM,-6,-7,-1,-7,13,94,73,0.0,1025,-2,10,118,21
2019-01-01 15:00:00,0,-6,0.2,3.5,1,1,26,03:03 AM,01:53 PM,07:20 AM,04:44 PM,-4,-5,-0,-5,16,95,78,0.1,1027,-1,10,8,17
2019-01-01 18:00:00,0,-6,0.2,3.5,1,0,26,03:03 AM,01:53 PM,07:20 AM,04:44 PM,-3,-5,-1,-5,18,86,85,0.1,1028,-2,7,15,11
2019-01-01 21:00:00,0,-6,0.2,3.5,1,0,26,03:03 AM,01:53 PM,07:20 AM,04:44 PM,-3,-5,-2,-5,13,73,90,0.1,1028,-3,8,198,10
2019-01-02 00:00:00,-2,-6,0.1,5.2,1,0,19,04:05 AM,02:28 PM,07:20 AM,04:45 PM,-4,-6,-3,-6,12,82,87,0.1,1029,-4,10,278,7
2019-01-02 03:00:00,-2,-6,0.1,5.2,1,0,19,04:05 AM,02:28 PM,07:20 AM,04:45 PM,-6,-5,-4,-5,13,79,87,0.0,1030,-5,10,269,5
2019-01-02 06:00:00,-2,-6,0.1,5.2,1,0,19,04:05 AM,02:28 PM,07:20 AM,04:45 PM,-6,-4,-4,-4,13,52,88,0.0,1028,-5,10,262,4
2019-01-02 09:00:00,-2,-6,0.1,5.2,1,2,19,04:05 AM,02:28 PM,07:20 AM,04:45 PM,-11,-8,-5,-8,14,27,63,0.0,1028,-6,10,244,10
2019-01-02 12:00:00,-2,-6,0.1,5.2,1,2,19,04:05 AM,02:28 PM,07:20 AM,04:45 PM,-14,-8,-3,-8,19,60,44,0.0,1027,-4,10,237,14
2019-01-02 15:00:00,-2,-6,0.1,5.2,1,1,19,04:05 AM,02:28 PM,07:20 AM,04:45 PM,-8,-6,-1,-6,24,87,63,0.0,1025,-2,10,237,15
2019-01-02 18:00:00,-2,-6,0.1,5.2,1,0,19,04:05 AM,02:28 PM,07:20 AM,04:45 PM,-10,-7,-3,-7,24,61,60,0.0,1024,-4,10,246,10
2019-01-02 21:00:00,-2,-6,0.1,5.2,1,0,19,04:05 AM,02:28 PM,07:20 AM,04:45 PM,-8,-10,-6,-10,23,73,70,0.0,1022,-9,10,250,14
2019-01-03 00:00:00,2,-6,0.0,8.7,1,0,11,05:05 AM,03:08 PM,07:20 AM,04:46 PM,-7,-9,-5,-9,18,72,78,0.0,1021,-7,10,257,12
2019-01-03 03:00:00,2,-6,0.0,8.7,1,0,11,05:05 AM,03:08 PM,07:20 AM,04:46 PM,-7,-9,-5,-9,16,22,82,0.0,1021,-6,10,243,9
2019-01-03 06:00:00,2,-6,0.0,8.7,1,0,11,05:05 AM,03:08 PM,07:20 AM,04:46 PM,-7,-8,-5,-8,18,1,84,0.0,1020,-6,10,226,8
2019-01-03 09:00:00,2,-6,0.0,8.7,1,2,11,05:05 AM,03:08 PM,07:20 AM,04:46 PM,-10,-7,-2,-7,19,0,57,0.0,1020,-3,10,226,13
2019-01-03 12:00:00,2,-6,0.0,8.7,1,2,11,05:05 AM,03:08 PM,07:20 AM,04:46 PM,-10,-5,-0,-5,17,0,48,0.0,1015,-1,10,226,15
2019-01-03 15:00:00,2,-6,0.0,8.7,1,2,11,05:05 AM,03:08 PM,07:20 AM,04:46 PM,-4,-2,2,-2,18,0,61,0.0,1016,1,10,221,15
2019-01-03 18:00:00,2,-6,0.0,8.7,1,0,11,05:05 AM,03:08 PM,07:20 AM,04:46 PM,-5,-3,1,-3,25,0,63,0.0,1014,0,10,213,19
2019-01-03 21:00:00,2,-6,0.0,8.7,1,0,11,05:05 AM,03:08 PM,07:20 AM,04:46 PM,-5,-6,-1,-6,23,22,75,0.0,1017,-2,10,208,14
2019-01-04 00:00:00,6,-4,0.0,8.7,2,0,4,06:03 AM,03:52 PM,07:20 AM,04:47 PM,-4,-5,-2,-5,20,75,85,0.0,1016,-3,10,204,7
2019-01-04 03:00:00,6,-4,0.0,8.7,2,0,4,06:03 AM,03:52 PM,07:20 AM,04:47 PM,-5,-3,-3,-3,14,97,88,0.0,1014,-4,10,196,3
2019-01-04 06:00:00,6,-4,0.0,8.7,2,0,4,06:03 AM,03:52 PM,07:20 AM,04:47 PM,-5,-3,-3,-3,9,48,88,0.0,1012,-4,10,167,3
2019-01-04 09:00:00,6,-4,0.0,8.7,2,2,4,06:03 AM,03:52 PM,07:20 AM,04:47 PM,-5,-2,1,-2,10,26,67,0.0,1014,0,10,56,11
2019-01-04 12:00:00,6,-4,0.0,8.7,2,2,4,06:03 AM,03:52 PM,07:20 AM,04:47 PM,-2,3,6,3,9,19,57,0.0,1010,5,10,215,10
2019-01-04 15:00:00,6,-4,0.0,8.7,2,2,4,06:03 AM,03:52 PM,07:20 AM,04:47 PM,-1,2,5,2,12,12,64,0.0,1007,4,10,300,9
2019-01-04 18:00:00,6,-4,0.0,8.7,2,0,4,06:03 AM,03:52 PM,07:20 AM,04:47 PM,-1,-1,2,-1,21,5,80,0.0,1010,1,10,289,11
2019-01-04 21:00:00,6,-4,0.0,8.7,2,0,4,06:03 AM,03:52 PM,07:20 AM,04:47 PM,-2,-3,0,-3,27,3,84,0.0,1011,-1,10,288,11
2019-01-05 00:00:00,9,-2,0.0,8.7,2,0,0,06:56 AM,04:40 PM,07:20 AM,04:48 PM,-4,-4,0,-4,29,3,76,0.0,1014,-1,10,289,14
2019-01-05 03:00:00,9,-2,0.0,8.7,2,0,0,06:56 AM,04:40 PM,07:20 AM,04:48 PM,-5,-5,-1,-5,27,3,75,0.0,1017,-2,10,283,14
2019-01-05 06:00:00,9,-2,0.0,8.7,2,0,0,06:56 AM,04:40 PM,07:20 AM,04:48 PM,-4,-6,-1,-6,26,3,81,0.0,1019,-2,10,276,15
2019-01-05 09:00:00,9,-2,0.0,8.7,2,2,0,06:56 AM,04:40 PM,07:20 AM,04:48 PM,-2,-3,2,-3,24,3,79,0.0,1018,1,10,274,14
2019-01-05 12:00:00,9,-2,0.0,8.7,2,3,0,06:56 AM,04:40 PM,07:20 AM,04:48 PM,2,6,8,6,19,6,68,0.0,1016,7,10,269,14
2019-01-05 15:00:00,9,-2,0.0,8.7,2,3,0,06:56 AM,04:40 PM,07:20 AM,04:48 PM,3,7,9,7,19,5,66,0.0,1015,8,10,256,12
2019-01-05 18:00:00,9,-2,0.0,8.7,2,0,0,06:56 AM,04:40 PM,07:20 AM,04:48 PM,2,3,5,3,23,2,80,0.0,1016,5,10,247,10
2019-01-05 21:00:00,9,-2,0.0,8.7,2,0,0,06:56 AM,04:40 PM,07:20 AM,04:48 PM,2,1,3,1,21,10,87,0.0,1017,3,10,262,10
2019-01-06 00:00:00,7,0,0.0,7.0,2,0,0,07:45 AM,05:33 PM,07:20 AM,04:49 PM,1,1,2,1,16,10,91,0.0,1019,1,10,298,4
2019-01-06 03:00:00,7,0,0.0,7.0,2,0,0,07:45 AM,05:33 PM,07:20 AM,04:49 PM,0,-1,0,-1,14,56,96,0.0,1020,-1,10,120,5
2019-01-06 06:00:00,7,0,0.0,7.0,2,0,0,07:45 AM,05:33 PM,07:20 AM,04:49 PM,-1,-2,1,-2,18,33,93,0.0,1021,-0,10,63,9
2019-01-06 09:00:00,7,0,0.0,7.0,2,2,0,07:45 AM,05:33 PM,07:20 AM,04:49 PM,-1,-1,2,-1,22,43,79,0.0,1025,2,10,94,12
2019-01-06 12:00:00,7,0,0.0,7.0,2,2,0,07:45 AM,05:33 PM,07:20 AM,04:49 PM,-0,1,5,1,23,52,70,0.0,1023,4,10,109,16
2019-01-06 15:00:00,7,0,0.0,7.0,2,3,0,07:45 AM,05:33 PM,07:20 AM,04:49 PM,1,5,7,5,26,75,69,0.0,1018,7,10,117,14
2019-01-06 18:00:00,7,0,0.0,7.0,2,0,0,07:45 AM,05:33 PM,07:20 AM,04:49 PM,2,3,6,3,35,82,76,0.0,1016,5,10,122,12
2019-01-06 21:00:00,7,0,0.0,7.0,2,0,0,07:45 AM,05:33 PM,07:20 AM,04:49 PM,4,0,3,0,42,69,84,0.0,1015,1,10,134,14
2019-01-07 00:00:00,14,6,0.0,3.5,3,0,3,08:27 AM,06:27 PM,07:20 AM,04:50 PM,6,2,5,2,46,88,90,0.0,1015,4,10,158,15
2019-01-07 03:00:00,14,6,0.0,3.5,3,0,3,08:27 AM,06:27 PM,07:20 AM,04:50 PM,6,3,6,3,45,70,96,0.0,1015,6,10,174,14
2019-01-07 06:00:00,14,6,0.0,3.5,3,0,3,08:27 AM,06:27 PM,07:20 AM,04:50 PM,6,4,7,4,45,78,99,0.0,1014,6,10,180,13
2019-01-07 09:00:00,14,6,0.0,3.5,3,2,3,08:27 AM,06:27 PM,07:20 AM,04:50 PM,7,5,8,5,47,97,99,3.5,1013,7,8,188,15
2019-01-07 12:00:00,14,6,0.0,3.5,3,3,3,08:27 AM,06:27 PM,07:20 AM,04:50 PM,10,11,12,11,52,100,84,2.4,1008,11,8,203,27
2019-01-07 15:00:00,14,6,0.0,3.5,3,3,3,08:27 AM,06:27 PM,07:20 AM,04:50 PM,10,15,15,15,47,84,74,0.7,1006,14,10,237,31
2019-01-07 18:00:00,14,6,0.0,3.5,3,0,3,08:27 AM,06:27 PM,07:20 AM,04:50 PM,7,13,15,13,40,27,78,0.2,1011,13,10,256,21
2019-01-07 21:00:00,14,6,0.0,3.5,3,0,3,08:27 AM,06:27 PM,07:20 AM,04:50 PM,7,7,10,7,26,3,94,0.0,1012,9,10,259,20
2019-01-08 00:00:00,7,4,0.0,8.7,3,0,10,09:05 AM,07:24 PM,07:20 AM,04:51 PM,5,3,6,3,22,1,92,0.0,1012,5,10,249,16
2019-01-08 03:00:00,7,4,0.0,8.7,3,0,10,09:05 AM,07:24 PM,07:20 AM,04:51 PM,3,2,5,2,27,1,87,0.0,1012,4,10,234,16
2019-01-08 06:00:00,7,4,0.0,8.7,3,0,10,09:05 AM,07:24 PM,07:20 AM,04:51 PM,2,1,5,1,34,3,81,0.0,1012,4,10,234,21
2019-01-08 09:00:00,7,4,0.0,8.7,3,2,10,09:05 AM,07:24 PM,07:20 AM,04:51 PM,2,2,5,2,42,3,80,0.0,1014,4,10,267,17
2019-01-08 12:00:00,7,4,0.0,8.7,3,3,10,09:05 AM,07:24 PM,07:20 AM,04:51 PM,3,3,6,3,46,7,76,0.0,1018,6,10,300,20
2019-01-08 15:00:00,7,4,0.0,8.7,3,3,10,09:05 AM,07:24 PM,07:20 AM,04:51 PM,2,4,8,4,46,3,64,0.0,1020,7,10,303,22
2019-01-08 18:00:00,7,4,0.0,8.7,3,0,10,09:05 AM,07:24 PM,07:20 AM,04:51 PM,-1,2,6,2,42,0,61,0.0,1022,5,10,289,21
2019-01-08 21:00:00,7,4,0.0,8.7,3,0,10,09:05 AM,07:24 PM,07:20 AM,04:51 PM,-3,-0,4,-0,51,0,64,0.0,1024,3,10,294,19
2019-01-09 00:00:00,-2,-6,0.0,8.7,2,0,18,09:39 AM,08:20 PM,07:20 AM,04:52 PM,-4,-2,2,-2,51,0,66,0.0,1025,1,10,306,15
2019-01-09 03:00:00,-2,-6,0.0,8.7,2,0,18,09:39 AM,08:20 PM,07:20 AM,04:52 PM,-8,-7,-2,-7,44,0,61,0.0,1026,-3,10,311,17
2019-01-09 06:00:00,-2,-6,0.0,8.7,2,0,18,09:39 AM,08:20 PM,07:20 AM,04:52 PM,-11,-12,-4,-12,42,1,60,0.0,1028,-5,10,314,26
2019-01-09 09:00:00,-2,-6,0.0,8.7,2,2,18,09:39 AM,08:20 PM,07:20 AM,04:52 PM,-11,-10,-4,-10,39,1,56,0.0,1030,-5,10,319,23
2019-01-09 12:00:00,-2,-6,0.0,8.7,2,2,18,09:39 AM,08:20 PM,07:20 AM,04:52 PM,-11,-8,-2,-8,35,1,48,0.0,1029,-3,10,320,22
2019-01-09 15:00:00,-2,-6,0.0,8.7,2,2,18,09:39 AM,08:20 PM,07:20 AM,04:52 PM,-11,-7,-1,-7,32,1,47,0.0,1030,-2,10,320,21
2019-01-09 18:00:00,-2,-6,0.0,8.7,2,0,18,09:39 AM,08:20 PM,07:20 AM,04:52 PM,-11,-8,-2,-8,31,2,52,0.0,1031,-3,10,320,18
2019-01-09 21:00:00,-2,-6,0.0,8.7,2,0,18,09:39 AM,08:20 PM,07:20 AM,04:52 PM,-12,-9,-4,-9,29,22,54,0.0,1031,-5,10,326,14
2019-01-10 00:00:00,1,-6,0.0,8.7,2,0,25,10:09 AM,09:18 PM,07:20 AM,04:53 PM,-12,-11,-6,-11,25,60,61,0.0,1031,-7,10,335,15
2019-01-10 03:00:00,1,-6,0.0,8.7,2,0,25,10:09 AM,09:18 PM,07:20 AM,04:53 PM,-13,-13,-8,-13,21,31,60,0.0,1032,-9,10,348,14
2019-01-10 06:00:00,1,-6,0.0,8.7,2,0,25,10:09 AM,09:18 PM,07:20 AM,04:53 PM,-10,-10,-6,-10,16,35,71,0.0,1032,-7,10,120,10
2019-01-10 09:00:00,1,-6,0.0,8.7,2,2,25,10:09 AM,09:18 PM,07:20 AM,04:53 PM,-9,-6,-3,-6,13,45,64,0.0,1033,-4,10,12,7
2019-01-10 12:00:00,1,-6,0.0,8.7,2,2,25,10:09 AM,09:18 PM,07:20 AM,04:53 PM,-9,-3,0,-3,8,16,52,0.0,1032,-1,10,23,8
2019-01-10 15:00:00,1,-6,0.0,8.7,2,2,25,10:09 AM,09:18 PM,07:20 AM,04:53 PM,-6,-2,2,-2,6,13,59,0.0,1030,1,10,37,11
2019-01-10 18:00:00,1,-6,0.0,8.7,2,0,25,10:09 AM,09:18 PM,07:20 AM,04:53 PM,-4,-3,1,-3,8,52,71,0.0,1028,-0,10,74,12
2019-01-10 21:00:00,1,-6,0.0,8.7,2,0,25,10:09 AM,09:18 PM,07:20 AM,04:53 PM,-4,-4,0,-4,12,43,76,0.0,1027,-1,10,106,12
2019-01-11 00:00:00,2,-7,0.8,7.0,2,0,32,10:37 AM,10:15 PM,07:20 AM,04:54 PM,-8,-7,-4,-7,14,13,74,0.0,1028,-5,10,132,10
2019-01-11 03:00:00,2,-7,0.8,7.0,2,0,32,10:37 AM,10:15 PM,07:20 AM,04:54 PM,-9,-10,-6,-10,15,7,76,0.0,1028,-7,10,140,9
2019-01-11 06:00:00,2,-7,0.8,7.0,2,0,32,10:37 AM,10:15 PM,07:20 AM,04:54 PM,-9,-10,-6,-10,17,14,76,0.0,1028,-7,10,146,11
2019-01-11 09:00:00,2,-7,0.8,7.0,2,2,32,10:37 AM,10:15 PM,07:20 AM,04:54 PM,-6,-5,-1,-5,20,21,69,0.0,1028,-2,10,147,13
2019-01-11 12:00:00,2,-7,0.8,7.0,2,2,32,10:37 AM,10:15 PM,07:20 AM,04:54 PM,-4,-2,2,-2,21,41,63,0.0,1027,2,10,150,14
2019-01-11 15:00:00,2,-7,0.8,7.0,2,2,32,10:37 AM,10:15 PM,07:20 AM,04:54 PM,-2,-0,3,-0,19,67,68,0.0,1026,2,10,148,13
2019-01-11 18:00:00,2,-7,0.8,7.0,2,0,32,10:37 AM,10:15 PM,07:20 AM,04:54 PM,-2,-1,2,-1,20,92,77,0.1,1026,1,9,150,10
2019-01-11 21:00:00,2,-7,0.8,7.0,2,0,32,10:37 AM,10:15 PM,07:20 AM,04:54 PM,-1,-3,0,-3,22,100,89,0.9,1023,-1,4,141,11
2019-01-12 00:00:00,1,-2,16.1,3.5,1,0,39,11:05 AM,11:14 PM,07:19 AM,04:55 PM,-1,-4,0,-4,22,100,95,3.0,1022,-1,2,119,10
2019-01-12 03:00:00,1,-2,16.1,3.5,1,0,39,11:05 AM,11:14 PM,07:19 AM,04:55 PM,-2,-3,-1,-3,22,100,93,4.2,1025,-2,2,105,6
2019-01-12 06:00:00,1,-2,16.1,3.5,1,0,39,11:05 AM,11:14 PM,07:19 AM,04:55 PM,-3,-3,-1,-3,25,100,90,3.7,1027,-2,2,99,5
2019-01-12 09:00:00,1,-2,16.1,3.5,1,1,39,11:05 AM,11:14 PM,07:19 AM,04:55 PM,-2,-2,0,-2,29,100,88,2.9,1028,-1,2,93,5
2019-01-12 12:00:00,1,-2,16.1,3.5,1,1,39,11:05 AM,11:14 PM,07:19 AM,04:55 PM,-0,-1,2,-1,29,100,88,1.4,1025,1,2,88,8
2019-01-12 15:00:00,1,-2,16.1,3.5,1,1,39,11:05 AM,11:14 PM,07:19 AM,04:55 PM,0,-2,2,-2,26,100,88,1.5,1024,1,2,79,10
2019-01-12 18:00:00,1,-2,16.1,3.5,1,0,39,11:05 AM,11:14 PM,07:19 AM,04:55 PM,-1,-1,2,-1,31,100,86,0.9,1025,1,2,70,9
2019-01-12 21:00:00,1,-2,16.1,3.5,1,0,39,11:05 AM,11:14 PM,07:19 AM,04:55 PM,-2,-2,1,-2,31,100,87,1.3,1027,-0,2,57,8
2019-01-13 00:00:00,0,-5,5.5,3.5,1,0,47,11:32 AM,No moonset,07:19 AM,04:56 PM,-2,-3,-1,-3,33,100,89,1.7,1029,-2,2,50,6
2019-01-13 03:00:00,0,-5,5.5,3.5,1,0,47,11:32 AM,No moonset,07:19 AM,04:56 PM,-3,-5,-2,-5,33,100,95,0.9,1031,-3,2,48,6
2019-01-13 06:00:00,0,-5,5.5,3.5,1,0,47,11:32 AM,No moonset,07:19 AM,04:56 PM,-4,-7,-4,-7,29,100,99,0.9,1031,-5,2,41,7
2019-01-13 09:00:00,0,-5,5.5,3.5,1,1,47,11:32 AM,No moonset,07:19 AM,04:56 PM,-3,-6,-2,-6,27,100,92,0.9,1031,-3,2,36,9
2019-01-13 12:00:00,0,-5,5.5,3.5,1,1,47,11:32 AM,No moonset,07:19 AM,04:56 PM,-2,-4,0,-4,24,100,81,1.1,1030,-1,2,32,12
2019-01-13 15:00:00,0,-5,5.5,3.5,1,1,47,11:32 AM,No moonset,07:19 AM,04:56 PM,-3,-6,-1,-6,21,100,84,0.6,1030,-2,2,19,15
2019-01-13 18:00:00,0,-5,5.5,3.5,1,0,47,11:32 AM,No moonset,07:19 AM,04:56 PM,-4,-8,-3,-8,19,100,92,0.3,1031,-4,2,11,14
2019-01-13 21:00:00,0,-5,5.5,3.5,1,0,47,11:32 AM,No moonset,07:19 AM,04:56 PM,-6,-9,-5,-9,18,56,98,0.1,1031,-6,7,243,10
2019-01-14 00:00:00,-3,-11,0.2,3.5,2,0,54,12:00 PM,12:13 AM,07:19 AM,04:57 PM,-7,-10,-6,-10,15,32,89,0.0,1030,-7,10,354,7
2019-01-14 03:00:00,-3,-11,0.2,3.5,2,0,54,12:00 PM,12:13 AM,07:19 AM,04:57 PM,-7,-8,-5,-8,11,38,84,0.0,1031,-6,10,339,5
2019-01-14 06:00:00,-3,-11,0.2,3.5,2,0,54,12:00 PM,12:13 AM,07:19 AM,04:57 PM,-10,-9,-8,-9,10,63,93,0.0,1031,-9,10,311,1
2019-01-14 09:00:00,-3,-11,0.2,3.5,2,1,54,12:00 PM,12:13 AM,07:19 AM,04:57 PM,-6,-7,-5,-7,9,68,95,0.0,1031,-6,10,286,3
2019-01-14 12:00:00,-3,-11,0.2,3.5,2,1,54,12:00 PM,12:13 AM,07:19 AM,04:57 PM,-5,-6,-2,-6,10,64,84,0.0,1030,-3,10,258,6
2019-01-14 15:00:00,-3,-11,0.2,3.5,2,1,54,12:00 PM,12:13 AM,07:19 AM,04:57 PM,-6,-7,-3,-7,15,82,83,0.1,1029,-4,10,245,10
2019-01-14 18:00:00,-3,-11,0.2,3.5,2,0,54,12:00 PM,12:13 AM,07:19 AM,04:57 PM,-7,-10,-5,-10,15,88,92,0.1,1028,-6,7,237,12
2019-01-14 21:00:00,-3,-11,0.2,3.5,2,0,54,12:00 PM,12:13 AM,07:19 AM,04:57 PM,-6,-12,-9,-12,15,91,91,0.1,1027,-10,5,250,14
2019-01-15 00:00:00,1,-5,0.0,3.5,1,0,61,12:31 PM,01:15 AM,07:18 AM,04:58 PM,-5,-9,-6,-9,14,95,89,0.0,1027,-7,3,248,14
2019-01-15 03:00:00,1,-5,0.0,3.5,1,0,61,12:31 PM,01:15 AM,07:18 AM,04:58 PM,-5,-8,-4,-8,14,97,90,0.1,1026,-5,6,239,13
2019-01-15 06:00:00,1,-5,0.0,3.5,1,0,61,12:31 PM,01:15 AM,07:18 AM,04:58 PM,-5,-8,-4,-8,15,99,92,0.0,1025,-5,4,241,10
2019-01-15 09:00:00,1,-5,0.0,3.5,1,1,61,12:31 PM,01:15 AM,07:18 AM,04:58 PM,-3,-6,-2,-6,18,94,96,0.0,1025,-3,7,237,12
2019-01-15 12:00:00,1,-5,0.0,3.5,1,1,61,12:31 PM,01:15 AM,07:18 AM,04:58 PM,-1,-3,1,-3,20,91,90,0.0,1024,0,10,229,14
2019-01-15 15:00:00,1,-5,0.0,3.5,1,1,61,12:31 PM,01:15 AM,07:18 AM,04:58 PM,0,-2,2,-2,23,93,84,0.1,1021,1,10,223,15
2019-01-15 18:00:00,1,-5,0.0,3.5,1,0,61,12:31 PM,01:15 AM,07:18 AM,04:58 PM,1,-2,2,-2,26,93,89,0.2,1020,1,5,221,15
2019-01-15 21:00:00,1,-5,0.0,3.5,1,0,61,12:31 PM,01:15 AM,07:18 AM,04:58 PM,-0,-3,1,-3,26,93,91,0.1,1019,-0,7,225,12
2019-01-16 00:00:00,2,-4,0.3,3.5,1,0,69,01:06 PM,02:18 AM,07:18 AM,04:59 PM,-2,-4,-1,-4,23,94,91,0.0,1019,-2,10,256,9
2019-01-16 03:00:00,2,-4,0.3,3.5,1,0,69,01:06 PM,02:18 AM,07:18 AM,04:59 PM,-2,-5,-2,-5,19,97,96,0.0,1021,-3,10,285,12
2019-01-16 06:00:00,2,-4,0.3,3.5,1,0,69,01:06 PM,02:18 AM,07:18 AM,04:59 PM,-3,-7,-3,-7,13,95,97,0.0,1022,-4,10,280,12
2019-01-16 09:00:00,2,-4,0.3,3.5,1,1,69,01:06 PM,02:18 AM,07:18 AM,04:59 PM,-2,-6,-2,-6,7,94,96,0.1,1023,-3,10,272,8
2019-01-16 12:00:00,2,-4,0.3,3.5,1,1,69,01:06 PM,02:18 AM,07:18 AM,04:59 PM,-1,-4,0,-4,5,93,90,0.1,1023,-1,7,186,15
2019-01-16 15:00:00,2,-4,0.3,3.5,1,1,69,01:06 PM,02:18 AM,07:18 AM,04:59 PM,0,-2,2,-2,8,94,85,0.1,1019,2,8,146,17
2019-01-16 18:00:00,2,-4,0.3,3.5,1,0,69,01:06 PM,02:18 AM,07:18 AM,04:59 PM,-1,-3,1,-3,12,99,87,0.1,1020,0,7,135,13
2019-01-16 21:00:00,2,-4,0.3,3.5,1,0,69,01:06 PM,02:18 AM,07:18 AM,04:59 PM,-3,-6,-2,-6,15,100,90,0.0,1023,-3,8,117,9
2019-01-17 00:00:00,1,-1,0.1,3.7,1,0,76,01:47 PM,03:26 AM,07:17 AM,05:00 PM,-3,-6,-2,-6,16,100,92,0.2,1021,-3,9,112,10
2019-01-17 03:00:00,1,-1,0.1,3.7,1,0,76,01:47 PM,03:26 AM,07:17 AM,05:00 PM,-5,-7,-3,-7,16,100,88,2.2,1022,-4,8,102,10
2019-01-17 06:00:00,1,-1,0.1,3.7,1,0,76,01:47 PM,03:26 AM,07:17 AM,05:00 PM,-3,-4,-1,-4,14,100,88,4.6,1020,-2,7,80,8
2019-01-17 09:00:00,1,-1,0.1,3.7,1,1,76,01:47 PM,03:26 AM,07:17 AM,05:00 PM,-0,-3,0,-3,10,100,96,1.9,1018,-1,4,62,9
2019-01-17 12:00:00,1,-1,0.1,3.7,1,1,76,01:47 PM,03:26 AM,07:17 AM,05:00 PM,1,-2,1,-2,10,100,97,0.2,1016,1,2,245,10
2019-01-17 15:00:00,1,-1,0.1,3.7,1,1,76,01:47 PM,03:26 AM,07:17 AM,05:00 PM,0,-2,2,-2,12,100,92,0.1,1017,1,1,321,10
2019-01-17 18:00:00,1,-1,0.1,3.7,1,0,76,01:47 PM,03:26 AM,07:17 AM,05:00 PM,-1,-5,-1,-5,17,99,93,0.0,1019,-2,7,311,12
2019-01-17 21:00:00,1,-1,0.1,3.7,1,0,76,01:47 PM,03:26 AM,07:17 AM,05:00 PM,-2,-6,-2,-6,17,96,98,0.1,1018,-3,10,307,9
2019-01-18 00:00:00,-2,-5,0.1,5.4,1,0,83,02:36 PM,04:33 AM,07:17 AM,05:02 PM,-3,-7,-3,-7,16,98,98,0.1,1020,-4,7,302,11
2019-01-18 03:00:00,-2,-5,0.1,5.4,1,0,83,02:36 PM,04:33 AM,07:17 AM,05:02 PM,-4,-7,-4,-7,14,66,96,0.0,1021,-5,3,309,10
2019-01-18 06:00:00,-2,-5,0.1,5.4,1,0,83,02:36 PM,04:33 AM,07:17 AM,05:02 PM,-4,-7,-4,-7,9,46,99,0.0,1022,-5,2,106,8
2019-01-18 09:00:00,-2,-5,0.1,5.4,1,1,83,02:36 PM,04:33 AM,07:17 AM,05:02 PM,-4,-7,-4,-7,7,59,100,0.0,1023,-5,7,65,7
2019-01-18 12:00:00,-2,-5,0.1,5.4,1,1,83,02:36 PM,04:33 AM,07:17 AM,05:02 PM,-3,-6,-3,-6,9,89,94,0.0,1022,-4,10,112,9
2019-01-18 15:00:00,-2,-5,0.1,5.4,1,1,83,02:36 PM,04:33 AM,07:17 AM,05:02 PM,-2,-6,-1,-6,16,100,94,0.1,1018,-2,10,104,16
2019-01-18 18:00:00,-2,-5,0.1,5.4,1,0,83,02:36 PM,04:33 AM,07:17 AM,05:02 PM,-2,-7,-1,-7,25,100,92,0.0,1017,-2,10,91,20
2019-01-18 21:00:00,-2,-5,0.1,5.4,1,0,83,02:36 PM,04:33 AM,07:17 AM,05:02 PM,-3,-8,-2,-8,33,100,93,0.1,1017,-3,7,95,20
2019-01-19 00:00:00,-4,-5,4.3,3.7,1,0,90,03:34 PM,05:41 AM,07:16 AM,05:03 PM,-4,-9,-3,-9,34,100,96,0.1,1016,-4,8,87,21
2019-01-19 03:00:00,-4,-5,4.3,3.7,1,0,90,03:34 PM,05:41 AM,07:16 AM,05:03 PM,-3,-10,-3,-10,33,100,97,3.3,1017,-4,5,69,25
2019-01-19 06:00:00,-4,-5,4.3,3.7,1,0,90,03:34 PM,05:41 AM,07:16 AM,05:03 PM,-3,-10,-3,-10,36,100,99,3.5,1016,-4,2,49,27
2019-01-19 09:00:00,-4,-5,4.3,3.7,1,1,90,03:34 PM,05:41 AM,07:16 AM,05:03 PM,-4,-11,-3,-11,43,100,99,1.5,1015,-4,1,35,31
2019-01-19 12:00:00,-4,-5,4.3,3.7,1,1,90,03:34 PM,05:41 AM,07:16 AM,05:03 PM,-4,-12,-4,-12,48,100,99,0.7,1015,-5,0,23,32
2019-01-19 15:00:00,-4,-5,4.3,3.7,1,1,90,03:34 PM,05:41 AM,07:16 AM,05:03 PM,-5,-12,-4,-12,50,100,94,0.3,1016,-5,0,16,31
2019-01-19 18:00:00,-4,-5,4.3,3.7,1,0,90,03:34 PM,05:41 AM,07:16 AM,05:03 PM,-8,-15,-6,-15,52,100,85,0.2,1021,-7,0,245,30
2019-01-19 21:00:00,-4,-5,4.3,3.7,1,0,90,03:34 PM,05:41 AM,07:16 AM,05:03 PM,-10,-17,-8,-17,46,100,80,0.1,1022,-9,0,353,30
2019-01-20 00:00:00,-11,-14,0.1,5.4,1,0,98,04:40 PM,06:43 AM,07:16 AM,05:04 PM,-11,-18,-9,-18,38,92,84,0.1,1023,-10,3,342,26
2019-01-20 03:00:00,-11,-14,0.1,5.4,1,0,98,04:40 PM,06:43 AM,07:16 AM,05:04 PM,-13,-20,-11,-20,33,37,86,0.0,1025,-12,8,336,21
2019-01-20 06:00:00,-11,-14,0.1,5.4,1,0,98,04:40 PM,06:43 AM,07:16 AM,05:04 PM,-14,-19,-12,-19,28,14,85,0.0,1028,-13,10,336,14
2019-01-20 09:00:00,-11,-14,0.1,5.4,1,2,98,04:40 PM,06:43 AM,07:16 AM,05:04 PM,-14,-20,-13,-20,21,21,87,0.0,1029,-14,10,343,14
2019-01-20 12:00:00,-11,-14,0.1,5.4,1,2,98,04:40 PM,06:43 AM,07:16 AM,05:04 PM,-13,-18,-11,-18,16,64,81,0.0,1029,-12,10,345,16
2019-01-20 15:00:00,-11,-14,0.1,5.4,1,1,98,04:40 PM,06:43 AM,07:16 AM,05:04 PM,-14,-16,-11,-16,17,75,79,0.0,1029,-12,10,339,10
2019-01-20 18:00:00,-11,-14,0.1,5.4,1,0,98,04:40 PM,06:43 AM,07:16 AM,05:04 PM,-15,-17,-12,-17,17,76,78,0.1,1030,-13,10,350,9
2019-01-20 21:00:00,-11,-14,0.1,5.4,1,0,98,04:40 PM,06:43 AM,07:16 AM,05:04 PM,-17,-21,-15,-21,18,32,85,0.0,1032,-16,10,135,10
2019-01-21 00:00:00,-7,-13,0.0,5.4,2,0,100,05:53 PM,07:40 AM,07:15 AM,05:05 PM,-19,-24,-18,-24,17,6,92,0.0,1034,-19,10,43,9
2019-01-21 03:00:00,-7,-13,0.0,5.4,2,0,100,05:53 PM,07:40 AM,07:15 AM,05:05 PM,-22,-25,-19,-25,15,25,82,0.0,1034,-20,10,75,8
2019-01-21 06:00:00,-7,-13,0.0,5.4,2,0,100,05:53 PM,07:40 AM,07:15 AM,05:05 PM,-16,-21,-14,-21,15,78,85,0.0,1032,-15,10,100,11
2019-01-21 09:00:00,-7,-13,0.0,5.4,2,1,100,05:53 PM,07:40 AM,07:15 AM,05:05 PM,-12,-19,-11,-19,23,65,96,0.0,1031,-12,10,114,17
2019-01-21 12:00:00,-7,-13,0.0,5.4,2,2,100,05:53 PM,07:40 AM,07:15 AM,05:05 PM,-10,-18,-9,-18,30,56,94,0.0,1029,-10,10,130,26
2019-01-21 15:00:00,-7,-13,0.0,5.4,2,2,100,05:53 PM,07:40 AM,07:15 AM,05:05 PM,-10,-15,-7,-15,35,71,79,0.0,1027,-8,10,137,27
2019-01-21 18:00:00,-7,-13,0.0,5.4,2,0,100,05:53 PM,07:40 AM,07:15 AM,05:05 PM,-10,-12,-7,-12,41,42,67,0.0,1022,-10,10,135,27
2019-01-21 21:00:00,-7,-13,0.0,5.4,2,0,100,05:53 PM,07:40 AM,07:15 AM,05:05 PM,-10,-15,-11,-15,48,18,66,0.0,1021,-15,10,136,28
2019-01-22 00:00:00,3,-5,0.0,3.7,2,0,88,07:08 PM,08:28 AM,07:15 AM,05:06 PM,-10,-14,-8,-14,46,27,68,0.0,1021,-10,10,143,26
2019-01-22 03:00:00,3,-5,0.0,3.7,2,0,88,07:08 PM,08:28 AM,07:15 AM,05:06 PM,-9,-11,-4,-11,39,16,71,0.0,1018,-5,10,146,28
2019-01-22 06:00:00,3,-5,0.0,3.7,2,0,88,07:08 PM,08:28 AM,07:15 AM,05:06 PM,-9,-12,-4,-12,36,51,70,0.0,1020,-5,10,150,32
2019-01-22 09:00:00,3,-5,0.0,3.7,2,1,88,07:08 PM,08:28 AM,07:15 AM,05:06 PM,-5,-8,-1,-8,41,91,79,0.1,1020,-2,10,158,28
2019-01-22 12:00:00,3,-5,0.0,3.7,2,1,88,07:08 PM,08:28 AM,07:15 AM,05:06 PM,-0,-3,3,-3,46,92,85,0.0,1013,2,10,168,30
2019-01-22 15:00:00,3,-5,0.0,3.7,2,1,88,07:08 PM,08:28 AM,07:15 AM,05:06 PM,-1,-2,3,-2,52,96,74,0.1,1009,3,5,172,27
2019-01-22 18:00:00,3,-5,0.0,3.7,2,0,88,07:08 PM,08:28 AM,07:15 AM,05:06 PM,1,-2,2,-2,53,100,80,0.1,1009,-1,7,174,26
2019-01-22 21:00:00,3,-5,0.0,3.7,2,0,88,07:08 PM,08:28 AM,07:15 AM,05:06 PM,2,-5,-3,-5,36,100,86,4.3,1010,-5,8,181,24
2019-01-23 00:00:00,0,-8,0.1,3.7,1,0,81,08:22 PM,09:10 AM,07:14 AM,05:07 PM,3,-3,0,-3,27,100,95,6.0,1008,-1,7,179,19
2019-01-23 03:00:00,0,-8,0.1,3.7,1,0,81,08:22 PM,09:10 AM,07:14 AM,05:07 PM,3,-2,3,-2,26,100,100,5.2,1006,2,7,177,20
2019-01-23 06:00:00,0,-8,0.1,3.7,1,0,81,08:22 PM,09:10 AM,07:14 AM,05:07 PM,1,-4,2,-4,25,100,98,4.6,1006,1,7,230,23
2019-01-23 09:00:00,0,-8,0.1,3.7,1,1,81,08:22 PM,09:10 AM,07:14 AM,05:07 PM,-4,-10,-2,-10,32,100,88,1.6,1010,-3,6,284,26
2019-01-23 12:00:00,0,-8,0.1,3.7,1,1,81,08:22 PM,09:10 AM,07:14 AM,05:07 PM,-7,-11,-5,-11,31,100,80,0.1,1019,-6,8,299,19
2019-01-23 15:00:00,0,-8,0.1,3.7,1,1,81,08:22 PM,09:10 AM,07:14 AM,05:07 PM,-9,-12,-6,-12,28,100,80,0.1,1022,-7,7,302,13
2019-01-23 18:00:00,0,-8,0.1,3.7,1,0,81,08:22 PM,09:10 AM,07:14 AM,05:07 PM,-11,-14,-8,-14,29,95,82,0.0,1023,-9,8,310,12
2019-01-23 21:00:00,0,-8,0.1,3.7,1,0,81,08:22 PM,09:10 AM,07:14 AM,05:07 PM,-10,-14,-10,-14,28,89,84,0.0,1018,-13,10,311,12
2019-01-24 00:00:00,-6,-10,0.1,3.7,1,0,73,09:34 PM,09:46 AM,07:13 AM,05:09 PM,-11,-15,-9,-15,24,47,86,0.0,1015,-11,10,305,14
2019-01-24 03:00:00,-6,-10,0.1,3.7,1,0,73,09:34 PM,09:46 AM,07:13 AM,05:09 PM,-11,-14,-10,-14,21,27,87,0.0,1015,-11,10,289,12
2019-01-24 06:00:00,-6,-10,0.1,3.7,1,0,73,09:34 PM,09:46 AM,07:13 AM,05:09 PM,-11,-14,-9,-14,18,40,86,0.0,1015,-10,10,268,11
2019-01-24 09:00:00,-6,-10,0.1,3.7,1,2,73,09:34 PM,09:46 AM,07:13 AM,05:09 PM,-10,-13,-7,-13,24,82,81,0.0,1016,-8,10,276,15
2019-01-24 12:00:00,-6,-10,0.1,3.7,1,1,73,09:34 PM,09:46 AM,07:13 AM,05:09 PM,-8,-13,-5,-13,30,100,78,0.0,1019,-6,10,301,23
2019-01-24 15:00:00,-6,-10,0.1,3.7,1,1,73,09:34 PM,09:46 AM,07:13 AM,05:09 PM,-11,-16,-7,-16,39,100,73,0.1,1021,-8,3,305,32
2019-01-24 18:00:00,-6,-10,0.1,3.7,1,0,73,09:34 PM,09:46 AM,07:13 AM,05:09 PM,-15,-20,-10,-20,44,95,68,0.2,1025,-11,0,305,31
2019-01-24 21:00:00,-6,-10,0.1,3.7,1,0,73,09:34 PM,09:46 AM,07:13 AM,05:09 PM,-18,-23,-13,-23,40,37,66,0.1,1028,-14,7,303,26
2019-01-25 00:00:00,-9,-19,0.0,7.0,2,0,66,10:44 PM,10:19 AM,07:13 AM,05:10 PM,-19,-26,-15,-26,33,6,73,0.0,1028,-16,10,301,26
2019-01-25 03:00:00,-9,-19,0.0,7.0,2,0,66,10:44 PM,10:19 AM,07:13 AM,05:10 PM,-21,-27,-17,-27,26,3,71,0.0,1029,-18,10,293,19
2019-01-25 06:00:00,-9,-19,0.0,7.0,2,0,66,10:44 PM,10:19 AM,07:13 AM,05:10 PM,-22,-26,-18,-26,20,2,68,0.0,1031,-19,10,280,12
2019-01-25 09:00:00,-9,-19,0.0,7.0,2,2,66,10:44 PM,10:19 AM,07:13 AM,05:10 PM,-21,-23,-15,-23,15,8,62,0.0,1030,-16,10,256,11
2019-01-25 12:00:00,-9,-19,0.0,7.0,2,2,66,10:44 PM,10:19 AM,07:13 AM,05:10 PM,-18,-18,-11,-18,17,36,59,0.0,1027,-12,10,214,14
2019-01-25 15:00:00,-9,-19,0.0,7.0,2,2,66,10:44 PM,10:19 AM,07:13 AM,05:10 PM,-16,-16,-9,-16,23,69,58,0.0,1023,-10,10,208,16
2019-01-25 18:00:00,-9,-19,0.0,7.0,2,0,66,10:44 PM,10:19 AM,07:13 AM,05:10 PM,-12,-13,-9,-13,19,93,66,0.0,1021,-11,10,200,14
2019-01-25 21:00:00,-9,-19,0.0,7.0,2,0,66,10:44 PM,10:19 AM,07:13 AM,05:10 PM,-9,-16,-14,-16,21,100,79,0.3,1022,-16,5,218,13
2019-01-26 00:00:00,-5,-16,3.4,3.7,1,0,59,11:51 PM,10:51 AM,07:12 AM,05:11 PM,-11,-17,-12,-17,24,100,83,0.4,1023,-13,2,299,13
2019-01-26 03:00:00,-5,-16,3.4,3.7,1,0,59,11:51 PM,10:51 AM,07:12 AM,05:11 PM,-14,-18,-12,-18,20,92,86,0.1,1024,-13,2,349,8
2019-01-26 06:00:00,-5,-16,3.4,3.7,1,0,59,11:51 PM,10:51 AM,07:12 AM,05:11 PM,-17,-19,-14,-19,13,74,84,0.0,1026,-15,2,142,5
2019-01-26 09:00:00,-5,-16,3.4,3.7,1,1,59,11:51 PM,10:51 AM,07:12 AM,05:11 PM,-16,-17,-13,-17,9,82,80,0.0,1025,-14,7,83,4
2019-01-26 12:00:00,-5,-16,3.4,3.7,1,1,59,11:51 PM,10:51 AM,07:12 AM,05:11 PM,-12,-13,-9,-13,8,97,77,0.4,1022,-10,5,149,8
2019-01-26 15:00:00,-5,-16,3.4,3.7,1,1,59,11:51 PM,10:51 AM,07:12 AM,05:11 PM,-8,-10,-5,-10,6,100,82,1.4,1018,-6,2,177,10
2019-01-26 18:00:00,-5,-16,3.4,3.7,1,0,59,11:51 PM,10:51 AM,07:12 AM,05:11 PM,-7,-10,-5,-10,10,89,83,1.6,1018,-6,2,267,8
2019-01-26 21:00:00,-5,-16,3.4,3.7,1,0,59,11:51 PM,10:51 AM,07:12 AM,05:11 PM,-9,-11,-6,-11,24,70,82,0.5,1019,-7,7,290,10
2019-01-27 00:00:00,-6,-14,0.0,8.7,1,0,51,No moonrise,11:23 AM,07:11 AM,05:12 PM,-9,-13,-7,-13,26,88,85,0.0,1020,-8,10,303,15
2019-01-27 03:00:00,-6,-14,0.0,8.7,1,0,51,No moonrise,11:23 AM,07:11 AM,05:12 PM,-9,-12,-7,-12,23,65,86,0.0,1020,-8,10,331,10
2019-01-27 06:00:00,-6,-14,0.0,8.7,1,0,51,No moonrise,11:23 AM,07:11 AM,05:12 PM,-14,-16,-11,-16,20,35,79,0.0,1022,-12,10,344,9
2019-01-27 09:00:00,-6,-14,0.0,8.7,1,2,51,No moonrise,11:23 AM,07:11 AM,05:12 PM,-16,-17,-12,-17,12,26,75,0.0,1025,-13,10,119,8
2019-01-27 12:00:00,-6,-14,0.0,8.7,1,2,51,No moonrise,11:23 AM,07:11 AM,05:12 PM,-14,-13,-9,-13,5,10,71,0.0,1023,-10,10,40,6
2019-01-27 15:00:00,-6,-14,0.0,8.7,1,2,51,No moonrise,11:23 AM,07:11 AM,05:12 PM,-10,-11,-6,-11,9,13,72,0.0,1019,-7,10,116,10
2019-01-27 18:00:00,-6,-14,0.0,8.7,1,0,51,No moonrise,11:23 AM,07:11 AM,05:12 PM,-11,-13,-6,-13,20,20,69,0.0,1017,-7,10,138,16
2019-01-27 21:00:00,-6,-14,0.0,8.7,1,0,51,No moonrise,11:23 AM,07:11 AM,05:12 PM,-9,-13,-8,-13,30,56,71,0.2,1013,-11,7,134,22
2019-01-28 00:00:00,-4,-9,0.1,3.8,1,0,44,12:56 AM,11:55 AM,07:10 AM,05:13 PM,-6,-10,-4,-10,37,91,78,0.1,1009,-6,8,149,21
2019-01-28 03:00:00,-4,-9,0.1,3.8,1,0,44,12:56 AM,11:55 AM,07:10 AM,05:13 PM,-6,-9,-3,-9,48,97,79,0.5,1007,-4,5,175,19
2019-01-28 06:00:00,-4,-9,0.1,3.8,1,0,44,12:56 AM,11:55 AM,07:10 AM,05:13 PM,-8,-12,-5,-12,53,99,81,0.6,1007,-6,2,197,19
2019-01-28 09:00:00,-4,-9,0.1,3.8,1,1,44,12:56 AM,11:55 AM,07:10 AM,05:13 PM,-6,-10,-4,-10,44,100,84,1.4,1006,-5,7,236,19
2019-01-28 12:00:00,-4,-9,0.1,3.8,1,1,44,12:56 AM,11:55 AM,07:10 AM,05:13 PM,-5,-10,-3,-10,42,100,84,2.0,1007,-4,3,278,29
2019-01-28 15:00:00,-4,-9,0.1,3.8,1,1,44,12:56 AM,11:55 AM,07:10 AM,05:13 PM,-9,-16,-6,-16,43,100,77,0.7,1010,-7,0,293,35
2019-01-28 18:00:00,-4,-9,0.1,3.8,1,0,44,12:56 AM,11:55 AM,07:10 AM,05:13 PM,-10,-15,-9,-15,46,100,80,0.0,1015,-12,1,295,30
2019-01-28 21:00:00,-4,-9,0.1,3.8,1,0,44,12:56 AM,11:55 AM,07:10 AM,05:13 PM,-11,-17,-14,-17,45,100,75,0.1,1017,-17,2,298,31
2019-01-29 00:00:00,-12,-18,0.0,5.4,1,0,37,01:59 AM,12:30 PM,07:10 AM,05:15 PM,-15,-21,-14,-21,38,100,72,0.1,1018,-16,2,297,30
2019-01-29 03:00:00,-12,-18,0.0,5.4,1,0,37,01:59 AM,12:30 PM,07:10 AM,05:15 PM,-18,-25,-15,-25,34,93,73,0.0,1020,-16,7,291,25
2019-01-29 06:00:00,-12,-18,0.0,5.4,1,0,37,01:59 AM,12:30 PM,07:10 AM,05:15 PM,-20,-27,-17,-27,33,30,72,0.0,1022,-18,10,284,26
2019-01-29 09:00:00,-12,-18,0.0,5.4,1,2,37,01:59 AM,12:30 PM,07:10 AM,05:15 PM,-19,-25,-15,-25,39,0,68,0.0,1022,-16,10,281,22
2019-01-29 12:00:00,-12,-18,0.0,5.4,1,2,37,01:59 AM,12:30 PM,07:10 AM,05:15 PM,-18,-21,-12,-21,42,63,62,0.0,1021,-13,10,287,23
2019-01-29 15:00:00,-12,-18,0.0,5.4,1,1,37,01:59 AM,12:30 PM,07:10 AM,05:15 PM,-19,-21,-12,-21,41,81,54,0.0,1022,-13,10,294,28
2019-01-29 18:00:00,-12,-18,0.0,5.4,1,0,37,01:59 AM,12:30 PM,07:10 AM,05:15 PM,-22,-19,-13,-19,39,59,55,0.0,1023,-16,10,301,27
2019-01-29 21:00:00,-12,-18,0.0,5.4,1,0,37,01:59 AM,12:30 PM,07:10 AM,05:15 PM,-23,-24,-16,-24,30,28,62,0.0,1025,-18,10,305,24
2019-01-30 00:00:00,-20,-25,0.0,7.1,2,0,30,03:00 AM,01:08 PM,07:09 AM,05:16 PM,-24,-29,-19,-29,28,65,64,0.0,1024,-20,10,303,18
2019-01-30 03:00:00,-20,-25,0.0,7.1,2,0,30,03:00 AM,01:08 PM,07:09 AM,05:16 PM,-26,-32,-21,-32,38,93,59,0.0,1027,-22,5,304,22
2019-01-30 06:00:00,-20,-25,0.0,7.1,2,0,30,03:00 AM,01:08 PM,07:09 AM,05:16 PM,-29,-36,-23,-36,39,46,56,0.0,1030,-24,7,306,27
2019-01-30 09:00:00,-20,-25,0.0,7.1,2,1,30,03:00 AM,01:08 PM,07:09 AM,05:16 PM,-30,-37,-24,-37,29,24,56,0.0,1033,-25,10,301,26
2019-01-30 12:00:00,-20,-25,0.0,7.1,2,2,30,03:00 AM,01:08 PM,07:09 AM,05:16 PM,-28,-34,-21,-34,22,53,54,0.0,1031,-22,10,291,26
2019-01-30 15:00:00,-20,-25,0.0,7.1,2,1,30,03:00 AM,01:08 PM,07:09 AM,05:16 PM,-27,-31,-19,-31,18,79,51,0.0,1031,-20,10,281,24
2019-01-30 18:00:00,-20,-25,0.0,7.1,2,0,30,03:00 AM,01:08 PM,07:09 AM,05:16 PM,-25,-29,-19,-29,16,69,57,0.0,1029,-20,10,280,20
2019-01-30 21:00:00,-20,-25,0.0,7.1,2,0,30,03:00 AM,01:08 PM,07:09 AM,05:16 PM,-25,-29,-20,-29,10,33,61,0.0,1030,-21,10,286,16
2019-01-31 00:00:00,-7,-22,0.0,3.8,2,0,26,03:58 AM,01:50 PM,07:08 AM,05:17 PM,-28,-29,-22,-29,6,11,59,0.0,1034,-23,10,321,11
2019-01-31 03:00:00,-7,-22,0.0,3.8,2,0,26,03:58 AM,01:50 PM,07:08 AM,05:17 PM,-28,-24,-22,-24,5,16,57,0.0,1034,-23,10,146,6
2019-01-31 06:00:00,-7,-22,0.0,3.8,2,0,26,03:58 AM,01:50 PM,07:08 AM,05:17 PM,-28,-25,-21,-25,8,73,53,0.0,1033,-22,10,60,5
2019-01-31 09:00:00,-7,-22,0.0,3.8,2,1,26,03:58 AM,01:50 PM,07:08 AM,05:17 PM,-25,-25,-18,-25,11,72,51,0.0,1034,-19,10,90,10
2019-01-31 12:00:00,-7,-22,0.0,3.8,2,2,26,03:58 AM,01:50 PM,07:08 AM,05:17 PM,-21,-22,-14,-22,13,86,59,0.0,1033,-15,10,124,15
2019-01-31 15:00:00,-7,-22,0.0,3.8,2,1,26,03:58 AM,01:50 PM,07:08 AM,05:17 PM,-16,-16,-8,-16,17,100,58,0.0,1028,-9,10,125,17
2019-01-31 18:00:00,-7,-22,0.0,3.8,2,0,26,03:58 AM,01:50 PM,07:08 AM,05:17 PM,-13,-12,-6,-12,20,100,59,0.0,1024,-7,10,117,15
2019-01-31 21:00:00,-7,-22,0.0,3.8,2,0,26,03:58 AM,01:50 PM,07:08 AM,05:17 PM,-11,-11,-6,-11,21,100,66,0.3,1024,-7,5,125,14
2019-02-01 00:00:00,2,-8,0.1,8.7,1,0,8,04:52 AM,02:37 PM,07:07 AM,05:18 PM,-10,-10,-5,-10,19,100,68,0.1,1023,-6,7,125,14
2019-02-01 03:00:00,2,-8,0.1,8.7,1,0,8,04:52 AM,02:37 PM,07:07 AM,05:18 PM,-9,-9,-6,-9,17,82,75,0.0,1022,-7,10,125,10
2019-02-01 06:00:00,2,-8,0.1,8.7,1,0,8,04:52 AM,02:37 PM,07:07 AM,05:18 PM,-10,-10,-7,-10,14,46,81,0.0,1024,-8,10,111,7
2019-02-01 09:00:00,2,-8,0.1,8.7,1,2,8,04:52 AM,02:37 PM,07:07 AM,05:18 PM,-9,-9,-6,-9,10,29,81,0.0,1026,-7,10,79,8
2019-02-01 12:00:00,2,-8,0.1,8.7,1,2,8,04:52 AM,02:37 PM,07:07 AM,05:18 PM,-7,-3,-2,-3,6,18,69,0.0,1026,-3,10,81,6
2019-02-01 15:00:00,2,-8,0.1,8.7,1,2,8,04:52 AM,02:37 PM,07:07 AM,05:18 PM,-5,-0,2,-0,3,10,61,0.0,1024,1,10,104,6
2019-02-01 18:00:00,2,-8,0.1,8.7,1,0,8,04:52 AM,02:37 PM,07:07 AM,05:18 PM,-4,-3,0,-3,7,5,74,0.0,1024,-1,10,102,8
2019-02-01 21:00:00,2,-8,0.1,8.7,1,0,8,04:52 AM,02:37 PM,07:07 AM,05:18 PM,-3,-6,-4,-6,20,4,80,0.0,1024,-5,10,119,9
2019-02-02 00:00:00,8,-3,0.0,5.4,2,0,1,05:42 AM,03:27 PM,07:06 AM,05:19 PM,-2,-3,-0,-3,27,3,82,0.0,1023,-2,10,155,9
2019-02-02 03:00:00,8,-3,0.0,5.4,2,0,1,05:42 AM,03:27 PM,07:06 AM,05:19 PM,-2,-4,0,-4,30,23,92,0.0,1022,-1,10,181,10
2019-02-02 06:00:00,8,-3,0.0,5.4,2,0,1,05:42 AM,03:27 PM,07:06 AM,05:19 PM,-2,-6,-2,-6,29,31,99,0.0,1020,-3,10,194,12
2019-02-02 09:00:00,8,-3,0.0,5.4,2,2,1,05:42 AM,03:27 PM,07:06 AM,05:19 PM,1,-2,3,-2,27,68,93,0.0,1021,2,10,199,14
2019-02-02 12:00:00,8,-3,0.0,5.4,2,2,1,05:42 AM,03:27 PM,07:06 AM,05:19 PM,3,4,7,4,27,76,77,0.0,1020,6,10,198,17
2019-02-02 15:00:00,8,-3,0.0,5.4,2,2,1,05:42 AM,03:27 PM,07:06 AM,05:19 PM,4,8,9,8,28,51,75,0.0,1018,8,10,194,19
2019-02-02 18:00:00,8,-3,0.0,5.4,2,0,1,05:42 AM,03:27 PM,07:06 AM,05:19 PM,5,6,8,6,31,55,85,0.0,1017,7,10,191,19
2019-02-02 21:00:00,8,-3,0.0,5.4,2,0,1,05:42 AM,03:27 PM,07:06 AM,05:19 PM,6,4,7,4,35,38,89,0.0,1016,6,10,185,19
2019-02-03 00:00:00,11,4,0.0,5.4,3,0,0,06:26 AM,04:21 PM,07:05 AM,05:21 PM,3,3,7,3,35,34,77,0.0,1015,6,10,191,20
2019-02-03 03:00:00,11,4,0.0,5.4,3,0,0,06:26 AM,04:21 PM,07:05 AM,05:21 PM,1,-1,4,-1,34,40,88,0.0,1013,3,10,196,20
2019-02-03 06:00:00,11,4,0.0,5.4,3,0,0,06:26 AM,04:21 PM,07:05 AM,05:21 PM,4,-0,4,-0,33,38,99,0.0,1009,3,10,192,21
2019-02-03 09:00:00,11,4,0.0,5.4,3,3,0,06:26 AM,04:21 PM,07:05 AM,05:21 PM,6,4,7,4,33,57,94,0.0,1012,6,10,195,20
2019-02-03 12:00:00,11,4,0.0,5.4,3,2,0,06:26 AM,04:21 PM,07:05 AM,05:21 PM,7,10,11,10,27,71,81,0.0,1012,10,10,199,23
2019-02-03 15:00:00,11,4,0.0,5.4,3,2,0,06:26 AM,04:21 PM,07:05 AM,05:21 PM,8,11,11,11,22,66,83,0.0,1010,10,10,186,21
2019-02-03 18:00:00,11,4,0.0,5.4,3,0,0,06:26 AM,04:21 PM,07:05 AM,05:21 PM,9,8,10,8,27,82,85,0.0,1010,7,10,167,22
2019-02-03 21:00:00,11,4,0.0,5.4,3,0,0,06:26 AM,04:21 PM,07:05 AM,05:21 PM,10,2,6,2,40,67,90,0.0,1006,2,10,169,24
2019-02-04 00:00:00,12,6,0.0,3.8,3,0,0,07:05 AM,05:17 PM,07:04 AM,05:22 PM,12,9,10,9,45,75,93,0.0,1003,8,10,177,22
2019-02-04 03:00:00,12,6,0.0,3.8,3,0,0,07:05 AM,05:17 PM,07:04 AM,05:22 PM,10,11,11,11,42,92,95,0.0,1005,10,10,182,23
2019-02-04 06:00:00,12,6,0.0,3.8,3,0,0,07:05 AM,05:17 PM,07:04 AM,05:22 PM,10,11,11,11,41,98,94,0.0,1005,10,10,184,25
2019-02-04 09:00:00,12,6,0.0,3.8,3,3,0,07:05 AM,05:17 PM,07:04 AM,05:22 PM,8,11,11,11,40,100,84,0.1,1004,10,5,193,29
2019-02-04 12:00:00,12,6,0.0,3.8,3,3,0,07:05 AM,05:17 PM,07:04 AM,05:22 PM,10,12,12,12,32,100,84,0.1,1006,12,7,213,22
2019-02-04 15:00:00,12,6,0.0,3.8,3,2,0,07:05 AM,05:17 PM,07:04 AM,05:22 PM,6,6,9,6,29,99,81,0.3,1010,8,5,290,19
2019-02-04 18:00:00,12,6,0.0,3.8,3,0,0,07:05 AM,05:17 PM,07:04 AM,05:22 PM,0,3,7,3,27,79,86,0.5,1014,4,4,329,19
2019-02-04 21:00:00,12,6,0.0,3.8,3,0,0,07:05 AM,05:17 PM,07:04 AM,05:22 PM,-3,1,4,1,26,44,83,0.2,1017,1,15,333,18
2019-02-05 00:00:00,2,-6,0.0,7.1,2,0,0,07:41 AM,06:14 PM,07:03 AM,05:23 PM,-6,-6,-2,-6,24,42,80,0.0,1019,-4,20,345,16
2019-02-05 03:00:00,2,-6,0.0,7.1,2,0,0,07:41 AM,06:14 PM,07:03 AM,05:23 PM,-8,-10,-5,-10,19,19,78,0.0,1020,-6,13,353,15
2019-02-05 06:00:00,2,-6,0.0,7.1,2,0,0,07:41 AM,06:14 PM,07:03 AM,05:23 PM,-8,-10,-5,-10,14,12,76,0.0,1021,-6,10,129,11
2019-02-05 09:00:00,2,-6,0.0,7.1,2,2,0,07:41 AM,06:14 PM,07:03 AM,05:23 PM,-9,-9,-4,-9,14,7,66,0.0,1023,-5,10,38,12
2019-02-05 12:00:00,2,-6,0.0,7.1,2,2,0,07:41 AM,06:14 PM,07:03 AM,05:23 PM,-5,-4,0,-4,14,11,65,0.0,1021,-1,10,81,13
2019-02-05 15:00:00,2,-6,0.0,7.1,2,2,0,07:41 AM,06:14 PM,07:03 AM,05:23 PM,-2,-1,3,-1,15,72,70,0.0,1018,2,10,107,15
2019-02-05 18:00:00,2,-6,0.0,7.1,2,0,0,07:41 AM,06:14 PM,07:03 AM,05:23 PM,-2,-2,2,-2,17,100,73,0.0,1018,2,9,120,15
2019-02-05 21:00:00,2,-6,0.0,7.1,2,0,0,07:41 AM,06:14 PM,07:03 AM,05:23 PM,1,-3,1,-3,15,100,85,1.5,1016,-2,9,129,17
2019-02-06 00:00:00,9,4,0.0,3.8,2,0,7,08:12 AM,07:11 PM,07:02 AM,05:24 PM,1,-2,1,-2,9,100,97,6.7,1014,-1,6,163,9
2019-02-06 03:00:00,9,4,0.0,3.8,2,0,7,08:12 AM,07:11 PM,07:02 AM,05:24 PM,2,-0,2,-0,6,100,100,8.7,1012,2,5,91,6
2019-02-06 06:00:00,9,4,0.0,3.8,2,0,7,08:12 AM,07:11 PM,07:02 AM,05:24 PM,1,-1,2,-1,8,100,97,10.3,1013,1,5,38,7
2019-02-06 09:00:00,9,4,0.0,3.8,2,1,7,08:12 AM,07:11 PM,07:02 AM,05:24 PM,0,-1,2,-1,9,100,92,3.8,1015,1,3,22,8
2019-02-06 12:00:00,9,4,0.0,3.8,2,1,7,08:12 AM,07:11 PM,07:02 AM,05:24 PM,0,2,3,2,7,100,83,0.2,1014,2,2,21,6
2019-02-06 15:00:00,9,4,0.0,3.8,2,1,7,08:12 AM,07:11 PM,07:02 AM,05:24 PM,1,2,4,2,9,100,79,0.4,1014,3,7,69,6
2019-02-06 18:00:00,9,4,0.0,3.8,2,0,7,08:12 AM,07:11 PM,07:02 AM,05:24 PM,1,1,3,1,19,100,85,0.8,1014,3,7,97,10
2019-02-06 21:00:00,9,4,0.0,3.8,2,0,7,08:12 AM,07:11 PM,07:02 AM,05:24 PM,2,0,3,0,27,100,92,1.3,1013,2,9,121,9
2019-02-07 00:00:00,16,10,0.0,3.8,3,0,14,08:41 AM,08:08 PM,07:01 AM,05:25 PM,2,1,2,1,23,100,97,1.4,1013,2,10,157,5
2019-02-07 03:00:00,16,10,0.0,3.8,3,0,14,08:41 AM,08:08 PM,07:01 AM,05:25 PM,3,0,3,0,24,88,97,0.9,1011,2,10,162,9
2019-02-07 06:00:00,16,10,0.0,3.8,3,0,14,08:41 AM,08:08 PM,07:01 AM,05:25 PM,3,0,4,0,28,94,98,0.5,1008,3,10,160,14
2019-02-07 09:00:00,16,10,0.0,3.8,3,1,14,08:41 AM,08:08 PM,07:01 AM,05:25 PM,3,1,4,1,30,97,95,0.7,1006,3,10,185,12
2019-02-07 12:00:00,16,10,0.0,3.8,3,1,14,08:41 AM,08:08 PM,07:01 AM,05:25 PM,0,-4,2,-4,40,80,89,0.3,1007,1,9,189,23
2019-02-07 15:00:00,16,10,0.0,3.8,3,1,14,08:41 AM,08:08 PM,07:01 AM,05:25 PM,-5,-9,-2,-9,48,90,78,2.9,1012,-3,8,244,35
2019-02-07 18:00:00,16,10,0.0,3.8,3,0,14,08:41 AM,08:08 PM,07:01 AM,05:25 PM,-10,-14,-5,-14,49,99,67,4.1,1018,-6,2,276,38
2019-02-07 21:00:00,16,10,0.0,3.8,3,0,14,08:41 AM,08:08 PM,07:01 AM,05:25 PM,-15,-17,-7,-17,48,95,58,1.4,1023,-8,1,279,37
2019-02-08 00:00:00,-6,-10,0.0,8.7,1,0,22,09:08 AM,09:06 PM,07:00 AM,05:27 PM,-17,-19,-9,-19,44,94,56,0.0,1027,-10,2,280,35
2019-02-08 03:00:00,-6,-10,0.0,8.7,1,0,22,09:08 AM,09:06 PM,07:00 AM,05:27 PM,-18,-23,-12,-23,42,60,58,0.0,1031,-13,7,282,33
2019-02-08 06:00:00,-6,-10,0.0,8.7,1,0,22,09:08 AM,09:06 PM,07:00 AM,05:27 PM,-18,-24,-13,-24,41,25,65,0.0,1034,-14,10,283,32
2019-02-08 09:00:00,-6,-10,0.0,8.7,1,2,22,09:08 AM,09:06 PM,07:00 AM,05:27 PM,-18,-19,-10,-19,37,6,54,0.0,1036,-11,10,286,27
2019-02-08 12:00:00,-6,-10,0.0,8.7,1,2,22,09:08 AM,09:06 PM,07:00 AM,05:27 PM,-18,-14,-7,-14,34,0,41,0.0,1037,-8,10,290,23
2019-02-08 15:00:00,-6,-10,0.0,8.7,1,2,22,09:08 AM,09:06 PM,07:00 AM,05:27 PM,-18,-13,-6,-13,31,0,38,0.0,1038,-7,10,296,22
2019-02-08 18:00:00,-6,-10,0.0,8.7,1,0,22,09:08 AM,09:06 PM,07:00 AM,05:27 PM,-18,-16,-9,-16,29,0,45,0.0,1041,-10,10,303,16
2019-02-08 21:00:00,-6,-10,0.0,8.7,1,0,22,09:08 AM,09:06 PM,07:00 AM,05:27 PM,-19,-16,-11,-16,25,0,50,0.0,1044,-12,17,311,9
2019-02-09 00:00:00,-2,-15,0.0,8.7,2,0,29,09:35 AM,10:04 PM,06:59 AM,05:28 PM,-16,-17,-12,-17,21,2,69,0.0,1045,-13,20,320,8
2019-02-09 03:00:00,-2,-15,0.0,8.7,2,0,29,09:35 AM,10:04 PM,06:59 AM,05:28 PM,-18,-18,-13,-18,19,3,65,0.0,1045,-14,20,339,8
2019-02-09 06:00:00,-2,-15,0.0,8.7,2,0,29,09:35 AM,10:04 PM,06:59 AM,05:28 PM,-20,-19,-14,-19,17,1,59,0.0,1046,-15,20,125,10
2019-02-09 09:00:00,-2,-15,0.0,8.7,2,2,29,09:35 AM,10:04 PM,06:59 AM,05:28 PM,-18,-14,-9,-14,14,0,47,0.0,1045,-10,20,46,12
2019-02-09 12:00:00,-2,-15,0.0,8.7,2,2,29,09:35 AM,10:04 PM,06:59 AM,05:28 PM,-18,-9,-3,-9,13,1,33,0.0,1043,-4,20,90,13
2019-02-09 15:00:00,-2,-15,0.0,8.7,2,2,29,09:35 AM,10:04 PM,06:59 AM,05:28 PM,-15,-6,-1,-6,14,21,36,0.0,1038,-2,20,121,15
2019-02-09 18:00:00,-2,-15,0.0,8.7,2,0,29,09:35 AM,10:04 PM,06:59 AM,05:28 PM,-13,-7,-2,-7,17,17,45,0.0,1033,-3,20,109,14
2019-02-09 21:00:00,-2,-15,0.0,8.7,2,0,29,09:35 AM,10:04 PM,06:59 AM,05:28 PM,-12,-9,-4,-9,20,13,51,0.0,1032,-5,20,101,13
2019-02-10 00:00:00,1,-6,0.9,4.0,2,0,37,10:02 AM,11:04 PM,06:57 AM,05:29 PM,-12,-10,-5,-10,21,11,56,0.0,1031,-6,20,113,12
2019-02-10 03:00:00,1,-6,0.9,4.0,2,0,37,10:02 AM,11:04 PM,06:57 AM,05:29 PM,-11,-10,-5,-10,22,6,65,0.0,1032,-6,10,128,12
2019-02-10 06:00:00,1,-6,0.9,4.0,2,0,37,10:02 AM,11:04 PM,06:57 AM,05:29 PM,-9,-10,-5,-10,21,53,77,0.0,1031,-6,10,129,13
2019-02-10 09:00:00,1,-6,0.9,4.0,2,1,37,10:02 AM,11:04 PM,06:57 AM,05:29 PM,-8,-6,-2,-6,21,92,64,0.2,1031,-3,5,146,12
2019-02-10 12:00:00,1,-6,0.9,4.0,2,1,37,10:02 AM,11:04 PM,06:57 AM,05:29 PM,-6,-3,1,-3,21,100,61,0.4,1028,-0,10,158,12
2019-02-10 15:00:00,1,-6,0.9,4.0,2,1,37,10:02 AM,11:04 PM,06:57 AM,05:29 PM,-4,-2,2,-2,17,100,67,0.6,1026,1,13,193,14
2019-02-10 18:00:00,1,-6,0.9,4.0,2,0,37,10:02 AM,11:04 PM,06:57 AM,05:29 PM,-2,-3,1,-3,10,100,76,0.3,1026,1,11,226,13
2019-02-10 21:00:00,1,-6,0.9,4.0,2,0,37,10:02 AM,11:04 PM,06:57 AM,05:29 PM,-2,-4,0,-4,9,100,85,0.0,1026,-1,5,242,11
2019-02-11 00:00:00,2,-3,0.1,4.0,1,0,44,10:31 AM,No moonset,06:56 AM,05:30 PM,-2,-4,0,-4,6,100,89,0.0,1027,-1,2,272,11
2019-02-11 03:00:00,2,-3,0.1,4.0,1,0,44,10:31 AM,No moonset,06:56 AM,05:30 PM,-2,-5,-1,-5,9,97,93,0.0,1028,-2,2,113,10
2019-02-11 06:00:00,2,-3,0.1,4.0,1,0,44,10:31 AM,No moonset,06:56 AM,05:30 PM,-3,-6,-2,-6,13,99,93,0.0,1027,-3,7,53,10
2019-02-11 09:00:00,2,-3,0.1,4.0,1,1,44,10:31 AM,No moonset,06:56 AM,05:30 PM,-3,-4,0,-4,18,98,80,0.1,1026,-1,10,69,13
2019-02-11 12:00:00,2,-3,0.1,4.0,1,1,44,10:31 AM,No moonset,06:56 AM,05:30 PM,-2,-2,2,-2,23,99,72,0.2,1022,2,13,84,15
2019-02-11 15:00:00,2,-3,0.1,4.0,1,1,44,10:31 AM,No moonset,06:56 AM,05:30 PM,0,-1,3,-1,26,100,81,1.0,1014,2,13,91,17
2019-02-11 18:00:00,2,-3,0.1,4.0,1,0,44,10:31 AM,No moonset,06:56 AM,05:30 PM,1,-2,2,-2,29,100,90,0.5,1010,2,9,86,18
2019-02-11 21:00:00,2,-3,0.1,4.0,1,0,44,10:31 AM,No moonset,06:56 AM,05:30 PM,1,-2,2,-2,33,100,95,2.1,1007,1,7,95,15
2019-02-12 00:00:00,2,-1,0.3,4.0,1,0,52,11:03 AM,12:05 AM,06:55 AM,05:31 PM,2,-2,2,-2,22,100,97,1.1,1004,1,2,118,14
2019-02-12 03:00:00,2,-1,0.3,4.0,1,0,52,11:03 AM,12:05 AM,06:55 AM,05:31 PM,2,-2,2,-2,16,100,96,0.5,1000,1,1,199,12
2019-02-12 06:00:00,2,-1,0.3,4.0,1,0,52,11:03 AM,12:05 AM,06:55 AM,05:31 PM,2,-2,2,-2,21,100,96,0.2,998,1,7,248,14
2019-02-12 09:00:00,2,-1,0.3,4.0,1,1,52,11:03 AM,12:05 AM,06:55 AM,05:31 PM,1,-3,2,-3,34,100,89,0.5,999,1,5,267,22
2019-02-12 12:00:00,2,-1,0.3,4.0,1,1,52,11:03 AM,12:05 AM,06:55 AM,05:31 PM,-2,-2,3,-2,42,100,70,0.4,1011,2,1,281,20
2019-02-12 15:00:00,2,-1,0.3,4.0,1,1,52,11:03 AM,12:05 AM,06:55 AM,05:31 PM,-4,-5,1,-5,49,100,69,0.3,1011,0,9,280,27
2019-02-12 18:00:00,2,-1,0.3,4.0,1,0,52,11:03 AM,12:05 AM,06:55 AM,05:31 PM,-4,-8,-1,-8,52,100,76,0.1,1011,-2,11,286,33
2019-02-12 21:00:00,2,-1,0.3,4.0,1,0,52,11:03 AM,12:05 AM,06:55 AM,05:31 PM,-5,-9,-2,-9,53,84,77,0.0,1014,-3,5,286,31
2019-02-13 00:00:00,4,-6,0.0,8.7,1,0,60,11:40 AM,01:09 AM,06:54 AM,05:33 PM,-8,-12,-5,-12,50,54,77,0.0,1017,-6,7,285,28
2019-02-13 03:00:00,4,-6,0.0,8.7,1,0,60,11:40 AM,01:09 AM,06:54 AM,05:33 PM,-10,-15,-7,-15,45,17,78,0.0,1019,-8,10,285,25
2019-02-13 06:00:00,4,-6,0.0,8.7,1,0,60,11:40 AM,01:09 AM,06:54 AM,05:33 PM,-9,-12,-6,-12,40,1,78,0.0,1020,-7,17,290,18
2019-02-13 09:00:00,4,-6,0.0,8.7,1,2,60,11:40 AM,01:09 AM,06:54 AM,05:33 PM,-9,-10,-4,-10,29,6,71,0.0,1022,-5,13,290,18
2019-02-13 12:00:00,4,-6,0.0,8.7,1,2,60,11:40 AM,01:09 AM,06:54 AM,05:33 PM,-8,-5,-1,-5,19,15,59,0.0,1020,-2,10,276,17
2019-02-13 15:00:00,4,-6,0.0,8.7,1,2,60,11:40 AM,01:09 AM,06:54 AM,05:33 PM,-4,-0,4,-0,16,40,56,0.0,1016,3,17,224,19
2019-02-13 18:00:00,4,-6,0.0,8.7,1,0,60,11:40 AM,01:09 AM,06:54 AM,05:33 PM,-2,0,4,0,23,69,65,0.0,1013,4,20,172,22
2019-02-13 21:00:00,4,-6,0.0,8.7,1,0,60,11:40 AM,01:09 AM,06:54 AM,05:33 PM,-2,0,4,0,38,89,68,0.0,1013,3,13,163,21
2019-02-14 00:00:00,8,2,0.0,8.7,2,0,67,12:23 PM,02:14 AM,06:53 AM,05:34 PM,-1,-2,3,-2,45,93,74,0.0,1010,2,10,175,21
2019-02-14 03:00:00,8,2,0.0,8.7,2,0,67,12:23 PM,02:14 AM,06:53 AM,05:34 PM,-1,-3,2,-3,41,62,82,0.0,1008,1,10,180,20
2019-02-14 06:00:00,8,2,0.0,8.7,2,0,67,12:23 PM,02:14 AM,06:53 AM,05:34 PM,-1,-2,3,-2,37,62,79,0.0,1008,2,10,173,18
2019-02-14 09:00:00,8,2,0.0,8.7,2,1,67,12:23 PM,02:14 AM,06:53 AM,05:34 PM,0,0,4,0,39,42,75,0.0,1008,4,17,175,19
2019-02-14 12:00:00,8,2,0.0,8.7,2,3,67,12:23 PM,02:14 AM,06:53 AM,05:34 PM,3,6,8,6,36,47,71,0.0,1004,7,13,196,24
2019-02-14 15:00:00,8,2,0.0,8.7,2,3,67,12:23 PM,02:14 AM,06:53 AM,05:34 PM,5,6,8,6,23,37,76,0.0,1001,8,17,213,21
2019-02-14 18:00:00,8,2,0.0,8.7,2,0,67,12:23 PM,02:14 AM,06:53 AM,05:34 PM,3,1,5,1,29,24,82,0.0,1004,5,20,262,21
2019-02-14 21:00:00,8,2,0.0,8.7,2,0,67,12:23 PM,02:14 AM,06:53 AM,05:34 PM,-2,-0,4,-0,41,72,82,0.0,1008,1,13,299,27
2019-02-15 00:00:00,-6,-9,0.0,5.6,1,0,75,01:15 PM,03:20 AM,06:51 AM,05:35 PM,-3,-5,-0,-5,40,92,93,0.0,1012,-2,10,310,22
2019-02-15 03:00:00,-6,-9,0.0,5.6,1,0,75,01:15 PM,03:20 AM,06:51 AM,05:35 PM,-6,-11,-4,-11,35,42,89,0.0,1014,-5,10,315,23
2019-02-15 06:00:00,-6,-9,0.0,5.6,1,0,75,01:15 PM,03:20 AM,06:51 AM,05:35 PM,-9,-12,-6,-12,28,10,77,0.0,1016,-7,10,318,19
2019-02-15 09:00:00,-6,-9,0.0,5.6,1,2,75,01:15 PM,03:20 AM,06:51 AM,05:35 PM,-13,-14,-7,-14,22,24,64,0.0,1018,-8,17,303,17
2019-02-15 12:00:00,-6,-9,0.0,5.6,1,2,75,01:15 PM,03:20 AM,06:51 AM,05:35 PM,-14,-13,-7,-13,21,72,56,0.0,1018,-8,13,315,17
2019-02-15 15:00:00,-6,-9,0.0,5.6,1,1,75,01:15 PM,03:20 AM,06:51 AM,05:35 PM,-12,-11,-5,-11,19,96,54,0.0,1017,-6,10,325,16
2019-02-15 18:00:00,-6,-9,0.0,5.6,1,0,75,01:15 PM,03:20 AM,06:51 AM,05:35 PM,-12,-11,-5,-11,19,70,58,0.0,1017,-6,16,336,15
2019-02-15 21:00:00,-6,-9,0.0,5.6,1,0,75,01:15 PM,03:20 AM,06:51 AM,05:35 PM,-12,-12,-6,-12,19,85,62,0.0,1018,-7,13,340,14
2019-02-16 00:00:00,1,-10,0.0,8.7,1,0,82,02:15 PM,04:23 AM,06:50 AM,05:36 PM,-11,-14,-7,-14,21,96,74,0.0,1015,-8,10,351,20
2019-02-16 03:00:00,1,-10,0.0,8.7,1,0,82,02:15 PM,04:23 AM,06:50 AM,05:36 PM,-11,-12,-6,-12,20,62,72,0.0,1017,-7,10,126,16
2019-02-16 06:00:00,1,-10,0.0,8.7,1,0,82,02:15 PM,04:23 AM,06:50 AM,05:36 PM,-12,-13,-8,-13,18,23,72,0.0,1019,-9,17,19,10
2019-02-16 09:00:00,1,-10,0.0,8.7,1,2,82,02:15 PM,04:23 AM,06:50 AM,05:36 PM,-12,-11,-6,-11,15,11,63,0.0,1018,-7,13,44,11
2019-02-16 12:00:00,1,-10,0.0,8.7,1,2,82,02:15 PM,04:23 AM,06:50 AM,05:36 PM,-10,-5,-1,-5,14,8,52,0.0,1017,-2,17,71,14
2019-02-16 15:00:00,1,-10,0.0,8.7,1,2,82,02:15 PM,04:23 AM,06:50 AM,05:36 PM,-8,-2,2,-2,15,6,48,0.0,1016,1,20,79,14
2019-02-16 18:00:00,1,-10,0.0,8.7,1,0,82,02:15 PM,04:23 AM,06:50 AM,05:36 PM,-8,-5,-1,-5,20,2,56,0.0,1014,-2,20,78,13
2019-02-16 21:00:00,1,-10,0.0,8.7,1,0,82,02:15 PM,04:23 AM,06:50 AM,05:36 PM,-8,-7,-2,-7,31,5,62,0.0,1013,-3,13,86,15
2019-02-17 00:00:00,1,-3,0.1,4.1,2,0,90,03:24 PM,05:22 AM,06:49 AM,05:37 PM,-6,-8,-3,-8,31,20,76,0.0,1011,-4,10,100,14
2019-02-17 03:00:00,1,-3,0.1,4.1,2,0,90,03:24 PM,05:22 AM,06:49 AM,05:37 PM,-5,-9,-3,-9,24,75,86,0.3,1009,-4,5,105,15
2019-02-17 06:00:00,1,-3,0.1,4.1,2,0,90,03:24 PM,05:22 AM,06:49 AM,05:37 PM,-4,-8,-2,-8,23,100,88,0.1,1009,-3,7,99,14
2019-02-17 09:00:00,1,-3,0.1,4.1,2,1,90,03:24 PM,05:22 AM,06:49 AM,05:37 PM,-3,-6,-1,-6,21,100,86,0.1,1012,-2,13,109,13
2019-02-17 12:00:00,1,-3,0.1,4.1,2,1,90,03:24 PM,05:22 AM,06:49 AM,05:37 PM,-2,-2,1,-2,13,100,81,0.0,1011,0,14,158,11
2019-02-17 15:00:00,1,-3,0.1,4.1,2,1,90,03:24 PM,05:22 AM,06:49 AM,05:37 PM,-2,-4,1,-4,16,100,82,0.0,1011,-0,17,246,12
2019-02-17 18:00:00,1,-3,0.1,4.1,2,0,90,03:24 PM,05:22 AM,06:49 AM,05:37 PM,-1,-4,0,-4,20,97,93,0.0,1012,-1,18,291,10
2019-02-17 21:00:00,1,-3,0.1,4.1,2,0,90,03:24 PM,05:22 AM,06:49 AM,05:37 PM,-2,-4,-1,-4,24,57,95,0.0,1014,-2,13,287,11
2019-02-18 00:00:00,-1,-5,0.1,4.1,2,0,97,04:38 PM,06:13 AM,06:47 AM,05:38 PM,-3,-6,-2,-6,27,60,92,0.0,1016,-3,10,287,13
2019-02-18 03:00:00,-1,-5,0.1,4.1,2,0,97,04:38 PM,06:13 AM,06:47 AM,05:38 PM,-6,-8,-3,-8,30,90,86,0.0,1020,-4,10,294,13
2019-02-18 06:00:00,-1,-5,0.1,4.1,2,0,97,04:38 PM,06:13 AM,06:47 AM,05:38 PM,-6,-10,-4,-10,28,100,86,0.1,1023,-5,7,310,15
2019-02-18 09:00:00,-1,-5,0.1,4.1,2,1,97,04:38 PM,06:13 AM,06:47 AM,05:38 PM,-6,-8,-3,-8,25,94,80,0.0,1026,-4,8,318,13
2019-02-18 12:00:00,-1,-5,0.1,4.1,2,1,97,04:38 PM,06:13 AM,06:47 AM,05:38 PM,-6,-6,-1,-6,21,87,67,0.0,1027,-2,10,319,13
2019-02-18 15:00:00,-1,-5,0.1,4.1,2,1,97,04:38 PM,06:13 AM,06:47 AM,05:38 PM,-7,-4,0,-4,20,83,63,0.0,1028,-1,10,327,13
2019-02-18 18:00:00,-1,-5,0.1,4.1,2,0,97,04:38 PM,06:13 AM,06:47 AM,05:38 PM,-7,-7,-3,-7,17,81,72,0.0,1029,-4,16,337,10
2019-02-18 21:00:00,-1,-5,0.1,4.1,2,0,97,04:38 PM,06:13 AM,06:47 AM,05:38 PM,-8,-8,-4,-8,12,87,75,0.1,1033,-5,10,349,9
2019-02-19 00:00:00,0,-7,0.1,8.7,1,0,100,05:54 PM,06:59 AM,06:46 AM,05:39 PM,-8,-9,-5,-9,10,89,82,0.1,1035,-6,5,132,8
2019-02-19 03:00:00,0,-7,0.1,8.7,1,0,100,05:54 PM,06:59 AM,06:46 AM,05:39 PM,-8,-9,-6,-9,9,49,85,0.0,1037,-7,8,44,6
2019-02-19 06:00:00,0,-7,0.1,8.7,1,0,100,05:54 PM,06:59 AM,06:46 AM,05:39 PM,-8,-10,-6,-10,9,16,83,0.0,1037,-7,10,62,6
2019-02-19 09:00:00,0,-7,0.1,8.7,1,2,100,05:54 PM,06:59 AM,06:46 AM,05:39 PM,-7,-8,-3,-8,13,16,76,0.0,1030,-4,10,88,12
2019-02-19 12:00:00,0,-7,0.1,8.7,1,2,100,05:54 PM,06:59 AM,06:46 AM,05:39 PM,-6,-6,-1,-6,14,20,72,0.0,1026,-2,10,106,17
2019-02-19 15:00:00,0,-7,0.1,8.7,1,2,100,05:54 PM,06:59 AM,06:46 AM,05:39 PM,-6,-4,1,-4,18,60,65,0.0,1026,-0,10,101,19
2019-02-19 18:00:00,0,-7,0.1,8.7,1,0,100,05:54 PM,06:59 AM,06:46 AM,05:39 PM,-5,-5,0,-5,24,78,69,0.0,1027,-1,10,98,19
2019-02-19 21:00:00,0,-7,0.1,8.7,1,0,100,05:54 PM,06:59 AM,06:46 AM,05:39 PM,-5,-7,-1,-7,32,78,77,0.1,1026,-2,10,92,19
2019-02-20 00:00:00,2,-2,2.0,4.1,1,0,88,07:09 PM,07:39 AM,06:45 AM,05:41 PM,-4,-7,-1,-7,37,93,84,0.2,1021,-2,9,91,21
2019-02-20 03:00:00,2,-2,2.0,4.1,1,0,88,07:09 PM,07:39 AM,06:45 AM,05:41 PM,-2,-6,-0,-6,41,100,92,2.2,1017,-1,5,98,24
2019-02-20 06:00:00,2,-2,2.0,4.1,1,0,88,07:09 PM,07:39 AM,06:45 AM,05:41 PM,-0,-5,0,-5,40,100,97,1.1,1015,-1,8,112,19
2019-02-20 09:00:00,2,-2,2.0,4.1,1,1,88,07:09 PM,07:39 AM,06:45 AM,05:41 PM,-1,-3,1,-3,31,100,92,0.6,1014,-0,9,131,14
2019-02-20 12:00:00,2,-2,2.0,4.1,1,1,88,07:09 PM,07:39 AM,06:45 AM,05:41 PM,1,-2,2,-2,30,100,89,0.3,1013,2,10,176,15
2019-02-20 15:00:00,2,-2,2.0,4.1,1,1,88,07:09 PM,07:39 AM,06:45 AM,05:41 PM,2,-1,3,-1,38,94,88,0.1,1012,2,10,229,15
2019-02-20 18:00:00,2,-2,2.0,4.1,1,0,88,07:09 PM,07:39 AM,06:45 AM,05:41 PM,1,-2,2,-2,39,85,89,0.0,1011,2,10,245,15
2019-02-20 21:00:00,2,-2,2.0,4.1,1,0,88,07:09 PM,07:39 AM,06:45 AM,05:41 PM,-0,-3,1,-3,29,43,93,0.0,1015,-0,10,244,12
2019-02-21 00:00:00,3,-4,0.0,8.7,1,0,80,08:22 PM,08:14 AM,06:43 AM,05:42 PM,-2,-5,-1,-5,24,24,94,0.0,1017,-2,10,240,12
2019-02-21 03:00:00,3,-4,0.0,8.7,1,0,80,08:22 PM,08:14 AM,06:43 AM,05:42 PM,-3,-7,-2,-7,23,28,97,0.0,1020,-3,10,248,12
2019-02-21 06:00:00,3,-4,0.0,8.7,1,0,80,08:22 PM,08:14 AM,06:43 AM,05:42 PM,-4,-7,-3,-7,21,23,93,0.0,1022,-4,10,263,9
2019-02-21 09:00:00,3,-4,0.0,8.7,1,2,80,08:22 PM,08:14 AM,06:43 AM,05:42 PM,-3,-4,-0,-4,18,21,80,0.0,1024,-1,10,290,9
2019-02-21 12:00:00,3,-4,0.0,8.7,1,2,80,08:22 PM,08:14 AM,06:43 AM,05:42 PM,-2,-1,3,-1,14,17,72,0.0,1023,2,10,318,14
2019-02-21 15:00:00,3,-4,0.0,8.7,1,2,80,08:22 PM,08:14 AM,06:43 AM,05:42 PM,-1,-1,3,-1,13,13,73,0.0,1023,3,10,342,15
2019-02-21 18:00:00,3,-4,0.0,8.7,1,0,80,08:22 PM,08:14 AM,06:43 AM,05:42 PM,-3,-0,4,-0,11,14,81,0.0,1025,1,10,144,11
2019-02-21 21:00:00,3,-4,0.0,8.7,1,0,80,08:22 PM,08:14 AM,06:43 AM,05:42 PM,-3,-3,1,-3,13,14,86,0.0,1026,-1,10,39,9
2019-02-22 00:00:00,6,-5,0.0,8.7,2,0,73,09:34 PM,08:48 AM,06:42 AM,05:43 PM,-4,-6,-2,-6,14,8,87,0.0,1027,-3,10,41,7
2019-02-22 03:00:00,6,-5,0.0,8.7,2,0,73,09:34 PM,08:48 AM,06:42 AM,05:43 PM,-5,-7,-3,-7,18,5,86,0.0,1027,-4,10,30,9
2019-02-22 06:00:00,6,-5,0.0,8.7,2,0,73,09:34 PM,08:48 AM,06:42 AM,05:43 PM,-6,-8,-4,-8,20,5,88,0.0,1027,-5,10,43,9
2019-02-22 09:00:00,6,-5,0.0,8.7,2,2,73,09:34 PM,08:48 AM,06:42 AM,05:43 PM,-1,-3,1,-3,19,6,90,0.0,1025,-0,10,67,10
2019-02-22 12:00:00,6,-5,0.0,8.7,2,2,73,09:34 PM,08:48 AM,06:42 AM,05:43 PM,-2,1,5,1,18,15,63,0.0,1026,4,10,90,14
2019-02-22 15:00:00,6,-5,0.0,8.7,2,3,73,09:34 PM,08:48 AM,06:42 AM,05:43 PM,-2,3,7,3,22,54,52,0.0,1025,6,10,100,18
2019-02-22 18:00:00,6,-5,0.0,8.7,2,0,73,09:34 PM,08:48 AM,06:42 AM,05:43 PM,0,1,5,1,24,83,72,0.1,1023,4,10,105,15
2019-02-22 21:00:00,6,-5,0.0,8.7,2,0,73,09:34 PM,08:48 AM,06:42 AM,05:43 PM,2,0,4,0,25,96,85,0.0,1021,3,16,114,16
2019-02-23 00:00:00,10,1,0.0,4.1,2,0,65,10:42 PM,09:21 AM,06:41 AM,05:44 PM,2,-1,3,-1,24,100,90,0.0,1019,3,20,121,18
2019-02-23 03:00:00,10,1,0.0,4.1,2,0,65,10:42 PM,09:21 AM,06:41 AM,05:44 PM,2,-2,2,-2,25,100,94,0.0,1017,2,19,122,17
2019-02-23 06:00:00,10,1,0.0,4.1,2,0,65,10:42 PM,09:21 AM,06:41 AM,05:44 PM,3,-1,3,-1,26,100,98,0.0,1015,2,17,128,17
2019-02-23 09:00:00,10,1,0.0,4.1,2,1,65,10:42 PM,09:21 AM,06:41 AM,05:44 PM,4,1,4,1,31,100,98,1.1,1012,4,12,143,17
2019-02-23 12:00:00,10,1,0.0,4.1,2,2,65,10:42 PM,09:21 AM,06:41 AM,05:44 PM,6,3,6,3,28,100,93,0.6,1007,6,10,148,18
2019-02-23 15:00:00,10,1,0.0,4.1,2,2,65,10:42 PM,09:21 AM,06:41 AM,05:44 PM,8,9,10,9,28,100,91,0.5,1001,9,12,150,20
2019-02-23 18:00:00,10,1,0.0,4.1,2,0,65,10:42 PM,09:21 AM,06:41 AM,05:44 PM,10,9,11,9,39,100,91,0.3,997,9,10,152,25
2019-02-23 21:00:00,10,1,0.0,4.1,2,0,65,10:42 PM,09:21 AM,06:41 AM,05:44 PM,7,4,8,4,44,93,88,1.5,994,7,12,207,36
2019-02-24 00:00:00,1,-6,0.0,8.7,1,0,57,11:48 PM,09:54 AM,06:39 AM,05:45 PM,2,1,6,1,57,74,80,0.7,995,5,14,220,37
2019-02-24 03:00:00,1,-6,0.0,8.7,1,0,57,11:48 PM,09:54 AM,06:39 AM,05:45 PM,-2,-3,4,-3,58,70,70,0.1,1000,3,10,252,45
2019-02-24 06:00:00,1,-6,0.0,8.7,1,0,57,11:48 PM,09:54 AM,06:39 AM,05:45 PM,-3,-6,1,-6,60,100,79,0.0,1007,-0,10,278,45
2019-02-24 09:00:00,1,-6,0.0,8.7,1,1,57,11:48 PM,09:54 AM,06:39 AM,05:45 PM,-4,-6,1,-6,55,36,72,0.0,1012,-0,8,285,38
2019-02-24 12:00:00,1,-6,0.0,8.7,1,1,57,11:48 PM,09:54 AM,06:39 AM,05:45 PM,-6,-7,0,-7,51,1,62,0.0,1016,-1,9,287,40
2019-02-24 15:00:00,1,-6,0.0,8.7,1,2,57,11:48 PM,09:54 AM,06:39 AM,05:45 PM,-8,-9,-1,-9,51,0,59,0.0,1020,-2,10,287,44
2019-02-24 18:00:00,1,-6,0.0,8.7,1,0,57,11:48 PM,09:54 AM,06:39 AM,05:45 PM,-7,-9,-2,-9,52,0,65,0.0,1023,-3,10,290,31
2019-02-24 21:00:00,1,-6,0.0,8.7,1,0,57,11:48 PM,09:54 AM,06:39 AM,05:45 PM,-8,-11,-4,-11,46,0,73,0.0,1026,-5,10,295,21
2019-02-25 00:00:00,4,-9,0.0,8.7,2,0,50,No moonrise,10:29 AM,06:38 AM,05:46 PM,-9,-13,-6,-13,40,1,76,0.0,1029,-7,10,296,21
2019-02-25 03:00:00,4,-9,0.0,8.7,2,0,50,No moonrise,10:29 AM,06:38 AM,05:46 PM,-11,-14,-7,-14,35,4,76,0.0,1031,-8,10,297,17
2019-02-25 06:00:00,4,-9,0.0,8.7,2,0,50,No moonrise,10:29 AM,06:38 AM,05:46 PM,-12,-13,-8,-13,25,3,72,0.0,1032,-9,10,309,13
2019-02-25 09:00:00,4,-9,0.0,8.7,2,2,50,No moonrise,10:29 AM,06:38 AM,05:46 PM,-17,-12,-7,-12,16,3,47,0.0,1034,-7,10,328,11
2019-02-25 12:00:00,4,-9,0.0,8.7,2,2,50,No moonrise,10:29 AM,06:38 AM,05:46 PM,-9,-3,1,-3,8,6,49,0.0,1029,1,10,343,14
2019-02-25 15:00:00,4,-9,0.0,8.7,2,2,50,No moonrise,10:29 AM,06:38 AM,05:46 PM,-10,-3,0,-3,4,7,48,0.0,1030,-1,10,305,13
2019-02-25 18:00:00,4,-9,0.0,8.7,2,0,50,No moonrise,10:29 AM,06:38 AM,05:46 PM,-9,-6,-2,-6,10,9,61,0.0,1031,-3,10,110,11
2019-02-25 21:00:00,4,-9,0.0,8.7,2,0,50,No moonrise,10:29 AM,06:38 AM,05:46 PM,-9,-9,-4,-9,17,9,68,0.0,1031,-5,10,48,12
2019-02-26 00:00:00,0,-7,0.0,8.7,2,0,42,12:51 AM,11:07 AM,06:36 AM,05:47 PM,-12,-10,-5,-10,19,8,59,0.0,1032,-6,10,53,14
2019-02-26 03:00:00,0,-7,0.0,8.7,2,0,42,12:51 AM,11:07 AM,06:36 AM,05:47 PM,-13,-10,-5,-10,21,15,55,0.0,1033,-6,10,50,15
2019-02-26 06:00:00,0,-7,0.0,8.7,2,0,42,12:51 AM,11:07 AM,06:36 AM,05:47 PM,-12,-12,-6,-12,25,54,61,0.0,1034,-7,10,48,17
2019-02-26 09:00:00,0,-7,0.0,8.7,2,1,42,12:51 AM,11:07 AM,06:36 AM,05:47 PM,-11,-8,-3,-8,25,42,53,0.0,1032,-4,10,62,17
2019-02-26 12:00:00,0,-7,0.0,8.7,2,2,42,12:51 AM,11:07 AM,06:36 AM,05:47 PM,-9,-5,-0,-5,21,21,53,0.0,1030,-1,10,81,19
2019-02-26 15:00:00,0,-7,0.0,8.7,2,2,42,12:51 AM,11:07 AM,06:36 AM,05:47 PM,-7,-4,1,-4,17,31,60,0.0,1028,-0,10,90,21
2019-02-26 18:00:00,0,-7,0.0,8.7,2,0,42,12:51 AM,11:07 AM,06:36 AM,05:47 PM,-5,-5,0,-5,23,29,67,0.0,1028,-1,10,66,16
2019-02-26 21:00:00,0,-7,0.0,8.7,2,0,42,12:51 AM,11:07 AM,06:36 AM,05:47 PM,-6,-6,-1,-6,27,16,68,0.0,1027,-2,10,69,15
2019-02-27 00:00:00,2,-3,0.0,4.2,2,0,35,01:52 AM,11:48 AM,06:35 AM,05:48 PM,-5,-6,-1,-6,23,35,73,0.0,1026,-2,10,90,18
2019-02-27 03:00:00,2,-3,0.0,4.2,2,0,35,01:52 AM,11:48 AM,06:35 AM,05:48 PM,-3,-5,-0,-5,16,82,77,0.0,1025,-1,10,69,18
2019-02-27 06:00:00,2,-3,0.0,4.2,2,0,35,01:52 AM,11:48 AM,06:35 AM,05:48 PM,-2,-3,1,-3,13,100,81,0.0,1022,-0,10,256,14
2019-02-27 09:00:00,2,-3,0.0,4.2,2,1,35,01:52 AM,11:48 AM,06:35 AM,05:48 PM,-3,-2,2,-2,18,84,76,0.0,1023,1,10,344,12
2019-02-27 12:00:00,2,-3,0.0,4.2,2,1,35,01:52 AM,11:48 AM,06:35 AM,05:48 PM,-2,-1,3,-1,24,77,75,0.0,1022,2,10,330,13
2019-02-27 15:00:00,2,-3,0.0,4.2,2,1,35,01:52 AM,11:48 AM,06:35 AM,05:48 PM,-4,-3,2,-3,26,72,69,0.0,1022,1,10,325,20
2019-02-27 18:00:00,2,-3,0.0,4.2,2,0,35,01:52 AM,11:48 AM,06:35 AM,05:48 PM,-4,-5,0,-5,28,26,71,0.0,1022,-1,10,330,18
2019-02-27 21:00:00,2,-3,0.0,4.2,2,0,35,01:52 AM,11:48 AM,06:35 AM,05:48 PM,-6,-6,-1,-6,26,7,72,0.0,1023,-2,10,338,16
2019-02-28 00:00:00,0,-10,0.0,5.7,2,0,27,02:48 AM,12:33 PM,06:33 AM,05:50 PM,-8,-10,-5,-10,24,11,80,0.0,1024,-6,10,353,14
2019-02-28 03:00:00,0,-10,0.0,5.7,2,0,27,02:48 AM,12:33 PM,06:33 AM,05:50 PM,-10,-13,-7,-13,21,14,77,0.0,1025,-8,10,130,13
2019-02-28 06:00:00,0,-10,0.0,5.7,2,0,27,02:48 AM,12:33 PM,06:33 AM,05:50 PM,-11,-12,-7,-12,19,11,71,0.0,1026,-8,10,28,10
2019-02-28 09:00:00,0,-10,0.0,5.7,2,2,27,02:48 AM,12:33 PM,06:33 AM,05:50 PM,-12,-9,-4,-9,18,40,56,0.0,1027,-5,10,41,13
2019-02-28 12:00:00,0,-10,0.0,5.7,2,2,27,02:48 AM,12:33 PM,06:33 AM,05:50 PM,-11,-5,-0,-5,14,81,46,0.0,1027,-1,10,49,17
2019-02-28 15:00:00,0,-10,0.0,5.7,2,1,27,02:48 AM,12:33 PM,06:33 AM,05:50 PM,-10,-5,-1,-5,11,63,52,0.0,1023,-2,10,44,12
2019-02-28 18:00:00,0,-10,0.0,5.7,2,0,27,02:48 AM,12:33 PM,06:33 AM,05:50 PM,-10,-7,-4,-7,10,43,52,0.0,1025,-6,10,28,12
2019-02-28 21:00:00,0,-10,0.0,5.7,2,0,27,02:48 AM,12:33 PM,06:33 AM,05:50 PM,-10,-10,-8,-10,11,25,53,0.0,1025,-10,10,28,12
2019-03-01 00:00:00,2,-8,0.0,8.7,2,0,26,03:39 AM,01:23 PM,06:32 AM,05:51 PM,-10,-8,-4,-8,13,16,56,0.0,1025,-6,10,33,10
2019-03-01 03:00:00,2,-8,0.0,8.7,2,0,26,03:39 AM,01:23 PM,06:32 AM,05:51 PM,-10,-9,-5,-9,14,17,66,0.0,1023,-6,10,36,9
2019-03-01 06:00:00,2,-8,0.0,8.7,2,0,26,03:39 AM,01:23 PM,06:32 AM,05:51 PM,-11,-12,-7,-12,13,20,70,0.0,1023,-8,10,46,9
2019-03-01 09:00:00,2,-8,0.0,8.7,2,2,26,03:39 AM,01:23 PM,06:32 AM,05:51 PM,-9,-9,-4,-9,12,46,63,0.0,1023,-5,10,72,13
2019-03-01 12:00:00,2,-8,0.0,8.7,2,2,26,03:39 AM,01:23 PM,06:32 AM,05:51 PM,-8,-4,0,-4,12,60,54,0.0,1021,-1,10,103,13
2019-03-01 15:00:00,2,-8,0.0,8.7,2,2,26,03:39 AM,01:23 PM,06:32 AM,05:51 PM,-5,-1,2,-1,8,49,59,0.0,1019,2,10,128,9
2019-03-01 18:00:00,2,-8,0.0,8.7,2,0,26,03:39 AM,01:23 PM,06:32 AM,05:51 PM,-2,-2,2,-2,4,58,79,0.0,1013,1,10,51,10
2019-03-01 21:00:00,2,-8,0.0,8.7,2,0,26,03:39 AM,01:23 PM,06:32 AM,05:51 PM,-2,-4,0,-4,6,61,86,0.0,1012,-1,10,228,14
2019-03-02 00:00:00,0,-5,0.0,5.7,2,0,19,04:25 AM,02:15 PM,06:30 AM,05:52 PM,-3,-8,-1,-8,9,32,86,0.0,1012,-2,10,277,24
2019-03-02 03:00:00,0,-5,0.0,5.7,2,0,19,04:25 AM,02:15 PM,06:30 AM,05:52 PM,-4,-8,-3,-8,16,20,87,0.0,1019,-4,10,266,18
2019-03-02 06:00:00,0,-5,0.0,5.7,2,0,19,04:25 AM,02:15 PM,06:30 AM,05:52 PM,-7,-9,-4,-9,22,34,80,0.0,1025,-5,10,295,16
2019-03-02 09:00:00,0,-5,0.0,5.7,2,2,19,04:25 AM,02:15 PM,06:30 AM,05:52 PM,-8,-9,-3,-9,21,56,66,0.0,1027,-4,10,327,19
2019-03-02 12:00:00,0,-5,0.0,5.7,2,1,19,04:25 AM,02:15 PM,06:30 AM,05:52 PM,-10,-10,-3,-10,21,83,57,0.0,1029,-4,10,343,22
2019-03-02 15:00:00,0,-5,0.0,5.7,2,1,19,04:25 AM,02:15 PM,06:30 AM,05:52 PM,-8,-6,-1,-6,23,85,55,0.0,1027,-2,10,116,19
2019-03-02 18:00:00,0,-5,0.0,5.7,2,0,19,04:25 AM,02:15 PM,06:30 AM,05:52 PM,-12,-4,-0,-4,21,80,57,0.0,1030,-3,10,3,20
2019-03-02 21:00:00,0,-5,0.0,5.7,2,0,19,04:25 AM,02:15 PM,06:30 AM,05:52 PM,-9,-7,-4,-7,21,66,65,0.0,1028,-7,10,240,17
2019-03-03 00:00:00,-7,-11,3.3,4.2,2,0,12,05:06 AM,03:11 PM,06:29 AM,05:53 PM,-6,-9,-4,-9,22,46,74,0.0,1025,-6,10,122,19
2019-03-03 03:00:00,-7,-11,3.3,4.2,2,0,12,05:06 AM,03:11 PM,06:29 AM,05:53 PM,-6,-10,-4,-10,24,70,86,0.0,1024,-5,10,8,23
2019-03-03 06:00:00,-7,-11,3.3,4.2,2,0,12,05:06 AM,03:11 PM,06:29 AM,05:53 PM,-7,-13,-5,-13,26,95,91,0.1,1024,-6,7,238,24
2019-03-03 09:00:00,-7,-11,3.3,4.2,2,1,12,05:06 AM,03:11 PM,06:29 AM,05:53 PM,-9,-16,-7,-16,31,100,88,1.1,1024,-8,3,355,26
2019-03-03 12:00:00,-7,-11,3.3,4.2,2,1,12,05:06 AM,03:11 PM,06:29 AM,05:53 PM,-16,-16,-8,-16,30,100,58,2.0,1031,-9,2,351,22
2019-03-03 15:00:00,-7,-11,3.3,4.2,2,1,12,05:06 AM,03:11 PM,06:29 AM,05:53 PM,-18,-14,-7,-14,27,85,42,0.8,1033,-8,7,340,20
2019-03-03 18:00:00,-7,-11,3.3,4.2,2,0,12,05:06 AM,03:11 PM,06:29 AM,05:53 PM,-17,-13,-7,-13,30,81,44,0.1,1032,-8,9,329,18
2019-03-03 21:00:00,-7,-11,3.3,4.2,2,0,12,05:06 AM,03:11 PM,06:29 AM,05:53 PM,-18,-12,-7,-12,33,31,55,0.0,1029,-10,10,321,20
2019-03-04 00:00:00,-10,-18,0.0,7.2,2,0,4,05:42 AM,04:07 PM,06:27 AM,05:54 PM,-19,-20,-12,-20,32,6,61,0.0,1028,-14,10,317,22
2019-03-04 03:00:00,-10,-18,0.0,7.2,2,0,4,05:42 AM,04:07 PM,06:27 AM,05:54 PM,-20,-25,-15,-25,31,32,65,0.0,1028,-16,10,312,21
2019-03-04 06:00:00,-10,-18,0.0,7.2,2,0,4,05:42 AM,04:07 PM,06:27 AM,05:54 PM,-21,-27,-17,-27,28,41,66,0.0,1029,-18,10,307,19
2019-03-04 09:00:00,-10,-18,0.0,7.2,2,2,4,05:42 AM,04:07 PM,06:27 AM,05:54 PM,-22,-22,-14,-22,24,57,52,0.0,1032,-15,10,297,17
2019-03-04 12:00:00,-10,-18,0.0,7.2,2,1,4,05:42 AM,04:07 PM,06:27 AM,05:54 PM,-20,-20,-12,-20,24,74,51,0.0,1031,-13,10,288,17
2019-03-04 15:00:00,-10,-18,0.0,7.2,2,1,4,05:42 AM,04:07 PM,06:27 AM,05:54 PM,-18,-18,-10,-18,25,47,54,0.0,1027,-11,10,282,21
2019-03-04 18:00:00,-10,-18,0.0,7.2,2,0,4,05:42 AM,04:07 PM,06:27 AM,05:54 PM,-16,-17,-10,-17,24,23,57,0.0,1026,-11,10,275,18
2019-03-04 21:00:00,-10,-18,0.0,7.2,2,0,4,05:42 AM,04:07 PM,06:27 AM,05:54 PM,-17,-20,-13,-20,23,13,65,0.0,1028,-14,10,264,14
2019-03-05 00:00:00,-6,-17,0.0,4.2,2,0,0,06:14 AM,05:05 PM,06:26 AM,05:55 PM,-17,-21,-13,-21,25,18,69,0.0,1027,-14,10,264,17
2019-03-05 03:00:00,-6,-17,0.0,4.2,2,0,0,06:14 AM,05:05 PM,06:26 AM,05:55 PM,-18,-23,-15,-23,28,21,73,0.0,1028,-16,10,265,20
2019-03-05 06:00:00,-6,-17,0.0,4.2,2,0,0,06:14 AM,05:05 PM,06:26 AM,05:55 PM,-19,-25,-16,-25,31,63,74,0.0,1029,-17,10,266,18
2019-03-05 09:00:00,-6,-17,0.0,4.2,2,1,0,06:14 AM,05:05 PM,06:26 AM,05:55 PM,-16,-19,-11,-19,31,95,66,0.0,1034,-12,10,283,15
2019-03-05 12:00:00,-6,-17,0.0,4.2,2,1,0,06:14 AM,05:05 PM,06:26 AM,05:55 PM,-14,-13,-6,-13,31,94,57,0.1,1036,-7,10,296,14
2019-03-05 15:00:00,-6,-17,0.0,4.2,2,1,0,06:14 AM,05:05 PM,06:26 AM,05:55 PM,-14,-11,-5,-11,31,70,51,0.0,1036,-6,10,301,15
2019-03-05 18:00:00,-6,-17,0.0,4.2,2,0,0,06:14 AM,05:05 PM,06:26 AM,05:55 PM,-13,-12,-6,-12,30,74,55,0.0,1035,-7,10,298,15
2019-03-05 21:00:00,-6,-17,0.0,4.2,2,0,0,06:14 AM,05:05 PM,06:26 AM,05:55 PM,-14,-13,-7,-13,29,36,57,0.0,1031,-8,10,292,17
2019-03-06 00:00:00,-3,-13,0.0,8.7,2,0,0,06:44 AM,06:02 PM,06:24 AM,05:56 PM,-14,-16,-8,-16,27,21,62,0.0,1030,-9,10,296,19
2019-03-06 03:00:00,-3,-13,0.0,8.7,2,0,0,06:44 AM,06:02 PM,06:24 AM,05:56 PM,-15,-18,-11,-18,22,13,72,0.0,1032,-12,10,290,16
2019-03-06 06:00:00,-3,-13,0.0,8.7,2,0,0,06:44 AM,06:02 PM,06:24 AM,05:56 PM,-15,-19,-12,-19,19,2,77,0.0,1034,-13,10,266,13
2019-03-06 09:00:00,-3,-13,0.0,8.7,2,2,0,06:44 AM,06:02 PM,06:24 AM,05:56 PM,-16,-16,-9,-16,18,0,60,0.0,1034,-10,10,253,16
2019-03-06 12:00:00,-3,-13,0.0,8.7,2,2,0,06:44 AM,06:02 PM,06:24 AM,05:56 PM,-15,-11,-4,-11,21,15,44,0.0,1033,-5,10,249,18
2019-03-06 15:00:00,-3,-13,0.0,8.7,2,2,0,06:44 AM,06:02 PM,06:24 AM,05:56 PM,-12,-8,-2,-8,24,29,47,0.0,1031,-3,10,250,19
2019-03-06 18:00:00,-3,-13,0.0,8.7,2,0,0,06:44 AM,06:02 PM,06:24 AM,05:56 PM,-11,-9,-4,-9,22,41,56,0.0,1029,-5,10,249,15
2019-03-06 21:00:00,-3,-13,0.0,8.7,2,0,0,06:44 AM,06:02 PM,06:24 AM,05:56 PM,-12,-10,-5,-10,21,30,59,0.0,1030,-6,10,235,14
2019-03-07 00:00:00,0,-7,4.9,4.3,2,0,3,07:12 AM,07:01 PM,06:23 AM,05:57 PM,-12,-10,-5,-10,19,39,61,0.0,1029,-6,10,239,14
2019-03-07 03:00:00,0,-7,4.9,4.3,2,0,3,07:12 AM,07:01 PM,06:23 AM,05:57 PM,-11,-10,-6,-10,15,66,65,0.0,1029,-7,10,271,10
2019-03-07 06:00:00,0,-7,4.9,4.3,2,0,3,07:12 AM,07:01 PM,06:23 AM,05:57 PM,-10,-10,-5,-10,12,84,68,0.0,1028,-6,10,115,8
2019-03-07 09:00:00,0,-7,4.9,4.3,2,1,3,07:12 AM,07:01 PM,06:23 AM,05:57 PM,-9,-9,-4,-9,14,96,68,0.3,1026,-5,5,77,14
2019-03-07 12:00:00,0,-7,4.9,4.3,2,1,3,07:12 AM,07:01 PM,06:23 AM,05:57 PM,-7,-5,-0,-5,15,100,64,1.7,1024,-1,2,111,13
2019-03-07 15:00:00,0,-7,4.9,4.3,2,1,3,07:12 AM,07:01 PM,06:23 AM,05:57 PM,-7,-4,1,-4,20,100,54,1.8,1021,0,2,112,14
2019-03-07 18:00:00,0,-7,4.9,4.3,2,0,3,07:12 AM,07:01 PM,06:23 AM,05:57 PM,-5,-4,0,-4,24,92,66,1.5,1021,-1,2,111,14
2019-03-07 21:00:00,0,-7,4.9,4.3,2,0,3,07:12 AM,07:01 PM,06:23 AM,05:57 PM,-4,-5,-1,-5,25,75,78,0.5,1023,-2,7,115,14
2019-03-08 00:00:00,4,-5,0.3,4.3,1,0,10,07:39 AM,07:59 PM,06:21 AM,05:58 PM,-5,-6,-2,-6,24,78,83,0.0,1024,-3,10,115,13
2019-03-08 03:00:00,4,-5,0.3,4.3,1,0,10,07:39 AM,07:59 PM,06:21 AM,05:58 PM,-6,-9,-3,-9,23,94,87,0.1,1025,-4,7,112,14
2019-03-08 06:00:00,4,-5,0.3,4.3,1,0,10,07:39 AM,07:59 PM,06:21 AM,05:58 PM,-2,-7,-1,-7,21,100,94,0.2,1018,-2,5,104,14
2019-03-08 09:00:00,4,-5,0.3,4.3,1,1,10,07:39 AM,07:59 PM,06:21 AM,05:58 PM,-1,-4,0,-4,18,86,93,0.1,1019,0,8,109,13
2019-03-08 12:00:00,4,-5,0.3,4.3,1,1,10,07:39 AM,07:59 PM,06:21 AM,05:58 PM,-2,-3,2,-3,16,88,78,0.0,1025,1,10,107,13
2019-03-08 15:00:00,4,-5,0.3,4.3,1,1,10,07:39 AM,07:59 PM,06:21 AM,05:58 PM,0,0,4,0,17,93,78,0.0,1021,3,10,107,13
2019-03-08 18:00:00,4,-5,0.3,4.3,1,0,10,07:39 AM,07:59 PM,06:21 AM,05:58 PM,-1,-2,2,-2,19,93,80,0.1,1023,2,10,104,14
2019-03-08 21:00:00,4,-5,0.3,4.3,1,0,10,07:39 AM,07:59 PM,06:21 AM,05:58 PM,-3,-4,0,-4,22,70,81,0.0,1026,-1,10,104,15
2019-03-09 00:00:00,6,-3,0.0,4.3,2,0,17,08:05 AM,08:58 PM,06:20 AM,05:59 PM,-4,-7,-1,-7,27,55,83,0.0,1025,-2,10,111,17
2019-03-09 03:00:00,6,-3,0.0,4.3,2,0,17,08:05 AM,08:58 PM,06:20 AM,05:59 PM,-2,-6,-1,-6,29,56,90,0.0,1019,-1,10,117,17
2019-03-09 06:00:00,6,-3,0.0,4.3,2,0,17,08:05 AM,08:58 PM,06:20 AM,05:59 PM,-1,-5,1,-5,35,86,92,0.0,1014,1,10,117,22
2019-03-09 09:00:00,6,-3,0.0,4.3,2,1,17,08:05 AM,08:58 PM,06:20 AM,05:59 PM,-2,-4,1,-4,44,100,87,0.7,1018,0,9,115,18
2019-03-09 12:00:00,6,-3,0.0,4.3,2,1,17,08:05 AM,08:58 PM,06:20 AM,05:59 PM,1,0,4,0,56,100,80,2.7,1011,4,8,126,19
2019-03-09 15:00:00,6,-3,0.0,4.3,2,2,17,08:05 AM,08:58 PM,06:20 AM,05:59 PM,3,3,7,3,47,100,81,5.3,1003,6,6,151,24
2019-03-09 18:00:00,6,-3,0.0,4.3,2,0,17,08:05 AM,08:58 PM,06:20 AM,05:59 PM,5,3,7,3,53,54,84,2.1,999,6,9,202,26
2019-03-09 21:00:00,6,-3,0.0,4.3,2,0,17,08:05 AM,08:58 PM,06:20 AM,05:59 PM,5,3,7,3,59,72,87,0.0,998,6,10,251,23
2019-03-10 00:00:00,5,-2,0.0,10.2,1,0,24,08:33 AM,09:59 PM,06:18 AM,06:00 PM,4,1,6,1,55,93,92,0.0,999,5,10,265,26
2019-03-10 03:00:00,5,-2,0.0,10.2,1,0,24,08:33 AM,09:59 PM,06:18 AM,06:00 PM,4,-1,4,-1,49,93,97,0.0,1000,4,10,266,24
2019-03-10 06:00:00,5,-2,0.0,10.2,1,0,24,08:33 AM,09:59 PM,06:18 AM,06:00 PM,-1,-4,1,-4,42,80,86,0.0,1009,1,10,271,25
2019-03-10 09:00:00,5,-2,0.0,10.2,1,1,24,08:33 AM,09:59 PM,06:18 AM,06:00 PM,-3,-5,1,-5,37,66,74,0.0,1017,1,10,277,27
2019-03-10 12:00:00,5,-2,0.0,10.2,1,2,24,08:33 AM,09:59 PM,06:18 AM,06:00 PM,-2,-1,4,-1,34,40,65,0.0,1021,4,10,274,28
2019-03-10 15:00:00,5,-2,0.0,10.2,1,2,24,08:33 AM,09:59 PM,06:18 AM,06:00 PM,-1,-2,4,-2,33,19,74,0.0,1015,3,10,280,31
2019-03-10 18:00:00,5,-2,0.0,10.2,1,0,24,08:33 AM,09:59 PM,06:18 AM,06:00 PM,-1,-2,3,-2,29,12,67,0.0,1020,-1,10,296,21
2019-03-10 21:00:00,5,-2,0.0,10.2,1,0,24,08:33 AM,09:59 PM,06:18 AM,06:00 PM,-3,-5,0,-5,22,10,76,0.0,1023,-2,10,308,17
2019-03-11 00:00:00,2,-6,0.0,11.6,2,0,32,09:04 AM,11:01 PM,06:16 AM,06:01 PM,-4,-7,-2,-7,18,7,85,0.0,1024,-3,10,313,16
2019-03-11 03:00:00,2,-6,0.0,11.6,2,0,32,09:04 AM,11:01 PM,06:16 AM,06:01 PM,-5,-9,-3,-9,16,6,89,0.0,1024,-4,10,327,15
2019-03-11 06:00:00,2,-6,0.0,11.6,2,0,32,09:04 AM,11:01 PM,06:16 AM,06:01 PM,-6,-10,-5,-10,12,4,91,0.0,1024,-6,10,335,14
2019-03-11 09:00:00,2,-6,0.0,11.6,2,2,32,09:04 AM,11:01 PM,06:16 AM,06:01 PM,-5,-9,-4,-9,10,7,86,0.0,1023,-5,10,114,15
2019-03-11 12:00:00,2,-6,0.0,11.6,2,2,32,09:04 AM,11:01 PM,06:16 AM,06:01 PM,-4,-5,0,-5,9,6,71,0.0,1024,-1,10,3,21
2019-03-11 15:00:00,2,-6,0.0,11.6,2,2,32,09:04 AM,11:01 PM,06:16 AM,06:01 PM,-3,-2,3,-2,9,3,63,0.0,1025,2,10,227,18
2019-03-11 18:00:00,2,-6,0.0,11.6,2,0,32,09:04 AM,11:01 PM,06:16 AM,06:01 PM,-3,-2,2,-2,10,1,69,0.0,1025,1,10,117,13
2019-03-11 21:00:00,2,-6,0.0,11.6,2,0,32,09:04 AM,11:01 PM,06:16 AM,06:01 PM,-5,-4,1,-4,13,0,60,0.0,1028,-3,10,71,8
