date_time,"springfield,ma_maxtempC","springfield,ma_mintempC","springfield,ma_totalSnow_cm","springfield,ma_sunHour","springfield,ma_uvIndex","springfield,ma_uvIndex","springfield,ma_moon_illumination","springfield,ma_moonrise","springfield,ma_moonset","springfield,ma_sunrise","springfield,ma_sunset","springfield,ma_DewPointC","springfield,ma_FeelsLikeC","springfield,ma_HeatIndexC","springfield,ma_WindChillC","springfield,ma_WindGustKmph","springfield,ma_cloudcover","springfield,ma_humidity","springfield,ma_precipMM","springfield,ma_pressure","springfield,ma_tempC","springfield,ma_visibility","springfield,ma_winddirDegree","springfield,ma_windspeedKmph"
2018-12-11 00:00:00,1,-7,0.0,8.7,2,0,21,10:25 AM,08:19 PM,07:09 AM,04:18 PM,-5,-1,-1,-1,3,0,72,0.0,1023,-5,10,18,3
2018-12-11 03:00:00,1,-7,0.0,8.7,2,0,21,10:25 AM,08:19 PM,07:09 AM,04:18 PM,-8,-3,-3,-3,1,3,70,0.0,1023,-5,10,132,1
2018-12-11 06:00:00,1,-7,0.0,8.7,2,0,21,10:25 AM,08:19 PM,07:09 AM,04:18 PM,-9,-5,-5,-5,2,3,69,0.0,1023,-7,10,4,2
2018-12-11 09:00:00,1,-7,0.0,8.7,2,2,21,10:25 AM,08:19 PM,07:09 AM,04:18 PM,-10,0,0,0,1,6,48,0.0,1021,-1,10,187,1
2018-12-11 12:00:00,1,-7,0.0,8.7,2,2,21,10:25 AM,08:19 PM,07:09 AM,04:18 PM,-9,-0,2,-0,8,2,45,0.0,1018,1,10,202,7
2018-12-11 15:00:00,1,-7,0.0,8.7,2,2,21,10:25 AM,08:19 PM,07:09 AM,04:18 PM,-6,-2,-0,-2,7,6,63,0.0,1016,-1,10,185,5
2018-12-11 18:00:00,1,-7,0.0,8.7,2,0,21,10:25 AM,08:19 PM,07:09 AM,04:18 PM,-6,-2,-2,-2,5,71,73,0.0,1016,-3,10,344,3
2018-12-11 21:00:00,1,-7,0.0,8.7,2,0,21,10:25 AM,08:19 PM,07:09 AM,04:18 PM,-9,-5,-2,-5,10,71,62,0.0,1015,-3,10,334,6
2018-12-12 00:00:00,1,-5,0.0,8.7,2,0,29,11:01 AM,09:17 PM,07:10 AM,04:18 PM,-8,-7,-4,-7,11,27,70,0.0,1014,-4,10,323,7
2018-12-12 03:00:00,1,-5,0.0,8.7,2,0,29,11:01 AM,09:17 PM,07:10 AM,04:18 PM,-7,-8,-4,-8,15,27,79,0.0,1015,-4,10,311,10
2018-12-12 06:00:00,1,-5,0.0,8.7,2,0,29,11:01 AM,09:17 PM,07:10 AM,04:18 PM,-6,-6,-3,-6,13,18,84,0.0,1017,-4,10,295,8
2018-12-12 09:00:00,1,-5,0.0,8.7,2,2,29,11:01 AM,09:17 PM,07:10 AM,04:18 PM,-9,-5,-0,-5,19,10,53,0.0,1019,-0,10,331,15
2018-12-12 12:00:00,1,-5,0.0,8.7,2,2,29,11:01 AM,09:17 PM,07:10 AM,04:18 PM,-9,-2,1,-2,16,43,47,0.0,1019,1,10,319,13
2018-12-12 15:00:00,1,-5,0.0,8.7,2,2,29,11:01 AM,09:17 PM,07:10 AM,04:18 PM,-7,-2,0,-2,9,2,57,0.0,1021,-1,10,321,7
2018-12-12 18:00:00,1,-5,0.0,8.7,2,0,29,11:01 AM,09:17 PM,07:10 AM,04:18 PM,-10,-6,-3,-6,13,84,61,0.0,1024,-3,10,4,8
2018-12-12 21:00:00,1,-5,0.0,8.7,2,0,29,11:01 AM,09:17 PM,07:10 AM,04:18 PM,-12,-7,-4,-7,10,56,54,0.0,1026,-5,10,40,6
2018-12-13 00:00:00,-2,-7,0.0,5.2,2,0,36,11:32 AM,10:15 PM,07:10 AM,04:19 PM,-17,-8,-5,-8,8,9,39,0.0,1028,-6,10,46,7
2018-12-13 03:00:00,-2,-7,0.0,5.2,2,0,36,11:32 AM,10:15 PM,07:10 AM,04:19 PM,-16,-8,-5,-8,8,50,41,0.0,1030,-6,10,76,6
2018-12-13 06:00:00,-2,-7,0.0,5.2,2,0,36,11:32 AM,10:15 PM,07:10 AM,04:19 PM,-15,-9,-7,-9,6,72,52,0.0,1032,-7,10,50,5
2018-12-13 09:00:00,-2,-7,0.0,5.2,2,2,36,11:32 AM,10:15 PM,07:10 AM,04:19 PM,-12,-6,-3,-6,8,31,48,0.0,1032,-3,10,93,7
2018-12-13 12:00:00,-2,-7,0.0,5.2,2,1,36,11:32 AM,10:15 PM,07:10 AM,04:19 PM,-10,-3,-2,-3,4,100,54,0.0,1033,-3,10,96,4
2018-12-13 15:00:00,-2,-7,0.0,5.2,2,1,36,11:32 AM,10:15 PM,07:10 AM,04:19 PM,-8,-4,-2,-4,6,100,66,0.0,1033,-2,10,100,5
2018-12-13 18:00:00,-2,-7,0.0,5.2,2,0,36,11:32 AM,10:15 PM,07:10 AM,04:19 PM,-9,-4,-3,-4,5,94,66,0.0,1034,-3,10,28,3
2018-12-13 21:00:00,-2,-7,0.0,5.2,2,0,36,11:32 AM,10:15 PM,07:10 AM,04:19 PM,-8,-2,-2,-2,4,86,66,0.0,1034,-2,10,85,3
2018-12-14 00:00:00,5,-3,0.0,6.9,1,0,43,12:01 PM,11:14 PM,07:11 AM,04:19 PM,-6,-2,-2,-2,2,88,71,0.0,1035,-2,10,44,1
2018-12-14 03:00:00,5,-3,0.0,6.9,1,0,43,12:01 PM,11:14 PM,07:11 AM,04:19 PM,-5,-3,-3,-3,5,29,85,0.0,1033,-3,10,120,3
2018-12-14 06:00:00,5,-3,0.0,6.9,1,0,43,12:01 PM,11:14 PM,07:11 AM,04:19 PM,-4,-3,-3,-3,5,49,92,0.0,1033,-3,10,170,3
2018-12-14 09:00:00,5,-3,0.0,6.9,1,2,43,12:01 PM,11:14 PM,07:11 AM,04:19 PM,-1,-0,2,-0,10,49,76,0.0,1032,2,10,172,8
2018-12-14 12:00:00,5,-3,0.0,6.9,1,3,43,12:01 PM,11:14 PM,07:11 AM,04:19 PM,1,3,5,3,14,38,71,0.0,1029,5,10,174,10
2018-12-14 15:00:00,5,-3,0.0,6.9,1,1,43,12:01 PM,11:14 PM,07:11 AM,04:19 PM,1,0,3,0,16,69,92,0.0,1028,2,10,166,8
2018-12-14 18:00:00,5,-3,0.0,6.9,1,0,43,12:01 PM,11:14 PM,07:11 AM,04:19 PM,2,0,2,0,15,100,97,0.0,1027,2,0,171,7
2018-12-14 21:00:00,5,-3,0.0,6.9,1,0,43,12:01 PM,11:14 PM,07:11 AM,04:19 PM,4,1,4,1,19,100,98,0.0,1025,4,0,196,10
2018-12-15 00:00:00,9,2,0.0,8.7,2,0,51,12:27 PM,No moonset,07:12 AM,04:19 PM,5,2,5,2,23,100,97,0.0,1023,5,0,212,12
2018-12-15 03:00:00,9,2,0.0,8.7,2,0,51,12:27 PM,No moonset,07:12 AM,04:19 PM,4,3,5,3,19,78,94,0.0,1022,5,2,224,9
2018-12-15 06:00:00,9,2,0.0,8.7,2,0,51,12:27 PM,No moonset,07:12 AM,04:19 PM,4,4,5,4,8,77,96,0.0,1022,4,2,181,4
2018-12-15 09:00:00,9,2,0.0,8.7,2,3,51,12:27 PM,No moonset,07:12 AM,04:19 PM,6,8,8,8,3,18,87,0.0,1022,7,10,351,2
2018-12-15 12:00:00,9,2,0.0,8.7,2,3,51,12:27 PM,No moonset,07:12 AM,04:19 PM,6,10,10,10,6,7,79,0.0,1021,9,10,1,4
2018-12-15 15:00:00,9,2,0.0,8.7,2,3,51,12:27 PM,No moonset,07:12 AM,04:19 PM,4,4,6,4,18,21,87,0.0,1022,5,10,18,9
2018-12-15 18:00:00,9,2,0.0,8.7,2,0,51,12:27 PM,No moonset,07:12 AM,04:19 PM,2,1,4,1,19,30,86,0.0,1022,4,10,26,10
2018-12-15 21:00:00,9,2,0.0,8.7,2,0,51,12:27 PM,No moonset,07:12 AM,04:19 PM,-0,-1,2,-1,21,13,85,0.0,1024,2,10,41,12
2018-12-16 00:00:00,2,-0,0.0,3.4,2,0,58,12:54 PM,12:14 AM,07:13 AM,04:19 PM,-1,-3,1,-3,21,18,86,0.0,1023,1,10,39,12
2018-12-16 03:00:00,2,-0,0.0,3.4,2,0,58,12:54 PM,12:14 AM,07:13 AM,04:19 PM,-2,-4,-0,-4,21,42,85,0.0,1022,-0,10,41,12
2018-12-16 06:00:00,2,-0,0.0,3.4,2,0,58,12:54 PM,12:14 AM,07:13 AM,04:19 PM,-1,-2,1,-2,15,100,87,0.0,1022,1,10,35,10
2018-12-16 09:00:00,2,-0,0.0,3.4,2,1,58,12:54 PM,12:14 AM,07:13 AM,04:19 PM,1,-2,2,-2,25,100,88,0.1,1020,2,10,65,17
2018-12-16 12:00:00,2,-0,0.0,3.4,2,1,58,12:54 PM,12:14 AM,07:13 AM,04:19 PM,1,-1,3,-1,18,100,89,0.0,1016,2,10,36,12
2018-12-16 15:00:00,2,-0,0.0,3.4,2,1,58,12:54 PM,12:14 AM,07:13 AM,04:19 PM,1,-2,2,-2,25,100,89,0.1,1013,2,10,49,17
2018-12-16 18:00:00,2,-0,0.0,3.4,2,0,58,12:54 PM,12:14 AM,07:13 AM,04:19 PM,0,-3,2,-3,28,100,88,0.0,1013,2,10,20,18
2018-12-16 21:00:00,2,-0,0.0,3.4,2,0,58,12:54 PM,12:14 AM,07:13 AM,04:19 PM,-0,-3,1,-3,25,100,92,0.5,1010,1,9,23,17
2018-12-17 00:00:00,4,-0,0.0,5.2,1,0,65,01:21 PM,01:15 AM,07:13 AM,04:20 PM,-1,-5,0,-5,30,100,90,0.0,1008,0,10,5,21
2018-12-17 03:00:00,4,-0,0.0,5.2,1,0,65,01:21 PM,01:15 AM,07:13 AM,04:20 PM,-1,-3,0,-3,18,100,91,0.0,1007,0,10,346,12
2018-12-17 06:00:00,4,-0,0.0,5.2,1,0,65,01:21 PM,01:15 AM,07:13 AM,04:20 PM,-1,-2,-0,-2,10,99,94,0.0,1007,-0,2,327,6
2018-12-17 09:00:00,4,-0,0.0,5.2,1,2,65,01:21 PM,01:15 AM,07:13 AM,04:20 PM,0,-0,3,-0,15,37,84,0.0,1005,3,10,299,12
2018-12-17 12:00:00,4,-0,0.0,5.2,1,1,65,01:21 PM,01:15 AM,07:13 AM,04:20 PM,0,0,4,0,22,85,78,0.0,1003,4,10,293,17
2018-12-17 15:00:00,4,-0,0.0,5.2,1,1,65,01:21 PM,01:15 AM,07:13 AM,04:20 PM,-1,-2,2,-2,29,65,78,0.0,1003,2,10,296,18
2018-12-17 18:00:00,4,-0,0.0,5.2,1,0,65,01:21 PM,01:15 AM,07:13 AM,04:20 PM,-2,-2,0,-2,13,35,84,0.0,1005,-0,10,292,7
2018-12-17 21:00:00,4,-0,0.0,5.2,1,0,65,01:21 PM,01:15 AM,07:13 AM,04:20 PM,-4,-5,-0,-5,24,76,79,0.0,1005,-0,10,294,15
2018-12-18 00:00:00,-2,-6,0.0,8.7,1,0,72,01:50 PM,02:18 AM,07:14 AM,04:20 PM,-7,-7,-2,-7,27,100,68,0.0,1006,-2,10,311,19
2018-12-18 03:00:00,-2,-6,0.0,8.7,1,0,72,01:50 PM,02:18 AM,07:14 AM,04:20 PM,-12,-12,-5,-12,37,86,59,0.0,1010,-5,10,316,26
2018-12-18 06:00:00,-2,-6,0.0,8.7,1,0,72,01:50 PM,02:18 AM,07:14 AM,04:20 PM,-14,-14,-7,-14,33,79,55,0.0,1013,-6,10,320,23
2018-12-18 09:00:00,-2,-6,0.0,8.7,1,2,72,01:50 PM,02:18 AM,07:14 AM,04:20 PM,-15,-12,-5,-12,33,8,46,0.0,1015,-5,10,325,28
2018-12-18 12:00:00,-2,-6,0.0,8.7,1,2,72,01:50 PM,02:18 AM,07:14 AM,04:20 PM,-13,-8,-2,-8,23,0,41,0.0,1015,-2,10,317,20
2018-12-18 15:00:00,-2,-6,0.0,8.7,1,2,72,01:50 PM,02:18 AM,07:14 AM,04:20 PM,-12,-10,-4,-10,27,0,52,0.0,1017,-4,10,306,19
2018-12-18 18:00:00,-2,-6,0.0,8.7,1,0,72,01:50 PM,02:18 AM,07:14 AM,04:20 PM,-12,-10,-5,-10,18,3,59,0.0,1020,-5,10,302,12
2018-12-18 21:00:00,-2,-6,0.0,8.7,1,0,72,01:50 PM,02:18 AM,07:14 AM,04:20 PM,-13,-12,-6,-12,22,10,58,0.0,1020,-6,10,304,15
2018-12-19 00:00:00,4,-6,0.0,8.7,2,0,80,02:21 PM,03:25 AM,07:14 AM,04:20 PM,-13,-9,-6,-9,10,9,56,0.0,1020,-6,10,322,8
2018-12-19 03:00:00,4,-6,0.0,8.7,2,0,80,02:21 PM,03:25 AM,07:14 AM,04:20 PM,-12,-7,-5,-7,6,6,54,0.0,1020,-6,10,285,5
2018-12-19 06:00:00,4,-6,0.0,8.7,2,0,80,02:21 PM,03:25 AM,07:14 AM,04:20 PM,-13,-6,-6,-6,4,74,58,0.0,1021,-6,10,198,3
2018-12-19 09:00:00,4,-6,0.0,8.7,2,2,80,02:21 PM,03:25 AM,07:14 AM,04:20 PM,-12,-2,-1,-2,5,22,41,0.0,1020,-1,10,269,4
2018-12-19 12:00:00,4,-6,0.0,8.7,2,2,80,02:21 PM,03:25 AM,07:14 AM,04:20 PM,-11,3,4,3,5,39,31,0.0,1019,4,10,202,5
2018-12-19 15:00:00,4,-6,0.0,8.7,2,2,80,02:21 PM,03:25 AM,07:14 AM,04:20 PM,-10,-1,1,-1,11,5,44,0.0,1019,0,10,201,6
2018-12-19 18:00:00,4,-6,0.0,8.7,2,0,80,02:21 PM,03:25 AM,07:14 AM,04:20 PM,-9,-3,-1,-3,16,9,52,0.0,1019,-1,10,195,8
2018-12-19 21:00:00,4,-6,0.0,8.7,2,0,80,02:21 PM,03:25 AM,07:14 AM,04:20 PM,-8,-3,-1,-3,11,7,58,0.0,1019,-2,10,208,5
2018-12-20 00:00:00,7,-3,0.0,8.7,2,0,87,02:59 PM,04:33 AM,07:15 AM,04:21 PM,-6,-2,-0,-2,10,4,67,0.0,1020,-2,10,192,5
2018-12-20 03:00:00,7,-3,0.0,8.7,2,0,87,02:59 PM,04:33 AM,07:15 AM,04:21 PM,-3,-0,1,-0,7,0,75,0.0,1020,-2,10,193,5
2018-12-20 06:00:00,7,-3,0.0,8.7,2,0,87,02:59 PM,04:33 AM,07:15 AM,04:21 PM,-4,-2,-1,-2,7,3,79,0.0,1020,-3,10,179,4
2018-12-20 09:00:00,7,-3,0.0,8.7,2,2,87,02:59 PM,04:33 AM,07:15 AM,04:21 PM,-1,5,6,5,7,0,60,0.0,1020,3,10,188,6
2018-12-20 12:00:00,7,-3,0.0,8.7,2,3,87,02:59 PM,04:33 AM,07:15 AM,04:21 PM,1,8,9,8,7,1,55,0.0,1018,7,10,168,6
2018-12-20 15:00:00,7,-3,0.0,8.7,2,2,87,02:59 PM,04:33 AM,07:15 AM,04:21 PM,-0,1,3,1,14,35,79,0.0,1018,3,10,157,6
2018-12-20 18:00:00,7,-3,0.0,8.7,2,0,87,02:59 PM,04:33 AM,07:15 AM,04:21 PM,1,3,3,3,6,100,90,0.0,1018,2,10,120,3
2018-12-20 21:00:00,7,-3,0.0,8.7,2,0,87,02:59 PM,04:33 AM,07:15 AM,04:21 PM,2,2,3,2,9,100,96,0.0,1016,3,2,88,5
2018-12-21 00:00:00,15,4,0.0,3.4,3,0,94,03:44 PM,05:44 AM,07:16 AM,04:21 PM,4,3,4,3,8,100,98,0.0,1012,4,0,51,5
2018-12-21 03:00:00,15,4,0.0,3.4,3,0,94,03:44 PM,05:44 AM,07:16 AM,04:21 PM,8,6,8,6,27,100,97,0.0,1008,8,10,112,15
2018-12-21 06:00:00,15,4,0.0,3.4,3,0,94,03:44 PM,05:44 AM,07:16 AM,04:21 PM,11,10,12,10,35,100,96,0.6,1003,12,2,136,19
2018-12-21 09:00:00,15,4,0.0,3.4,3,2,94,03:44 PM,05:44 AM,07:16 AM,04:21 PM,10,11,11,11,39,100,97,4.5,1000,10,8,154,19
2018-12-21 12:00:00,15,4,0.0,3.4,3,4,94,03:44 PM,05:44 AM,07:16 AM,04:21 PM,14,15,15,15,33,100,94,0.0,997,15,10,168,20
2018-12-21 15:00:00,15,4,0.0,3.4,3,3,94,03:44 PM,05:44 AM,07:16 AM,04:21 PM,14,13,14,13,25,96,97,0.2,995,14,2,166,14
2018-12-21 18:00:00,15,4,0.0,3.4,3,0,94,03:44 PM,05:44 AM,07:16 AM,04:21 PM,13,12,14,12,31,100,94,0.0,994,14,10,158,19
2018-12-21 21:00:00,15,4,0.0,3.4,3,0,94,03:44 PM,05:44 AM,07:16 AM,04:21 PM,12,12,13,12,30,100,94,0.0,992,13,10,150,18
2018-12-22 00:00:00,12,1,0.0,8.7,2,0,100,04:36 PM,06:54 AM,07:16 AM,04:22 PM,11,10,12,10,26,100,89,0.0,990,12,10,171,17
2018-12-22 03:00:00,12,1,0.0,8.7,2,0,100,04:36 PM,06:54 AM,07:16 AM,04:22 PM,9,9,11,9,23,100,93,0.0,989,11,9,176,15
2018-12-22 06:00:00,12,1,0.0,8.7,2,0,100,04:36 PM,06:54 AM,07:16 AM,04:22 PM,8,8,9,8,11,100,93,0.0,991,9,10,212,8
2018-12-22 09:00:00,12,1,0.0,8.7,2,2,100,04:36 PM,06:54 AM,07:16 AM,04:22 PM,-1,-2,3,-2,39,46,75,0.0,995,3,10,304,23
2018-12-22 12:00:00,12,1,0.0,8.7,2,2,100,04:36 PM,06:54 AM,07:16 AM,04:22 PM,-2,-0,4,-0,23,38,66,0.0,998,4,10,297,20
2018-12-22 15:00:00,12,1,0.0,8.7,2,2,100,04:36 PM,06:54 AM,07:16 AM,04:22 PM,-4,-4,2,-4,34,51,67,0.0,1003,2,10,289,23
2018-12-22 18:00:00,12,1,0.0,8.7,2,0,100,04:36 PM,06:54 AM,07:16 AM,04:22 PM,-3,-3,1,-3,21,74,73,0.0,1008,1,10,300,13
2018-12-22 21:00:00,12,1,0.0,8.7,2,0,100,04:36 PM,06:54 AM,07:16 AM,04:22 PM,-5,-4,1,-4,27,13,68,0.0,1011,1,10,293,18
2018-12-23 00:00:00,3,-2,0.0,8.7,2,0,100,05:39 PM,07:59 AM,07:17 AM,04:22 PM,-5,-4,-1,-4,17,15,72,0.0,1014,-1,10,299,10
2018-12-23 03:00:00,3,-2,0.0,8.7,2,0,100,05:39 PM,07:59 AM,07:17 AM,04:22 PM,-6,-5,-1,-5,17,5,67,0.0,1017,-1,10,298,11
2018-12-23 06:00:00,3,-2,0.0,8.7,2,0,100,05:39 PM,07:59 AM,07:17 AM,04:22 PM,-6,-4,-1,-4,10,10,67,0.0,1019,-2,10,306,7
2018-12-23 09:00:00,3,-2,0.0,8.7,2,2,100,05:39 PM,07:59 AM,07:17 AM,04:22 PM,-8,-3,1,-3,16,6,52,0.0,1020,1,10,290,14
2018-12-23 12:00:00,3,-2,0.0,8.7,2,2,100,05:39 PM,07:59 AM,07:17 AM,04:22 PM,-7,-0,3,-0,13,9,47,0.0,1019,3,10,299,11
2018-12-23 15:00:00,3,-2,0.0,8.7,2,2,100,05:39 PM,07:59 AM,07:17 AM,04:22 PM,-6,0,2,0,8,7,55,0.0,1020,1,10,301,6
2018-12-23 18:00:00,3,-2,0.0,8.7,2,0,100,05:39 PM,07:59 AM,07:17 AM,04:22 PM,-7,-3,-2,-3,6,46,67,0.0,1020,-2,10,333,4
2018-12-23 21:00:00,3,-2,0.0,8.7,2,0,100,05:39 PM,07:59 AM,07:17 AM,04:22 PM,-7,-1,-1,-1,3,48,65,0.0,1020,-1,10,263,2
2018-12-24 00:00:00,2,-3,0.0,5.2,1,0,84,06:48 PM,08:58 AM,07:17 AM,04:23 PM,-6,-1,-1,-1,5,100,65,0.0,1019,-1,10,232,3
2018-12-24 03:00:00,2,-3,0.0,5.2,1,0,84,06:48 PM,08:58 AM,07:17 AM,04:23 PM,-4,-1,-1,-1,4,89,76,0.0,1018,-1,10,202,3
2018-12-24 06:00:00,2,-3,0.0,5.2,1,0,84,06:48 PM,08:58 AM,07:17 AM,04:23 PM,-3,-3,-1,-3,8,100,86,0.0,1017,-2,10,194,5
2018-12-24 09:00:00,2,-3,0.0,5.2,1,1,84,06:48 PM,08:58 AM,07:17 AM,04:23 PM,-2,0,2,0,6,100,77,0.0,1017,1,10,222,5
2018-12-24 12:00:00,2,-3,0.0,5.2,1,1,84,06:48 PM,08:58 AM,07:17 AM,04:23 PM,-2,1,3,1,7,86,72,0.0,1015,2,10,276,6
2018-12-24 15:00:00,2,-3,0.0,5.2,1,2,84,06:48 PM,08:58 AM,07:17 AM,04:23 PM,-3,-1,2,-1,13,35,69,0.0,1016,1,10,281,8
2018-12-24 18:00:00,2,-3,0.0,5.2,1,0,84,06:48 PM,08:58 AM,07:17 AM,04:23 PM,-4,-4,-1,-4,14,57,79,0.0,1017,-1,10,268,7
2018-12-24 21:00:00,2,-3,0.0,5.2,1,0,84,06:48 PM,08:58 AM,07:17 AM,04:23 PM,-8,-6,-2,-6,17,37,63,0.0,1020,-3,10,278,6
2018-12-25 00:00:00,2,-4,0.0,8.7,2,0,77,08:01 PM,09:48 AM,07:17 AM,04:24 PM,-3,-4,-1,-4,17,11,84,0.0,1018,-1,10,285,10
2018-12-25 03:00:00,2,-4,0.0,8.7,2,0,77,08:01 PM,09:48 AM,07:17 AM,04:24 PM,-5,-5,-1,-5,18,21,77,0.0,1020,-1,10,292,10
2018-12-25 06:00:00,2,-4,0.0,8.7,2,0,77,08:01 PM,09:48 AM,07:17 AM,04:24 PM,-6,-5,-2,-5,13,17,73,0.0,1023,-2,10,294,8
2018-12-25 09:00:00,2,-4,0.0,8.7,2,2,77,08:01 PM,09:48 AM,07:17 AM,04:24 PM,-11,-5,-0,-5,20,2,44,0.0,1024,-0,10,312,16
2018-12-25 12:00:00,2,-4,0.0,8.7,2,2,77,08:01 PM,09:48 AM,07:17 AM,04:24 PM,-14,-2,2,-2,16,32,30,0.0,1024,2,10,313,14
2018-12-25 15:00:00,2,-4,0.0,8.7,2,2,77,08:01 PM,09:48 AM,07:17 AM,04:24 PM,-14,-4,-1,-4,15,21,35,0.0,1025,-1,10,303,10
2018-12-25 18:00:00,2,-4,0.0,8.7,2,0,77,08:01 PM,09:48 AM,07:17 AM,04:24 PM,-11,-6,-3,-6,12,5,53,0.0,1026,-3,10,301,8
2018-12-25 21:00:00,2,-4,0.0,8.7,2,0,77,08:01 PM,09:48 AM,07:17 AM,04:24 PM,-11,-7,-3,-7,14,13,54,0.0,1027,-4,10,301,9
2018-12-26 00:00:00,1,-5,0.0,6.9,2,0,69,09:15 PM,10:30 AM,07:18 AM,04:24 PM,-12,-7,-4,-7,14,37,52,0.0,1028,-4,10,302,9
2018-12-26 03:00:00,1,-5,0.0,6.9,2,0,69,09:15 PM,10:30 AM,07:18 AM,04:24 PM,-13,-7,-4,-7,12,20,47,0.0,1029,-4,10,301,8
2018-12-26 06:00:00,1,-5,0.0,6.9,2,0,69,09:15 PM,10:30 AM,07:18 AM,04:24 PM,-13,-6,-4,-6,7,8,50,0.0,1031,-5,10,285,5
2018-12-26 09:00:00,1,-5,0.0,6.9,2,2,69,09:15 PM,10:30 AM,07:18 AM,04:24 PM,-11,-5,-1,-5,17,5,48,0.0,1031,-1,10,300,14
2018-12-26 12:00:00,1,-5,0.0,6.9,2,2,69,09:15 PM,10:30 AM,07:18 AM,04:24 PM,-8,-1,2,-1,11,19,50,0.0,1030,1,10,275,9
2018-12-26 15:00:00,1,-5,0.0,6.9,2,1,69,09:15 PM,10:30 AM,07:18 AM,04:24 PM,-6,-2,0,-2,10,66,62,0.0,1030,-0,10,278,6
2018-12-26 18:00:00,1,-5,0.0,6.9,2,0,69,09:15 PM,10:30 AM,07:18 AM,04:24 PM,-6,-2,-2,-2,4,35,78,0.0,1031,-3,10,197,2
2018-12-26 21:00:00,1,-5,0.0,6.9,2,0,69,09:15 PM,10:30 AM,07:18 AM,04:24 PM,-5,-4,-2,-4,9,31,80,0.0,1031,-3,10,236,5
2018-12-27 00:00:00,2,-4,0.0,6.9,2,0,62,10:27 PM,11:07 AM,07:18 AM,04:25 PM,-4,-3,-1,-3,11,62,81,0.0,1031,-1,10,268,6
2018-12-27 03:00:00,2,-4,0.0,6.9,2,0,62,10:27 PM,11:07 AM,07:18 AM,04:25 PM,-4,-4,-1,-4,11,5,84,0.0,1034,-2,10,309,7
2018-12-27 06:00:00,2,-4,0.0,6.9,2,0,62,10:27 PM,11:07 AM,07:18 AM,04:25 PM,-6,-5,-3,-5,10,4,78,0.0,1037,-4,10,352,7
2018-12-27 09:00:00,2,-4,0.0,6.9,2,2,62,10:27 PM,11:07 AM,07:18 AM,04:25 PM,-10,-3,-0,-3,10,5,48,0.0,1038,-1,10,16,8
2018-12-27 12:00:00,2,-4,0.0,6.9,2,2,62,10:27 PM,11:07 AM,07:18 AM,04:25 PM,-15,2,3,2,4,29,27,0.0,1037,2,10,28,3
2018-12-27 15:00:00,2,-4,0.0,6.9,2,1,62,10:27 PM,11:07 AM,07:18 AM,04:25 PM,-14,-2,-0,-2,8,84,33,0.0,1037,-1,10,91,5
2018-12-27 18:00:00,2,-4,0.0,6.9,2,0,62,10:27 PM,11:07 AM,07:18 AM,04:25 PM,-15,-2,-1,-2,5,88,35,0.0,1037,-2,10,85,3
2018-12-27 21:00:00,2,-4,0.0,6.9,2,0,62,10:27 PM,11:07 AM,07:18 AM,04:25 PM,-13,-5,-2,-5,14,45,41,0.0,1035,-2,10,132,8
2018-12-28 00:00:00,10,-1,0.0,3.4,2,0,55,11:37 PM,11:39 AM,07:18 AM,04:26 PM,-8,-5,-1,-5,18,94,60,0.0,1032,-1,10,143,12
2018-12-28 03:00:00,10,-1,0.0,3.4,2,0,55,11:37 PM,11:39 AM,07:18 AM,04:26 PM,-2,-3,1,-3,22,100,83,0.0,1029,1,10,153,14
2018-12-28 06:00:00,10,-1,0.0,3.4,2,0,55,11:37 PM,11:39 AM,07:18 AM,04:26 PM,0,-2,2,-2,23,100,88,0.0,1025,2,10,158,14
2018-12-28 09:00:00,10,-1,0.0,3.4,2,2,55,11:37 PM,11:39 AM,07:18 AM,04:26 PM,5,2,6,2,30,100,95,0.0,1021,6,10,181,18
2018-12-28 12:00:00,10,-1,0.0,3.4,2,2,55,11:37 PM,11:39 AM,07:18 AM,04:26 PM,7,6,8,6,15,100,97,0.0,1016,7,2,168,8
2018-12-28 15:00:00,10,-1,0.0,3.4,2,2,55,11:37 PM,11:39 AM,07:18 AM,04:26 PM,9,8,9,8,23,100,97,0.4,1012,9,2,203,12
2018-12-28 18:00:00,10,-1,0.0,3.4,2,0,55,11:37 PM,11:39 AM,07:18 AM,04:26 PM,9,9,10,9,19,100,96,0.0,1010,10,2,182,9
2018-12-28 21:00:00,10,-1,0.0,3.4,2,0,55,11:37 PM,11:39 AM,07:18 AM,04:26 PM,9,8,10,8,24,70,95,0.0,1009,10,2,236,12
2018-12-29 00:00:00,9,-2,0.0,8.7,1,0,48,No moonrise,12:09 PM,07:19 AM,04:26 PM,8,8,9,8,19,29,95,0.0,1009,9,2,203,9
2018-12-29 03:00:00,9,-2,0.0,8.7,1,0,48,No moonrise,12:09 PM,07:19 AM,04:26 PM,8,7,9,7,27,11,92,0.0,1009,9,10,245,14
2018-12-29 06:00:00,9,-2,0.0,8.7,1,0,48,No moonrise,12:09 PM,07:19 AM,04:26 PM,6,6,7,6,16,21,90,0.0,1011,7,10,298,9
2018-12-29 09:00:00,9,-2,0.0,8.7,1,3,48,No moonrise,12:09 PM,07:19 AM,04:26 PM,0,2,6,2,28,0,68,0.0,1013,6,10,300,20
2018-12-29 12:00:00,9,-2,0.0,8.7,1,3,48,No moonrise,12:09 PM,07:19 AM,04:26 PM,0,2,6,2,30,59,67,0.0,1014,6,10,299,23
2018-12-29 15:00:00,9,-2,0.0,8.7,1,2,48,No moonrise,12:09 PM,07:19 AM,04:26 PM,-2,-1,3,-1,29,22,67,0.0,1017,3,10,298,19
2018-12-29 18:00:00,9,-2,0.0,8.7,1,0,48,No moonrise,12:09 PM,07:19 AM,04:26 PM,-4,-3,1,-3,19,28,74,0.0,1020,1,10,304,12
2018-12-29 21:00:00,9,-2,0.0,8.7,1,0,48,No moonrise,12:09 PM,07:19 AM,04:26 PM,-7,-6,-2,-6,19,11,68,0.0,1022,-2,10,312,12
2018-12-30 00:00:00,2,-3,0.0,5.2,2,0,40,12:44 AM,12:38 PM,07:19 AM,04:27 PM,-8,-5,-2,-5,9,21,66,0.0,1022,-3,10,328,7
2018-12-30 03:00:00,2,-3,0.0,5.2,2,0,40,12:44 AM,12:38 PM,07:19 AM,04:27 PM,-9,-3,-2,-3,5,48,58,0.0,1022,-2,10,326,4
2018-12-30 06:00:00,2,-3,0.0,5.2,2,0,40,12:44 AM,12:38 PM,07:19 AM,04:27 PM,-10,-3,-2,-3,4,32,56,0.0,1024,-3,10,358,3
2018-12-30 09:00:00,2,-3,0.0,5.2,2,2,40,12:44 AM,12:38 PM,07:19 AM,04:27 PM,-9,0,0,0,2,61,51,0.0,1023,-0,10,255,2
2018-12-30 12:00:00,2,-3,0.0,5.2,2,1,40,12:44 AM,12:38 PM,07:19 AM,04:27 PM,-7,2,2,2,5,69,49,0.0,1022,2,10,258,4
2018-12-30 15:00:00,2,-3,0.0,5.2,2,2,40,12:44 AM,12:38 PM,07:19 AM,04:27 PM,-6,-0,1,-0,6,14,59,0.0,1023,0,10,258,5
2018-12-30 18:00:00,2,-3,0.0,5.2,2,0,40,12:44 AM,12:38 PM,07:19 AM,04:27 PM,-5,-2,-1,-2,7,55,73,0.0,1025,-2,10,192,4
2018-12-30 21:00:00,2,-3,0.0,5.2,2,0,40,12:44 AM,12:38 PM,07:19 AM,04:27 PM,-4,-3,-1,-3,9,18,80,0.0,1025,-2,10,183,5
2018-12-31 00:00:00,4,-6,0.0,5.2,2,0,36,01:51 AM,01:08 PM,07:19 AM,04:28 PM,-1,-1,0,-1,6,4,89,0.0,1026,-2,10,190,4
2018-12-31 03:00:00,4,-6,0.0,5.2,2,0,36,01:51 AM,01:08 PM,07:19 AM,04:28 PM,-2,-2,-1,-2,8,9,92,0.0,1027,-2,10,177,5
2018-12-31 06:00:00,4,-6,0.0,5.2,2,0,36,01:51 AM,01:08 PM,07:19 AM,04:28 PM,-2,-3,-1,-3,10,30,94,0.0,1028,-2,2,172,5
2018-12-31 09:00:00,4,-6,0.0,5.2,2,2,36,01:51 AM,01:08 PM,07:19 AM,04:28 PM,-1,-0,3,-0,15,50,73,0.0,1028,3,10,193,12
2018-12-31 12:00:00,4,-6,0.0,5.2,2,1,36,01:51 AM,01:08 PM,07:19 AM,04:28 PM,-1,1,4,1,18,94,69,0.0,1026,4,10,190,13
2018-12-31 15:00:00,4,-6,0.0,5.2,2,1,36,01:51 AM,01:08 PM,07:19 AM,04:28 PM,-0,-0,3,-0,17,100,79,0.0,1025,3,10,165,11
2018-12-31 18:00:00,4,-6,0.0,5.2,2,0,36,01:51 AM,01:08 PM,07:19 AM,04:28 PM,1,-1,2,-1,20,100,89,0.1,1023,2,10,155,13
2018-12-31 21:00:00,4,-6,0.0,5.2,2,0,36,01:51 AM,01:08 PM,07:19 AM,04:28 PM,-5,-8,-4,-8,23,100,74,2.3,1020,-6,9,154,9
2019-01-01 00:00:00,9,4,0.0,8.7,2,0,26,02:55 AM,01:39 PM,07:19 AM,04:29 PM,3,-5,-3,-5,28,100,94,4.4,1010,-5,8,152,10
2019-01-01 03:00:00,9,4,0.0,8.7,2,0,26,02:55 AM,01:39 PM,07:19 AM,04:29 PM,4,2,5,2,26,100,93,0.5,1004,4,10,176,8
2019-01-01 06:00:00,9,4,0.0,8.7,2,0,26,02:55 AM,01:39 PM,07:19 AM,04:29 PM,5,3,6,3,31,75,93,1.1,1000,6,9,220,13
2019-01-01 09:00:00,9,4,0.0,8.7,2,3,26,02:55 AM,01:39 PM,07:19 AM,04:29 PM,5,6,8,6,41,21,83,0.0,1001,7,10,253,21
2019-01-01 12:00:00,9,4,0.0,8.7,2,3,26,02:55 AM,01:39 PM,07:19 AM,04:29 PM,3,9,9,9,38,7,65,0.0,1005,9,10,289,28
2019-01-01 15:00:00,9,4,0.0,8.7,2,3,26,02:55 AM,01:39 PM,07:19 AM,04:29 PM,3,7,8,7,33,2,68,0.0,1008,8,10,302,18
2019-01-01 18:00:00,9,4,0.0,8.7,2,0,26,02:55 AM,01:39 PM,07:19 AM,04:29 PM,0,1,5,1,28,3,73,0.0,1010,4,10,303,14
2019-01-01 21:00:00,9,4,0.0,8.7,2,0,26,02:55 AM,01:39 PM,07:19 AM,04:29 PM,0,2,4,2,27,1,75,0.0,1010,3,10,308,12
2019-01-02 00:00:00,0,-6,0.0,8.7,2,0,19,03:59 AM,02:13 PM,07:19 AM,04:30 PM,-4,-2,1,-2,20,4,68,0.0,1016,1,10,311,11
2019-01-02 03:00:00,0,-6,0.0,8.7,2,0,19,03:59 AM,02:13 PM,07:19 AM,04:30 PM,-10,-8,-4,-8,9,14,64,0.0,1024,-5,10,328,7
2019-01-02 06:00:00,0,-6,0.0,8.7,2,0,19,03:59 AM,02:13 PM,07:19 AM,04:30 PM,-11,-8,-5,-8,6,25,67,0.0,1026,-6,10,232,5
2019-01-02 09:00:00,0,-6,0.0,8.7,2,2,19,03:59 AM,02:13 PM,07:19 AM,04:30 PM,-10,-6,-4,-6,5,8,63,0.0,1027,-5,10,21,4
2019-01-02 12:00:00,0,-6,0.0,8.7,2,2,19,03:59 AM,02:13 PM,07:19 AM,04:30 PM,-11,-2,-0,-2,5,3,45,0.0,1027,-1,10,65,5
2019-01-02 15:00:00,0,-6,0.0,8.7,2,2,19,03:59 AM,02:13 PM,07:19 AM,04:30 PM,-12,0,0,0,7,4,39,0.0,1026,-1,10,124,6
2019-01-02 18:00:00,0,-6,0.0,8.7,2,0,19,03:59 AM,02:13 PM,07:19 AM,04:30 PM,-11,-2,-2,-2,10,8,49,0.0,1025,-3,10,142,8
2019-01-02 21:00:00,0,-6,0.0,8.7,2,0,19,03:59 AM,02:13 PM,07:19 AM,04:30 PM,-9,-4,-3,-4,12,20,64,0.0,1023,-4,10,155,9
2019-01-03 00:00:00,4,-1,0.0,6.9,1,0,11,05:00 AM,02:52 PM,07:19 AM,04:31 PM,-7,-5,-3,-5,15,48,74,0.0,1020,-4,10,160,8
2019-01-03 03:00:00,4,-1,0.0,6.9,1,0,11,05:00 AM,02:52 PM,07:19 AM,04:31 PM,-5,-3,-2,-3,18,91,83,0.0,1016,-3,10,165,4
2019-01-03 06:00:00,4,-1,0.0,6.9,1,0,11,05:00 AM,02:52 PM,07:19 AM,04:31 PM,-2,-3,-1,-3,19,100,94,0.1,1012,-2,10,183,7
2019-01-03 09:00:00,4,-1,0.0,6.9,1,1,11,05:00 AM,02:52 PM,07:19 AM,04:31 PM,-1,-1,1,-1,17,87,89,0.0,1010,1,10,232,10
2019-01-03 12:00:00,4,-1,0.0,6.9,1,2,11,05:00 AM,02:52 PM,07:19 AM,04:31 PM,-1,1,4,1,20,43,68,0.1,1010,4,10,292,14
2019-01-03 15:00:00,4,-1,0.0,6.9,1,2,11,05:00 AM,02:52 PM,07:19 AM,04:31 PM,-3,0,4,0,21,4,59,0.0,1010,3,10,304,17
2019-01-03 18:00:00,4,-1,0.0,6.9,1,0,11,05:00 AM,02:52 PM,07:19 AM,04:31 PM,-4,-2,1,-2,17,4,66,0.0,1014,0,10,297,9
2019-01-03 21:00:00,4,-1,0.0,6.9,1,0,11,05:00 AM,02:52 PM,07:19 AM,04:31 PM,-5,-3,-1,-3,13,3,76,0.0,1017,-2,10,287,3
2019-01-04 00:00:00,3,-4,0.0,8.7,2,0,4,05:59 AM,03:35 PM,07:19 AM,04:32 PM,-4,-4,-2,-4,7,2,82,0.0,1017,-3,10,245,4
2019-01-04 03:00:00,3,-4,0.0,8.7,2,0,4,05:59 AM,03:35 PM,07:19 AM,04:32 PM,-5,-4,-2,-4,9,6,82,0.0,1016,-3,10,208,3
2019-01-04 06:00:00,3,-4,0.0,8.7,2,0,4,05:59 AM,03:35 PM,07:19 AM,04:32 PM,-7,-5,-2,-5,11,7,74,0.0,1014,-3,10,201,6
2019-01-04 09:00:00,3,-4,0.0,8.7,2,2,4,05:59 AM,03:35 PM,07:19 AM,04:32 PM,-7,-5,-2,-5,12,6,66,0.0,1009,-3,10,201,11
2019-01-04 12:00:00,3,-4,0.0,8.7,2,2,4,05:59 AM,03:35 PM,07:19 AM,04:32 PM,-4,-2,2,-2,13,5,65,0.0,1001,1,10,213,11
2019-01-04 15:00:00,3,-4,0.0,8.7,2,2,4,05:59 AM,03:35 PM,07:19 AM,04:32 PM,-2,-0,3,-0,16,4,67,0.0,1005,3,10,213,13
2019-01-04 18:00:00,3,-4,0.0,8.7,2,0,4,05:59 AM,03:35 PM,07:19 AM,04:32 PM,-3,0,3,0,18,4,67,0.0,1012,2,10,204,8
2019-01-04 21:00:00,3,-4,0.0,8.7,2,0,4,05:59 AM,03:35 PM,07:19 AM,04:32 PM,-2,-3,-0,-3,14,4,77,0.0,1009,-2,10,198,8
2019-01-05 00:00:00,2,1,0.0,3.4,2,0,0,06:52 AM,04:22 PM,07:19 AM,04:33 PM,-3,-4,-2,-4,10,7,79,0.0,1003,-4,10,190,9
2019-01-05 03:00:00,2,1,0.0,3.4,2,0,0,06:52 AM,04:22 PM,07:19 AM,04:33 PM,-3,-1,-1,-1,9,43,89,0.1,1011,-2,7,187,2
2019-01-05 06:00:00,2,1,0.0,3.4,2,0,0,06:52 AM,04:22 PM,07:19 AM,04:33 PM,-2,-1,0,-1,7,100,92,0.4,1008,-1,2,129,5
2019-01-05 09:00:00,2,1,0.0,3.4,2,1,0,06:52 AM,04:22 PM,07:19 AM,04:33 PM,1,-1,2,-1,8,100,94,2.1,1004,1,4,41,9
2019-01-05 12:00:00,2,1,0.0,3.4,2,1,0,06:52 AM,04:22 PM,07:19 AM,04:33 PM,1,-2,2,-2,12,100,92,3.3,1002,2,8,41,12
2019-01-05 15:00:00,2,1,0.0,3.4,2,1,0,06:52 AM,04:22 PM,07:19 AM,04:33 PM,1,-1,3,-1,18,100,89,0.1,1000,2,7,23,13
2019-01-05 18:00:00,2,1,0.0,3.4,2,0,0,06:52 AM,04:22 PM,07:19 AM,04:33 PM,1,-2,2,-2,19,94,89,0.2,1001,1,5,119,11
2019-01-05 21:00:00,2,1,0.0,3.4,2,0,0,06:52 AM,04:22 PM,07:19 AM,04:33 PM,-1,-2,2,-2,17,59,84,0.0,1003,-1,10,335,9
2019-01-06 00:00:00,3,0,0.0,3.4,2,0,0,07:41 AM,05:15 PM,07:19 AM,04:34 PM,-4,-3,-0,-3,19,9,75,0.0,1006,-1,10,312,7
2019-01-06 03:00:00,3,0,0.0,3.4,2,0,0,07:41 AM,05:15 PM,07:19 AM,04:34 PM,-5,-3,-1,-3,21,7,76,0.0,1008,-2,10,304,5
2019-01-06 06:00:00,3,0,0.0,3.4,2,0,0,07:41 AM,05:15 PM,07:19 AM,04:34 PM,-4,-3,-0,-3,20,21,79,0.0,1010,-1,10,286,6
2019-01-06 09:00:00,3,0,0.0,3.4,2,1,0,07:41 AM,05:15 PM,07:19 AM,04:34 PM,-3,-2,2,-2,17,65,72,0.0,1013,1,10,269,12
2019-01-06 12:00:00,3,0,0.0,3.4,2,1,0,07:41 AM,05:15 PM,07:19 AM,04:34 PM,-4,-1,3,-1,23,94,58,0.0,1015,3,10,302,19
2019-01-06 15:00:00,3,0,0.0,3.4,2,1,0,07:41 AM,05:15 PM,07:19 AM,04:34 PM,-4,-1,4,-1,26,87,55,0.0,1014,3,9,313,19
2019-01-06 18:00:00,3,0,0.0,3.4,2,0,0,07:41 AM,05:15 PM,07:19 AM,04:34 PM,-5,-1,2,-1,25,53,59,0.1,1019,1,8,319,12
2019-01-06 21:00:00,3,0,0.0,3.4,2,0,0,07:41 AM,05:15 PM,07:19 AM,04:34 PM,-8,-4,-0,-4,22,0,60,0.0,1020,-1,10,328,12
2019-01-07 00:00:00,-2,-9,0.0,5.2,2,0,3,08:23 AM,06:10 PM,07:19 AM,04:35 PM,-9,-8,-3,-8,21,0,61,0.0,1023,-4,10,334,13
2019-01-07 03:00:00,-2,-9,0.0,5.2,2,0,3,08:23 AM,06:10 PM,07:19 AM,04:35 PM,-15,-14,-7,-14,16,3,54,0.0,1028,-8,10,334,15
2019-01-07 06:00:00,-2,-9,0.0,5.2,2,0,3,08:23 AM,06:10 PM,07:19 AM,04:35 PM,-16,-14,-8,-14,14,35,53,0.0,1030,-9,10,338,12
2019-01-07 09:00:00,-2,-9,0.0,5.2,2,1,3,08:23 AM,06:10 PM,07:19 AM,04:35 PM,-17,-12,-7,-12,13,89,44,0.0,1031,-8,10,333,11
2019-01-07 12:00:00,-2,-9,0.0,5.2,2,2,3,08:23 AM,06:10 PM,07:19 AM,04:35 PM,-18,-7,-3,-7,13,70,31,0.0,1029,-4,10,334,9
2019-01-07 15:00:00,-2,-9,0.0,5.2,2,2,3,08:23 AM,06:10 PM,07:19 AM,04:35 PM,-17,-4,-2,-4,8,39,29,0.0,1030,-3,10,256,5
2019-01-07 18:00:00,-2,-9,0.0,5.2,2,0,3,08:23 AM,06:10 PM,07:19 AM,04:35 PM,-15,-4,-4,-4,6,57,42,0.0,1030,-5,10,88,4
2019-01-07 21:00:00,-2,-9,0.0,5.2,2,0,3,08:23 AM,06:10 PM,07:19 AM,04:35 PM,-14,-7,-6,-7,10,59,55,0.0,1028,-7,10,141,5
2019-01-08 00:00:00,2,-3,0.1,3.4,1,0,10,09:01 AM,07:07 PM,07:19 AM,04:36 PM,-13,-9,-5,-9,14,83,54,0.0,1027,-6,10,158,7
2019-01-08 03:00:00,2,-3,0.1,3.4,1,0,10,09:01 AM,07:07 PM,07:19 AM,04:36 PM,-10,-8,-4,-8,18,90,64,0.1,1025,-5,8,164,11
2019-01-08 06:00:00,2,-3,0.1,3.4,1,0,10,09:01 AM,07:07 PM,07:19 AM,04:36 PM,-5,-6,-3,-6,23,89,85,0.1,1021,-4,7,178,7
2019-01-08 09:00:00,2,-3,0.1,3.4,1,1,10,09:01 AM,07:07 PM,07:19 AM,04:36 PM,-3,-2,-1,-2,23,100,89,0.0,1018,-2,10,185,3
2019-01-08 12:00:00,2,-3,0.1,3.4,1,1,10,09:01 AM,07:07 PM,07:19 AM,04:36 PM,0,0,1,0,16,97,94,0.1,1015,1,10,184,4
2019-01-08 15:00:00,2,-3,0.1,3.4,1,1,10,09:01 AM,07:07 PM,07:19 AM,04:36 PM,1,2,2,2,12,93,92,0.0,1011,2,7,164,3
2019-01-08 18:00:00,2,-3,0.1,3.4,1,0,10,09:01 AM,07:07 PM,07:19 AM,04:36 PM,-1,0,2,0,10,100,82,0.1,1010,1,0,164,6
2019-01-08 21:00:00,2,-3,0.1,3.4,1,0,10,09:01 AM,07:07 PM,07:19 AM,04:36 PM,-3,-3,-1,-3,11,99,77,0.3,1012,-2,1,183,5
2019-01-09 00:00:00,2,-1,0.0,3.4,1,0,18,09:34 AM,08:05 PM,07:19 AM,04:37 PM,-0,-3,-1,-3,9,98,90,0.4,1003,-3,1,187,6
2019-01-09 03:00:00,2,-1,0.0,3.4,1,0,18,09:34 AM,08:05 PM,07:19 AM,04:37 PM,1,-0,2,-0,12,100,91,0.8,996,1,2,196,8
2019-01-09 06:00:00,2,-1,0.0,3.4,1,0,18,09:34 AM,08:05 PM,07:19 AM,04:37 PM,0,-2,1,-2,17,86,91,1.7,998,1,6,224,14
2019-01-09 09:00:00,2,-1,0.0,3.4,1,1,18,09:34 AM,08:05 PM,07:19 AM,04:37 PM,-1,-3,1,-3,27,72,86,0.2,1005,-0,7,266,14
2019-01-09 12:00:00,2,-1,0.0,3.4,1,1,18,09:34 AM,08:05 PM,07:19 AM,04:37 PM,-2,-2,2,-2,34,95,71,0.1,1008,2,10,287,18
2019-01-09 15:00:00,2,-1,0.0,3.4,1,2,18,09:34 AM,08:05 PM,07:19 AM,04:37 PM,-3,-2,2,-2,33,65,70,0.0,1009,1,10,288,16
2019-01-09 18:00:00,2,-1,0.0,3.4,1,0,18,09:34 AM,08:05 PM,07:19 AM,04:37 PM,-4,-5,-1,-5,33,26,76,0.0,1010,-2,10,289,13
2019-01-09 21:00:00,2,-1,0.0,3.4,1,0,18,09:34 AM,08:05 PM,07:19 AM,04:37 PM,-5,-8,-4,-8,31,32,79,0.0,1010,-5,10,288,13
2019-01-10 00:00:00,-1,-4,0.0,5.2,1,0,25,10:03 AM,09:04 PM,07:18 AM,04:38 PM,-4,-8,-4,-8,24,65,80,0.0,1009,-7,10,283,10
2019-01-10 03:00:00,-1,-4,0.0,5.2,1,0,25,10:03 AM,09:04 PM,07:18 AM,04:38 PM,-6,-7,-3,-7,21,85,81,0.0,1011,-4,10,283,10
2019-01-10 06:00:00,-1,-4,0.0,5.2,1,0,25,10:03 AM,09:04 PM,07:18 AM,04:38 PM,-7,-8,-3,-8,22,65,78,0.0,1010,-4,10,288,12
2019-01-10 09:00:00,-1,-4,0.0,5.2,1,2,25,10:03 AM,09:04 PM,07:18 AM,04:38 PM,-7,-7,-2,-7,26,68,66,0.0,1003,-3,10,303,17
2019-01-10 12:00:00,-1,-4,0.0,5.2,1,1,25,10:03 AM,09:04 PM,07:18 AM,04:38 PM,-9,-8,-1,-8,28,56,53,0.0,1002,-2,10,310,28
2019-01-10 15:00:00,-1,-4,0.0,5.2,1,2,25,10:03 AM,09:04 PM,07:18 AM,04:38 PM,-10,-8,-1,-8,30,65,50,0.0,1004,-2,10,306,30
2019-01-10 18:00:00,-1,-4,0.0,5.2,1,0,25,10:03 AM,09:04 PM,07:18 AM,04:38 PM,-11,-10,-3,-10,33,35,56,0.0,1009,-4,10,306,23
2019-01-10 21:00:00,-1,-4,0.0,5.2,1,0,25,10:03 AM,09:04 PM,07:18 AM,04:38 PM,-11,-11,-5,-11,32,35,60,0.0,1015,-6,10,308,15
2019-01-11 00:00:00,-6,-9,0.0,8.7,2,0,32,10:30 AM,10:03 PM,07:18 AM,04:39 PM,-14,-14,-7,-14,28,11,53,0.0,1014,-8,10,307,19
2019-01-11 03:00:00,-6,-9,0.0,8.7,2,0,32,10:30 AM,10:03 PM,07:18 AM,04:39 PM,-16,-14,-8,-14,28,7,52,0.0,1017,-9,10,307,15
2019-01-11 06:00:00,-6,-9,0.0,8.7,2,0,32,10:30 AM,10:03 PM,07:18 AM,04:39 PM,-16,-16,-9,-16,31,3,57,0.0,1019,-10,10,304,13
2019-01-11 09:00:00,-6,-9,0.0,8.7,2,2,32,10:30 AM,10:03 PM,07:18 AM,04:39 PM,-15,-13,-8,-13,29,6,55,0.0,1025,-9,10,301,11
2019-01-11 12:00:00,-6,-9,0.0,8.7,2,2,32,10:30 AM,10:03 PM,07:18 AM,04:39 PM,-20,-13,-6,-13,27,23,34,0.0,1026,-7,10,304,19
2019-01-11 15:00:00,-6,-9,0.0,8.7,2,2,32,10:30 AM,10:03 PM,07:18 AM,04:39 PM,-20,-11,-5,-11,27,23,30,0.0,1026,-6,10,309,21
2019-01-11 18:00:00,-6,-9,0.0,8.7,2,0,32,10:30 AM,10:03 PM,07:18 AM,04:39 PM,-19,-12,-6,-12,27,15,36,0.0,1027,-7,10,311,16
2019-01-11 21:00:00,-6,-9,0.0,8.7,2,0,32,10:30 AM,10:03 PM,07:18 AM,04:39 PM,-18,-13,-8,-13,26,23,44,0.0,1028,-9,10,314,9
2019-01-12 00:00:00,-4,-12,0.0,7.0,2,0,39,10:56 AM,11:02 PM,07:18 AM,04:40 PM,-19,-15,-10,-15,24,14,49,0.0,1029,-11,10,316,8
2019-01-12 03:00:00,-4,-12,0.0,7.0,2,0,39,10:56 AM,11:02 PM,07:18 AM,04:40 PM,-18,-16,-11,-16,18,32,57,0.0,1030,-12,10,312,7
2019-01-12 06:00:00,-4,-12,0.0,7.0,2,0,39,10:56 AM,11:02 PM,07:18 AM,04:40 PM,-17,-14,-11,-14,13,19,59,0.0,1032,-12,10,298,6
2019-01-12 09:00:00,-4,-12,0.0,7.0,2,2,39,10:56 AM,11:02 PM,07:18 AM,04:40 PM,-17,-11,-9,-11,14,15,54,0.0,1033,-10,10,301,8
2019-01-12 12:00:00,-4,-12,0.0,7.0,2,1,39,10:56 AM,11:02 PM,07:18 AM,04:40 PM,-19,-9,-5,-9,17,38,32,0.0,1033,-6,10,306,10
2019-01-12 15:00:00,-4,-12,0.0,7.0,2,2,39,10:56 AM,11:02 PM,07:18 AM,04:40 PM,-18,-7,-3,-7,17,79,31,0.0,1031,-4,10,307,11
2019-01-12 18:00:00,-4,-12,0.0,7.0,2,0,39,10:56 AM,11:02 PM,07:18 AM,04:40 PM,-17,-8,-5,-8,16,43,38,0.0,1032,-6,10,302,5
2019-01-12 21:00:00,-4,-12,0.0,7.0,2,0,39,10:56 AM,11:02 PM,07:18 AM,04:40 PM,-17,-9,-7,-9,12,25,48,0.0,1033,-8,10,299,4
2019-01-13 00:00:00,-5,-11,0.0,5.2,2,0,47,11:22 AM,No moonset,07:17 AM,04:41 PM,-16,-10,-8,-10,6,19,56,0.0,1034,-9,10,329,5
2019-01-13 03:00:00,-5,-11,0.0,5.2,2,0,47,11:22 AM,No moonset,07:17 AM,04:41 PM,-15,-14,-10,-14,5,40,61,0.0,1033,-11,10,234,4
2019-01-13 06:00:00,-5,-11,0.0,5.2,2,0,47,11:22 AM,No moonset,07:17 AM,04:41 PM,-16,-15,-11,-15,5,38,65,0.0,1033,-12,10,10,4
2019-01-13 09:00:00,-5,-11,0.0,5.2,2,1,47,11:22 AM,No moonset,07:17 AM,04:41 PM,-15,-13,-9,-13,6,37,60,0.0,1033,-10,10,17,6
2019-01-13 12:00:00,-5,-11,0.0,5.2,2,1,47,11:22 AM,No moonset,07:17 AM,04:41 PM,-15,-11,-6,-11,8,81,47,0.0,1031,-7,10,23,10
2019-01-13 15:00:00,-5,-11,0.0,5.2,2,1,47,11:22 AM,No moonset,07:17 AM,04:41 PM,-15,-9,-4,-9,9,83,42,0.0,1030,-5,10,39,11
2019-01-13 18:00:00,-5,-11,0.0,5.2,2,0,47,11:22 AM,No moonset,07:17 AM,04:41 PM,-15,-10,-6,-10,13,79,51,0.0,1029,-7,10,48,10
2019-01-13 21:00:00,-5,-11,0.0,5.2,2,0,47,11:22 AM,No moonset,07:17 AM,04:41 PM,-14,-12,-7,-12,13,60,61,0.0,1029,-8,10,41,9
2019-01-14 00:00:00,-2,-12,0.0,8.7,2,0,54,11:49 AM,12:03 AM,07:17 AM,04:42 PM,-14,-14,-9,-14,10,23,67,0.0,1028,-10,10,23,8
2019-01-14 03:00:00,-2,-12,0.0,8.7,2,0,54,11:49 AM,12:03 AM,07:17 AM,04:42 PM,-14,-16,-10,-16,12,4,71,0.0,1027,-11,10,12,8
2019-01-14 06:00:00,-2,-12,0.0,8.7,2,0,54,11:49 AM,12:03 AM,07:17 AM,04:42 PM,-14,-16,-11,-16,11,0,74,0.0,1026,-12,10,6,9
2019-01-14 09:00:00,-2,-12,0.0,8.7,2,2,54,11:49 AM,12:03 AM,07:17 AM,04:42 PM,-14,-14,-9,-14,10,3,67,0.0,1026,-10,10,8,10
2019-01-14 12:00:00,-2,-12,0.0,8.7,2,2,54,11:49 AM,12:03 AM,07:17 AM,04:42 PM,-12,-7,-4,-7,9,13,51,0.0,1024,-5,10,16,8
2019-01-14 15:00:00,-2,-12,0.0,8.7,2,2,54,11:49 AM,12:03 AM,07:17 AM,04:42 PM,-12,-5,-2,-5,7,32,44,0.0,1022,-3,10,16,7
2019-01-14 18:00:00,-2,-12,0.0,8.7,2,0,54,11:49 AM,12:03 AM,07:17 AM,04:42 PM,-12,-6,-4,-6,5,43,52,0.0,1021,-5,10,112,4
2019-01-14 21:00:00,-2,-12,0.0,8.7,2,0,54,11:49 AM,12:03 AM,07:17 AM,04:42 PM,-12,-6,-6,-6,6,16,60,0.0,1020,-7,10,317,4
2019-01-15 00:00:00,-1,-12,0.0,7.0,2,0,61,12:18 PM,01:06 AM,07:16 AM,04:43 PM,-12,-8,-8,-8,7,17,69,0.0,1020,-9,10,312,2
2019-01-15 03:00:00,-1,-12,0.0,7.0,2,0,61,12:18 PM,01:06 AM,07:16 AM,04:43 PM,-12,-9,-9,-9,7,18,80,0.0,1019,-10,10,313,0
2019-01-15 06:00:00,-1,-12,0.0,7.0,2,0,61,12:18 PM,01:06 AM,07:16 AM,04:43 PM,-13,-10,-10,-10,8,25,81,0.0,1019,-11,10,319,4
2019-01-15 09:00:00,-1,-12,0.0,7.0,2,1,61,12:18 PM,01:06 AM,07:16 AM,04:43 PM,-12,-9,-8,-9,7,48,73,0.0,1020,-9,10,320,6
2019-01-15 12:00:00,-1,-12,0.0,7.0,2,2,61,12:18 PM,01:06 AM,07:16 AM,04:43 PM,-10,-5,-1,-5,6,66,48,0.0,1019,-2,10,320,10
2019-01-15 15:00:00,-1,-12,0.0,7.0,2,1,61,12:18 PM,01:06 AM,07:16 AM,04:43 PM,-9,-3,-0,-3,7,58,51,0.0,1018,-1,10,300,7
2019-01-15 18:00:00,-1,-12,0.0,7.0,2,0,61,12:18 PM,01:06 AM,07:16 AM,04:43 PM,-9,-5,-2,-5,8,55,57,0.0,1018,-3,10,278,5
2019-01-15 21:00:00,-1,-12,0.0,7.0,2,0,61,12:18 PM,01:06 AM,07:16 AM,04:43 PM,-9,-6,-4,-6,7,15,67,0.0,1019,-5,10,267,4
2019-01-16 00:00:00,1,-7,0.0,7.0,2,0,69,12:51 PM,02:11 AM,07:16 AM,04:45 PM,-8,-6,-6,-6,6,18,80,0.0,1018,-7,10,235,4
2019-01-16 03:00:00,1,-7,0.0,7.0,2,0,69,12:51 PM,02:11 AM,07:16 AM,04:45 PM,-8,-6,-5,-6,9,13,80,0.0,1017,-6,10,209,4
2019-01-16 06:00:00,1,-7,0.0,7.0,2,0,69,12:51 PM,02:11 AM,07:16 AM,04:45 PM,-8,-9,-6,-9,12,13,85,0.0,1016,-7,10,206,5
2019-01-16 09:00:00,1,-7,0.0,7.0,2,2,69,12:51 PM,02:11 AM,07:16 AM,04:45 PM,-8,-7,-4,-7,14,12,73,0.0,1015,-5,10,222,8
2019-01-16 12:00:00,1,-7,0.0,7.0,2,1,69,12:51 PM,02:11 AM,07:16 AM,04:45 PM,-8,-2,1,-2,15,37,50,0.0,1015,1,10,242,11
2019-01-16 15:00:00,1,-7,0.0,7.0,2,2,69,12:51 PM,02:11 AM,07:16 AM,04:45 PM,-9,-3,1,-3,18,74,46,0.0,1013,0,10,259,14
2019-01-16 18:00:00,1,-7,0.0,7.0,2,0,69,12:51 PM,02:11 AM,07:16 AM,04:45 PM,-9,-6,-1,-6,17,30,56,0.0,1015,-2,10,278,13
2019-01-16 21:00:00,1,-7,0.0,7.0,2,0,69,12:51 PM,02:11 AM,07:16 AM,04:45 PM,-9,-7,-2,-7,20,3,59,0.0,1018,-3,10,300,14
2019-01-17 00:00:00,-4,-10,0.0,8.7,2,0,76,01:31 PM,03:19 AM,07:16 AM,04:46 PM,-13,-9,-4,-9,21,6,47,0.0,1019,-5,10,303,13
2019-01-17 03:00:00,-4,-10,0.0,8.7,2,0,76,01:31 PM,03:19 AM,07:16 AM,04:46 PM,-16,-11,-6,-11,19,4,47,0.0,1022,-7,10,314,13
2019-01-17 06:00:00,-4,-10,0.0,8.7,2,0,76,01:31 PM,03:19 AM,07:16 AM,04:46 PM,-17,-12,-9,-12,15,30,50,0.0,1028,-10,10,326,9
2019-01-17 09:00:00,-4,-10,0.0,8.7,2,2,76,01:31 PM,03:19 AM,07:16 AM,04:46 PM,-19,-8,-8,-8,9,58,42,0.0,1029,-9,10,337,4
2019-01-17 12:00:00,-4,-10,0.0,8.7,2,2,76,01:31 PM,03:19 AM,07:16 AM,04:46 PM,-20,-5,-5,-5,4,27,30,0.0,1028,-6,10,301,5
2019-01-17 15:00:00,-4,-10,0.0,8.7,2,1,76,01:31 PM,03:19 AM,07:16 AM,04:46 PM,-19,-4,-3,-4,3,59,29,0.0,1027,-4,10,207,3
2019-01-17 18:00:00,-4,-10,0.0,8.7,2,0,76,01:31 PM,03:19 AM,07:16 AM,04:46 PM,-19,-7,-5,-7,8,82,34,0.0,1027,-6,10,171,5
2019-01-17 21:00:00,-4,-10,0.0,8.7,2,0,76,01:31 PM,03:19 AM,07:16 AM,04:46 PM,-17,-6,-6,-6,11,90,41,0.0,1026,-7,10,163,6
2019-01-18 00:00:00,1,-7,0.1,3.5,1,0,83,02:18 PM,04:28 AM,07:15 AM,04:47 PM,-15,-7,-7,-7,12,98,52,0.0,1024,-8,10,163,6
2019-01-18 03:00:00,1,-7,0.1,3.5,1,0,83,02:18 PM,04:28 AM,07:15 AM,04:47 PM,-12,-6,-6,-6,10,97,65,0.0,1022,-7,8,158,1
2019-01-18 06:00:00,1,-7,0.1,3.5,1,0,83,02:18 PM,04:28 AM,07:15 AM,04:47 PM,-9,-7,-7,-7,7,100,81,0.1,1021,-8,7,142,2
2019-01-18 09:00:00,1,-7,0.1,3.5,1,1,83,02:18 PM,04:28 AM,07:15 AM,04:47 PM,-6,-5,-5,-5,5,100,88,0.0,1020,-6,10,136,3
2019-01-18 12:00:00,1,-7,0.1,3.5,1,1,83,02:18 PM,04:28 AM,07:15 AM,04:47 PM,-4,-1,-1,-1,7,97,80,0.0,1018,-2,10,166,5
2019-01-18 15:00:00,1,-7,0.1,3.5,1,2,83,02:18 PM,04:28 AM,07:15 AM,04:47 PM,-6,-2,1,-2,10,79,66,0.0,1019,-0,10,201,11
2019-01-18 18:00:00,1,-7,0.1,3.5,1,0,83,02:18 PM,04:28 AM,07:15 AM,04:47 PM,-8,-6,-3,-6,10,45,59,0.0,1022,-4,10,220,9
2019-01-18 21:00:00,1,-7,0.1,3.5,1,0,83,02:18 PM,04:28 AM,07:15 AM,04:47 PM,-4,-7,-5,-7,12,22,75,0.0,1018,-7,10,266,7
2019-01-19 00:00:00,-3,-7,0.7,7.0,2,0,90,03:16 PM,05:36 AM,07:14 AM,04:48 PM,-5,-8,-6,-8,12,9,77,0.0,1017,-8,10,311,10
2019-01-19 03:00:00,-3,-7,0.7,7.0,2,0,90,03:16 PM,05:36 AM,07:14 AM,04:48 PM,-6,-6,-3,-6,7,10,79,0.0,1019,-4,10,305,9
2019-01-19 06:00:00,-3,-7,0.7,7.0,2,0,90,03:16 PM,05:36 AM,07:14 AM,04:48 PM,-9,-9,-5,-9,7,12,76,0.0,1024,-6,10,207,7
2019-01-19 09:00:00,-3,-7,0.7,7.0,2,2,90,03:16 PM,05:36 AM,07:14 AM,04:48 PM,-10,-9,-5,-9,8,25,66,0.0,1025,-6,10,27,8
2019-01-19 12:00:00,-3,-7,0.7,7.0,2,1,90,03:16 PM,05:36 AM,07:14 AM,04:48 PM,-10,-6,-2,-6,9,51,53,0.0,1024,-3,10,66,12
2019-01-19 15:00:00,-3,-7,0.7,7.0,2,1,90,03:16 PM,05:36 AM,07:14 AM,04:48 PM,-10,-5,-2,-5,9,86,53,0.0,1024,-3,10,88,9
2019-01-19 18:00:00,-3,-7,0.7,7.0,2,0,90,03:16 PM,05:36 AM,07:14 AM,04:48 PM,-10,-7,-3,-7,11,100,57,0.0,1023,-4,10,90,8
2019-01-19 21:00:00,-3,-7,0.7,7.0,2,0,90,03:16 PM,05:36 AM,07:14 AM,04:48 PM,-11,-11,-5,-11,17,100,64,0.8,1023,-6,7,82,10
2019-01-20 00:00:00,1,-8,0.9,3.5,1,0,98,04:22 PM,06:39 AM,07:14 AM,04:49 PM,-9,-11,-5,-11,22,100,78,1.6,1017,-6,5,78,15
2019-01-20 03:00:00,1,-8,0.9,3.5,1,0,98,04:22 PM,06:39 AM,07:14 AM,04:49 PM,-6,-10,-4,-10,26,100,82,3.9,1009,-5,9,68,20
2019-01-20 06:00:00,1,-8,0.9,3.5,1,0,98,04:22 PM,06:39 AM,07:14 AM,04:49 PM,-4,-8,-3,-8,27,100,85,7.8,1002,-4,7,64,18
2019-01-20 09:00:00,1,-8,0.9,3.5,1,1,98,04:22 PM,06:39 AM,07:14 AM,04:49 PM,-2,-5,-1,-5,20,100,89,2.1,997,-2,9,62,15
2019-01-20 12:00:00,1,-8,0.9,3.5,1,1,98,04:22 PM,06:39 AM,07:14 AM,04:49 PM,-3,-6,-1,-6,13,100,84,4.1,993,-2,5,146,18
2019-01-20 15:00:00,1,-8,0.9,3.5,1,1,98,04:22 PM,06:39 AM,07:14 AM,04:49 PM,-8,-14,-6,-14,19,97,86,1.1,993,-7,3,327,24
2019-01-20 18:00:00,1,-8,0.9,3.5,1,0,98,04:22 PM,06:39 AM,07:14 AM,04:49 PM,-9,-10,-4,-10,27,87,74,2.2,995,-6,9,323,25
2019-01-20 21:00:00,1,-8,0.9,3.5,1,0,98,04:22 PM,06:39 AM,07:14 AM,04:49 PM,-16,-9,-5,-9,31,60,63,0.0,999,-9,10,321,26
2019-01-21 00:00:00,-16,-18,0.0,5.2,2,0,100,05:35 PM,07:35 AM,07:13 AM,04:51 PM,-21,-16,-11,-16,32,13,56,0.0,1003,-13,10,312,23
2019-01-21 03:00:00,-16,-18,0.0,5.2,2,0,100,05:35 PM,07:35 AM,07:13 AM,04:51 PM,-22,-26,-16,-26,31,9,58,0.0,1006,-17,10,307,22
2019-01-21 06:00:00,-16,-18,0.0,5.2,2,0,100,05:35 PM,07:35 AM,07:13 AM,04:51 PM,-20,-26,-16,-26,31,21,72,0.0,1008,-17,10,303,21
2019-01-21 09:00:00,-16,-18,0.0,5.2,2,1,100,05:35 PM,07:35 AM,07:13 AM,04:51 PM,-21,-26,-16,-26,30,50,68,0.0,1012,-17,10,303,21
2019-01-21 12:00:00,-16,-18,0.0,5.2,2,1,100,05:35 PM,07:35 AM,07:13 AM,04:51 PM,-21,-26,-15,-26,30,86,62,0.0,1014,-16,10,304,23
2019-01-21 15:00:00,-16,-18,0.0,5.2,2,1,100,05:35 PM,07:35 AM,07:13 AM,04:51 PM,-22,-27,-16,-27,33,86,58,0.0,1016,-17,10,306,26
2019-01-21 18:00:00,-16,-18,0.0,5.2,2,0,100,05:35 PM,07:35 AM,07:13 AM,04:51 PM,-23,-25,-16,-25,37,64,51,0.0,1017,-18,10,310,22
2019-01-21 21:00:00,-16,-18,0.0,5.2,2,0,100,05:35 PM,07:35 AM,07:13 AM,04:51 PM,-21,-22,-18,-22,39,24,56,0.0,1021,-22,10,314,13
2019-01-22 00:00:00,-7,-17,0.0,8.7,2,0,88,06:51 PM,08:22 AM,07:12 AM,04:52 PM,-23,-25,-20,-25,39,2,59,0.0,1023,-23,10,313,17
2019-01-22 03:00:00,-7,-17,0.0,8.7,2,0,88,06:51 PM,08:22 AM,07:12 AM,04:52 PM,-23,-25,-17,-25,35,0,58,0.0,1027,-18,10,312,12
2019-01-22 06:00:00,-7,-17,0.0,8.7,2,0,88,06:51 PM,08:22 AM,07:12 AM,04:52 PM,-24,-24,-17,-24,26,0,58,0.0,1031,-18,10,304,10
2019-01-22 09:00:00,-7,-17,0.0,8.7,2,2,88,06:51 PM,08:22 AM,07:12 AM,04:52 PM,-20,-20,-14,-20,18,1,58,0.0,1033,-15,10,297,9
2019-01-22 12:00:00,-7,-17,0.0,8.7,2,1,88,06:51 PM,08:22 AM,07:12 AM,04:52 PM,-17,-13,-8,-13,12,28,48,0.0,1033,-9,10,307,9
2019-01-22 15:00:00,-7,-17,0.0,8.7,2,2,88,06:51 PM,08:22 AM,07:12 AM,04:52 PM,-15,-9,-6,-9,9,57,51,0.0,1032,-7,10,296,5
2019-01-22 18:00:00,-7,-17,0.0,8.7,2,0,88,06:51 PM,08:22 AM,07:12 AM,04:52 PM,-18,-9,-7,-9,7,38,44,0.0,1035,-8,10,267,4
2019-01-22 21:00:00,-7,-17,0.0,8.7,2,0,88,06:51 PM,08:22 AM,07:12 AM,04:52 PM,-17,-9,-9,-9,8,64,51,0.0,1036,-10,10,228,4
2019-01-23 00:00:00,3,-7,0.0,5.3,2,0,81,08:07 PM,09:03 AM,07:12 AM,04:53 PM,-16,-12,-11,-12,11,40,64,0.0,1033,-12,10,188,6
2019-01-23 03:00:00,3,-7,0.0,5.3,2,0,81,08:07 PM,09:03 AM,07:12 AM,04:53 PM,-14,-14,-10,-14,14,34,70,0.0,1029,-11,10,174,9
2019-01-23 06:00:00,3,-7,0.0,5.3,2,0,81,08:07 PM,09:03 AM,07:12 AM,04:53 PM,-11,-13,-8,-13,15,59,79,0.0,1027,-9,10,177,10
2019-01-23 09:00:00,3,-7,0.0,5.3,2,2,81,08:07 PM,09:03 AM,07:12 AM,04:53 PM,-6,-9,-4,-9,18,71,83,0.0,1024,-5,10,191,12
2019-01-23 12:00:00,3,-7,0.0,5.3,2,1,81,08:07 PM,09:03 AM,07:12 AM,04:53 PM,-3,-5,-0,-5,23,59,78,0.0,1019,-1,10,202,18
2019-01-23 15:00:00,3,-7,0.0,5.3,2,2,81,08:07 PM,09:03 AM,07:12 AM,04:53 PM,-2,-2,2,-2,26,66,72,0.0,1015,1,10,200,13
2019-01-23 18:00:00,3,-7,0.0,5.3,2,0,81,08:07 PM,09:03 AM,07:12 AM,04:53 PM,2,0,4,0,28,55,82,0.0,1014,2,10,200,13
2019-01-23 21:00:00,3,-7,0.0,5.3,2,0,81,08:07 PM,09:03 AM,07:12 AM,04:53 PM,2,-3,1,-3,27,100,84,0.0,1015,-3,10,197,13
2019-01-24 00:00:00,9,3,0.0,3.5,2,0,73,09:22 PM,09:39 AM,07:11 AM,04:54 PM,4,-2,1,-2,30,100,89,0.1,1011,-2,10,196,11
2019-01-24 03:00:00,9,3,0.0,3.5,2,0,73,09:22 PM,09:39 AM,07:11 AM,04:54 PM,6,5,8,5,35,100,90,0.4,1007,7,10,197,14
2019-01-24 06:00:00,9,3,0.0,3.5,2,0,73,09:22 PM,09:39 AM,07:11 AM,04:54 PM,5,5,7,5,38,100,92,0.8,1003,6,9,192,8
2019-01-24 09:00:00,9,3,0.0,3.5,2,2,73,09:22 PM,09:39 AM,07:11 AM,04:54 PM,6,5,7,5,44,100,91,2.3,1001,6,9,192,8
2019-01-24 12:00:00,9,3,0.0,3.5,2,2,73,09:22 PM,09:39 AM,07:11 AM,04:54 PM,6,7,8,7,42,100,89,4.9,997,7,5,187,13
2019-01-24 15:00:00,9,3,0.0,3.5,2,2,73,09:22 PM,09:39 AM,07:11 AM,04:54 PM,6,7,8,7,46,97,89,3.0,994,7,3,223,18
2019-01-24 18:00:00,9,3,0.0,3.5,2,0,73,09:22 PM,09:39 AM,07:11 AM,04:54 PM,-0,0,3,0,36,66,79,5.1,1000,3,7,298,12
2019-01-24 21:00:00,9,3,0.0,3.5,2,0,73,09:22 PM,09:39 AM,07:11 AM,04:54 PM,-3,-3,1,-3,33,10,73,0.0,1003,0,10,295,13
2019-01-25 00:00:00,0,-4,0.0,7.0,2,0,66,10:32 PM,10:10 AM,07:10 AM,04:56 PM,-4,-5,-1,-5,29,3,80,0.0,1005,-2,10,292,12
2019-01-25 03:00:00,0,-4,0.0,7.0,2,0,66,10:32 PM,10:10 AM,07:10 AM,04:56 PM,-5,-5,-1,-5,19,9,78,0.0,1006,-2,10,287,9
2019-01-25 06:00:00,0,-4,0.0,7.0,2,0,66,10:32 PM,10:10 AM,07:10 AM,04:56 PM,-5,-6,-2,-6,14,21,79,0.0,1005,-3,10,257,10
2019-01-25 09:00:00,0,-4,0.0,7.0,2,2,66,10:32 PM,10:10 AM,07:10 AM,04:56 PM,-6,-5,-2,-5,14,11,74,0.0,1008,-3,10,232,8
2019-01-25 12:00:00,0,-4,0.0,7.0,2,1,66,10:32 PM,10:10 AM,07:10 AM,04:56 PM,-6,-2,1,-2,17,37,63,0.0,1007,0,10,254,10
2019-01-25 15:00:00,0,-4,0.0,7.0,2,1,66,10:32 PM,10:10 AM,07:10 AM,04:56 PM,-9,-5,-0,-5,19,86,54,0.0,1009,-1,10,263,13
2019-01-25 18:00:00,0,-4,0.0,7.0,2,0,66,10:32 PM,10:10 AM,07:10 AM,04:56 PM,-12,-10,-4,-10,19,68,52,0.1,1018,-5,10,273,14
2019-01-25 21:00:00,0,-4,0.0,7.0,2,0,66,10:32 PM,10:10 AM,07:10 AM,04:56 PM,-13,-11,-6,-11,15,3,57,0.0,1021,-7,10,286,9
2019-01-26 00:00:00,-5,-10,0.0,7.0,2,0,59,11:41 PM,10:40 AM,07:09 AM,04:57 PM,-14,-11,-7,-11,11,3,56,0.0,1021,-8,10,314,7
2019-01-26 03:00:00,-5,-10,0.0,7.0,2,0,59,11:41 PM,10:40 AM,07:09 AM,04:57 PM,-15,-11,-8,-11,5,11,59,0.0,1022,-9,10,283,5
2019-01-26 06:00:00,-5,-10,0.0,7.0,2,0,59,11:41 PM,10:40 AM,07:09 AM,04:57 PM,-14,-10,-8,-10,6,24,62,0.0,1024,-9,10,227,6
2019-01-26 09:00:00,-5,-10,0.0,7.0,2,1,59,11:41 PM,10:40 AM,07:09 AM,04:57 PM,-15,-10,-8,-10,12,57,57,0.0,1026,-9,10,253,6
2019-01-26 12:00:00,-5,-10,0.0,7.0,2,2,59,11:41 PM,10:40 AM,07:09 AM,04:57 PM,-16,-11,-6,-11,12,70,47,0.0,1027,-7,10,243,9
2019-01-26 15:00:00,-5,-10,0.0,7.0,2,2,59,11:41 PM,10:40 AM,07:09 AM,04:57 PM,-15,-8,-4,-8,13,48,44,0.0,1025,-5,10,241,10
2019-01-26 18:00:00,-5,-10,0.0,7.0,2,0,59,11:41 PM,10:40 AM,07:09 AM,04:57 PM,-14,-8,-5,-8,10,41,49,0.0,1023,-6,10,219,9
2019-01-26 21:00:00,-5,-10,0.0,7.0,2,0,59,11:41 PM,10:40 AM,07:09 AM,04:57 PM,-12,-8,-6,-8,5,21,63,0.0,1024,-7,10,136,6
2019-01-27 00:00:00,0,-9,0.0,3.6,2,0,51,No moonrise,11:11 AM,07:08 AM,04:58 PM,-10,-7,-7,-7,5,10,80,0.0,1025,-8,10,67,3
2019-01-27 03:00:00,0,-9,0.0,3.6,2,0,51,No moonrise,11:11 AM,07:08 AM,04:58 PM,-10,-8,-8,-8,6,10,83,0.0,1023,-9,10,102,4
2019-01-27 06:00:00,0,-9,0.0,3.6,2,0,51,No moonrise,11:11 AM,07:08 AM,04:58 PM,-11,-8,-8,-8,8,37,81,0.0,1021,-9,10,125,3
2019-01-27 09:00:00,0,-9,0.0,3.6,2,1,51,No moonrise,11:11 AM,07:08 AM,04:58 PM,-8,-7,-5,-7,16,79,77,0.0,1019,-6,10,147,7
2019-01-27 12:00:00,0,-9,0.0,3.6,2,1,51,No moonrise,11:11 AM,07:08 AM,04:58 PM,-5,-4,0,-4,27,84,68,0.0,1017,-1,10,176,15
2019-01-27 15:00:00,0,-9,0.0,3.6,2,1,51,No moonrise,11:11 AM,07:08 AM,04:58 PM,-5,-2,1,-2,28,93,69,0.1,1018,-0,10,197,10
2019-01-27 18:00:00,0,-9,0.0,3.6,2,0,51,No moonrise,11:11 AM,07:08 AM,04:58 PM,-4,-4,-1,-4,22,81,79,0.1,1016,-2,10,214,11
2019-01-27 21:00:00,0,-9,0.0,3.6,2,0,51,No moonrise,11:11 AM,07:08 AM,04:58 PM,-4,-6,-2,-6,19,58,86,0.0,1015,-3,10,239,9
2019-01-28 00:00:00,-3,-9,0.0,7.0,1,0,44,12:48 AM,11:42 AM,07:08 AM,05:00 PM,-7,-7,-3,-7,17,52,73,0.0,1017,-4,10,280,10
2019-01-28 03:00:00,-3,-9,0.0,7.0,1,0,44,12:48 AM,11:42 AM,07:08 AM,05:00 PM,-11,-9,-5,-9,19,91,60,0.0,1019,-6,10,325,12
2019-01-28 06:00:00,-3,-9,0.0,7.0,1,0,44,12:48 AM,11:42 AM,07:08 AM,05:00 PM,-14,-12,-8,-12,16,80,59,0.0,1020,-9,10,327,8
2019-01-28 09:00:00,-3,-9,0.0,7.0,1,1,44,12:48 AM,11:42 AM,07:08 AM,05:00 PM,-15,-11,-7,-11,13,78,52,0.0,1021,-8,10,337,8
2019-01-28 12:00:00,-3,-9,0.0,7.0,1,2,44,12:48 AM,11:42 AM,07:08 AM,05:00 PM,-15,-8,-4,-8,10,60,41,0.0,1020,-5,10,245,10
2019-01-28 15:00:00,-3,-9,0.0,7.0,1,2,44,12:48 AM,11:42 AM,07:08 AM,05:00 PM,-14,-5,-2,-5,8,22,40,0.0,1019,-3,10,32,5
2019-01-28 18:00:00,-3,-9,0.0,7.0,1,0,44,12:48 AM,11:42 AM,07:08 AM,05:00 PM,-14,-7,-4,-7,9,5,48,0.0,1019,-5,10,47,6
2019-01-28 21:00:00,-3,-9,0.0,7.0,1,0,44,12:48 AM,11:42 AM,07:08 AM,05:00 PM,-13,-10,-7,-10,10,12,60,0.0,1019,-8,10,37,7
2019-01-29 00:00:00,0,-9,1.1,3.7,2,0,37,01:52 AM,12:15 PM,07:07 AM,05:01 PM,-14,-11,-9,-11,8,6,71,0.0,1020,-10,10,31,6
2019-01-29 03:00:00,0,-9,1.1,3.7,2,0,37,01:52 AM,12:15 PM,07:07 AM,05:01 PM,-13,-11,-10,-11,6,21,82,0.0,1020,-11,10,38,5
2019-01-29 06:00:00,0,-9,1.1,3.7,2,0,37,01:52 AM,12:15 PM,07:07 AM,05:01 PM,-12,-12,-9,-12,8,67,81,0.0,1019,-10,10,65,6
2019-01-29 09:00:00,0,-9,1.1,3.7,2,1,37,01:52 AM,12:15 PM,07:07 AM,05:01 PM,-10,-7,-6,-7,12,100,73,0.0,1018,-7,10,115,10
2019-01-29 12:00:00,0,-9,1.1,3.7,2,1,37,01:52 AM,12:15 PM,07:07 AM,05:01 PM,-6,-5,-1,-5,15,100,69,0.0,1015,-2,10,128,14
2019-01-29 15:00:00,0,-9,1.1,3.7,2,1,37,01:52 AM,12:15 PM,07:07 AM,05:01 PM,-3,-3,1,-3,18,100,72,0.2,1012,0,7,133,14
2019-01-29 18:00:00,0,-9,1.1,3.7,2,0,37,01:52 AM,12:15 PM,07:07 AM,05:01 PM,-3,-3,1,-3,22,100,78,0.3,1011,-0,5,128,14
2019-01-29 21:00:00,0,-9,1.1,3.7,2,0,37,01:52 AM,12:15 PM,07:07 AM,05:01 PM,-2,-4,-1,-4,18,100,88,1.1,1009,-3,7,115,7
2019-01-30 00:00:00,-5,-8,2.0,8.7,1,0,30,02:54 AM,12:52 PM,07:06 AM,05:02 PM,-2,-6,-3,-6,10,100,89,2.3,1007,-5,5,153,6
2019-01-30 03:00:00,-5,-8,2.0,8.7,1,0,30,02:54 AM,12:52 PM,07:06 AM,05:02 PM,-5,-6,-2,-6,19,91,84,0.2,1006,-3,10,288,13
2019-01-30 06:00:00,-5,-8,2.0,8.7,1,0,30,02:54 AM,12:52 PM,07:06 AM,05:02 PM,-9,-9,-4,-9,29,51,67,0.3,1007,-5,9,301,16
2019-01-30 09:00:00,-5,-8,2.0,8.7,1,2,30,02:54 AM,12:52 PM,07:06 AM,05:02 PM,-12,-11,-5,-11,22,4,61,0.0,1007,-6,9,293,17
2019-01-30 12:00:00,-5,-8,2.0,8.7,1,2,30,02:54 AM,12:52 PM,07:06 AM,05:02 PM,-14,-13,-6,-13,18,4,55,0.0,1001,-7,10,264,24
2019-01-30 15:00:00,-5,-8,2.0,8.7,1,1,30,02:54 AM,12:52 PM,07:06 AM,05:02 PM,-18,-13,-6,-13,25,42,38,0.1,1009,-7,7,232,27
2019-01-30 18:00:00,-5,-8,2.0,8.7,1,0,30,02:54 AM,12:52 PM,07:06 AM,05:02 PM,-16,-11,-5,-11,32,69,45,0.2,1014,-6,5,255,29
2019-01-30 21:00:00,-5,-8,2.0,8.7,1,0,30,02:54 AM,12:52 PM,07:06 AM,05:02 PM,-21,-10,-7,-10,31,5,46,0.0,1017,-10,10,284,20
2019-01-31 00:00:00,-14,-20,0.0,8.7,2,0,26,03:53 AM,01:33 PM,07:05 AM,05:04 PM,-22,-16,-11,-16,24,1,52,0.0,1017,-14,10,284,13
2019-01-31 03:00:00,-14,-20,0.0,8.7,2,0,26,03:53 AM,01:33 PM,07:05 AM,05:04 PM,-23,-24,-17,-24,19,2,56,0.0,1020,-18,10,270,12
2019-01-31 06:00:00,-14,-20,0.0,8.7,2,0,26,03:53 AM,01:33 PM,07:05 AM,05:04 PM,-26,-27,-19,-27,18,5,55,0.0,1024,-20,10,258,14
2019-01-31 09:00:00,-14,-20,0.0,8.7,2,2,26,03:53 AM,01:33 PM,07:05 AM,05:04 PM,-26,-26,-18,-26,18,4,49,0.0,1025,-19,10,257,13
2019-01-31 12:00:00,-14,-20,0.0,8.7,2,2,26,03:53 AM,01:33 PM,07:05 AM,05:04 PM,-27,-24,-15,-24,17,4,36,0.0,1024,-16,10,261,18
2019-01-31 15:00:00,-14,-20,0.0,8.7,2,1,26,03:53 AM,01:33 PM,07:05 AM,05:04 PM,-25,-21,-13,-21,17,24,36,0.0,1023,-14,10,257,18
2019-01-31 18:00:00,-14,-20,0.0,8.7,2,0,26,03:53 AM,01:33 PM,07:05 AM,05:04 PM,-23,-22,-14,-22,16,43,47,0.0,1024,-15,10,256,15
2019-01-31 21:00:00,-14,-20,0.0,8.7,2,0,26,03:53 AM,01:33 PM,07:05 AM,05:04 PM,-23,-23,-15,-23,15,6,53,0.0,1025,-16,10,250,14
2019-02-01 00:00:00,-8,-19,0.0,8.7,2,0,8,04:48 AM,02:19 PM,07:04 AM,05:05 PM,-24,-23,-16,-23,15,9,52,0.0,1027,-17,10,244,12
2019-02-01 03:00:00,-8,-19,0.0,8.7,2,0,8,04:48 AM,02:19 PM,07:04 AM,05:05 PM,-23,-23,-17,-23,13,7,57,0.0,1029,-18,10,248,8
2019-02-01 06:00:00,-8,-19,0.0,8.7,2,0,8,04:48 AM,02:19 PM,07:04 AM,05:05 PM,-23,-22,-18,-22,9,6,62,0.0,1030,-19,10,250,5
2019-02-01 09:00:00,-8,-19,0.0,8.7,2,2,8,04:48 AM,02:19 PM,07:04 AM,05:05 PM,-23,-18,-16,-18,8,23,55,0.0,1028,-17,10,258,7
2019-02-01 12:00:00,-8,-19,0.0,8.7,2,1,8,04:48 AM,02:19 PM,07:04 AM,05:05 PM,-20,-17,-10,-17,10,52,42,0.0,1025,-11,10,275,14
2019-02-01 15:00:00,-8,-19,0.0,8.7,2,2,8,04:48 AM,02:19 PM,07:04 AM,05:05 PM,-18,-14,-7,-14,12,58,41,0.0,1025,-8,10,274,15
2019-02-01 18:00:00,-8,-19,0.0,8.7,2,0,8,04:48 AM,02:19 PM,07:04 AM,05:05 PM,-17,-15,-9,-15,11,32,52,0.0,1026,-10,10,280,12
2019-02-01 21:00:00,-8,-19,0.0,8.7,2,0,8,04:48 AM,02:19 PM,07:04 AM,05:05 PM,-17,-17,-12,-17,9,2,64,0.0,1028,-13,10,288,7
2019-02-02 00:00:00,-1,-17,0.0,8.7,2,0,1,05:38 AM,03:10 PM,07:03 AM,05:06 PM,-20,-19,-16,-19,8,7,69,0.0,1029,-17,10,283,5
2019-02-02 03:00:00,-1,-17,0.0,8.7,2,0,1,05:38 AM,03:10 PM,07:03 AM,05:06 PM,-21,-17,-17,-17,7,18,72,0.0,1028,-18,10,256,4
2019-02-02 06:00:00,-1,-17,0.0,8.7,2,0,1,05:38 AM,03:10 PM,07:03 AM,05:06 PM,-21,-17,-17,-17,7,14,70,0.0,1027,-18,10,224,4
2019-02-02 09:00:00,-1,-17,0.0,8.7,2,2,1,05:38 AM,03:10 PM,07:03 AM,05:06 PM,-18,-14,-12,-14,8,20,60,0.0,1026,-13,10,210,7
2019-02-02 12:00:00,-1,-17,0.0,8.7,2,2,1,05:38 AM,03:10 PM,07:03 AM,05:06 PM,-14,-7,-3,-7,11,25,43,0.0,1024,-4,10,214,12
2019-02-02 15:00:00,-1,-17,0.0,8.7,2,2,1,05:38 AM,03:10 PM,07:03 AM,05:06 PM,-13,-4,-0,-4,18,42,41,0.0,1022,-1,10,223,12
2019-02-02 18:00:00,-1,-17,0.0,8.7,2,0,1,05:38 AM,03:10 PM,07:03 AM,05:06 PM,-10,-5,-1,-5,21,38,54,0.0,1019,-2,10,221,10
2019-02-02 21:00:00,-1,-17,0.0,8.7,2,0,1,05:38 AM,03:10 PM,07:03 AM,05:06 PM,-7,-7,-4,-7,20,48,72,0.0,1017,-5,10,222,7
2019-02-03 00:00:00,3,-3,0.0,8.7,2,0,0,06:22 AM,04:04 PM,07:02 AM,05:07 PM,-7,-8,-7,-8,15,40,77,0.0,1020,-8,10,230,4
2019-02-03 03:00:00,3,-3,0.0,8.7,2,0,0,06:22 AM,04:04 PM,07:02 AM,05:07 PM,-8,-7,-7,-7,10,46,87,0.0,1021,-8,10,217,1
2019-02-03 06:00:00,3,-3,0.0,8.7,2,0,0,06:22 AM,04:04 PM,07:02 AM,05:07 PM,-7,-6,-6,-6,9,66,88,0.0,1020,-7,10,206,3
2019-02-03 09:00:00,3,-3,0.0,8.7,2,2,0,06:22 AM,04:04 PM,07:02 AM,05:07 PM,-5,-2,-2,-2,6,47,78,0.0,1021,-3,10,203,3
2019-02-03 12:00:00,3,-3,0.0,8.7,2,2,0,06:22 AM,04:04 PM,07:02 AM,05:07 PM,-3,0,1,0,6,21,75,0.0,1020,-0,10,196,5
2019-02-03 15:00:00,3,-3,0.0,8.7,2,2,0,06:22 AM,04:04 PM,07:02 AM,05:07 PM,-1,1,4,1,9,12,68,0.0,1019,3,10,183,8
2019-02-03 18:00:00,3,-3,0.0,8.7,2,0,0,06:22 AM,04:04 PM,07:02 AM,05:07 PM,-1,0,3,0,13,9,70,0.0,1019,2,10,180,8
2019-02-03 21:00:00,3,-3,0.0,8.7,2,0,0,06:22 AM,04:04 PM,07:02 AM,05:07 PM,-2,-1,2,-1,19,18,70,0.0,1019,1,10,192,9
2019-02-04 00:00:00,8,-2,0.0,8.7,1,0,0,07:01 AM,05:00 PM,07:00 AM,05:09 PM,-3,-3,-1,-3,19,21,85,0.0,1018,-2,7,194,8
2019-02-04 03:00:00,8,-2,0.0,8.7,1,0,0,07:01 AM,05:00 PM,07:00 AM,05:09 PM,-3,-2,-2,-2,15,28,96,0.0,1018,-3,2,194,6
2019-02-04 06:00:00,8,-2,0.0,8.7,1,0,0,07:01 AM,05:00 PM,07:00 AM,05:09 PM,-3,-2,-2,-2,14,30,93,0.0,1018,-3,2,195,6
2019-02-04 09:00:00,8,-2,0.0,8.7,1,2,0,07:01 AM,05:00 PM,07:00 AM,05:09 PM,-1,0,1,0,10,41,88,0.0,1019,-0,5,197,5
2019-02-04 12:00:00,8,-2,0.0,8.7,1,2,0,07:01 AM,05:00 PM,07:00 AM,05:09 PM,2,4,6,4,8,32,75,0.0,1018,5,10,189,5
2019-02-04 15:00:00,8,-2,0.0,8.7,1,3,0,07:01 AM,05:00 PM,07:00 AM,05:09 PM,2,7,8,7,9,20,69,0.0,1015,7,10,193,9
2019-02-04 18:00:00,8,-2,0.0,8.7,1,0,0,07:01 AM,05:00 PM,07:00 AM,05:09 PM,1,2,5,2,14,7,77,0.0,1014,4,7,185,12
2019-02-04 21:00:00,8,-2,0.0,8.7,1,0,0,07:01 AM,05:00 PM,07:00 AM,05:09 PM,2,1,4,1,13,6,86,0.0,1014,3,8,188,10
2019-02-05 00:00:00,9,2,0.0,5.5,2,0,0,07:36 AM,05:58 PM,06:59 AM,05:10 PM,1,-1,2,-1,13,9,91,0.0,1015,1,19,187,8
2019-02-05 03:00:00,9,2,0.0,5.5,2,0,0,07:36 AM,05:58 PM,06:59 AM,05:10 PM,0,-1,1,-1,15,17,93,0.0,1013,1,16,193,7
2019-02-05 06:00:00,9,2,0.0,5.5,2,0,0,07:36 AM,05:58 PM,06:59 AM,05:10 PM,1,0,2,0,16,36,91,0.0,1012,2,10,199,5
2019-02-05 09:00:00,9,2,0.0,5.5,2,1,0,07:36 AM,05:58 PM,06:59 AM,05:10 PM,2,2,4,2,13,87,87,0.1,1012,3,10,200,6
2019-02-05 12:00:00,9,2,0.0,5.5,2,3,0,07:36 AM,05:58 PM,06:59 AM,05:10 PM,4,6,7,6,11,72,80,0.3,1013,7,9,229,8
2019-02-05 15:00:00,9,2,0.0,5.5,2,3,0,07:36 AM,05:58 PM,06:59 AM,05:10 PM,3,8,9,8,15,45,68,0.0,1013,9,10,290,12
2019-02-05 18:00:00,9,2,0.0,5.5,2,0,0,07:36 AM,05:58 PM,06:59 AM,05:10 PM,-1,5,8,5,19,8,62,0.0,1015,7,10,305,15
2019-02-05 21:00:00,9,2,0.0,5.5,2,0,0,07:36 AM,05:58 PM,06:59 AM,05:10 PM,-3,5,8,5,19,3,70,0.0,1018,5,10,302,13
2019-02-06 00:00:00,7,-3,0.0,8.7,2,0,7,08:06 AM,06:57 PM,06:58 AM,05:11 PM,-4,1,5,1,12,5,77,0.0,1017,2,10,305,14
2019-02-06 03:00:00,7,-3,0.0,8.7,2,0,7,08:06 AM,06:57 PM,06:58 AM,05:11 PM,-4,-5,-1,-5,9,5,83,0.0,1018,-2,10,332,12
2019-02-06 06:00:00,7,-3,0.0,8.7,2,0,7,08:06 AM,06:57 PM,06:58 AM,05:11 PM,-4,-5,-2,-5,10,21,83,0.0,1022,-3,10,350,5
2019-02-06 09:00:00,7,-3,0.0,8.7,2,2,7,08:06 AM,06:57 PM,06:58 AM,05:11 PM,-7,-4,-2,-4,9,35,68,0.0,1025,-3,10,236,5
2019-02-06 12:00:00,7,-3,0.0,8.7,2,2,7,08:06 AM,06:57 PM,06:58 AM,05:11 PM,-6,1,2,1,6,5,55,0.0,1024,1,10,47,5
2019-02-06 15:00:00,7,-3,0.0,8.7,2,2,7,08:06 AM,06:57 PM,06:58 AM,05:11 PM,-4,2,4,2,8,15,56,0.0,1023,3,10,119,6
2019-02-06 18:00:00,7,-3,0.0,8.7,2,0,7,08:06 AM,06:57 PM,06:58 AM,05:11 PM,-5,2,4,2,10,51,62,0.0,1024,3,10,136,6
2019-02-06 21:00:00,7,-3,0.0,8.7,2,0,7,08:06 AM,06:57 PM,06:58 AM,05:11 PM,-10,1,3,1,13,93,60,0.5,1025,1,10,144,6
2019-02-07 00:00:00,4,1,0.0,4.0,1,0,14,08:34 AM,07:56 PM,06:57 AM,05:13 PM,-8,-1,0,-1,13,100,69,1.2,1025,-2,7,128,5
2019-02-07 03:00:00,4,1,0.0,4.0,1,0,14,08:34 AM,07:56 PM,06:57 AM,05:13 PM,-5,-2,-2,-2,14,100,83,1.1,1024,-3,4,109,4
2019-02-07 06:00:00,4,1,0.0,4.0,1,0,14,08:34 AM,07:56 PM,06:57 AM,05:13 PM,-4,-2,-2,-2,12,100,85,1.8,1023,-3,5,83,6
2019-02-07 09:00:00,4,1,0.0,4.0,1,1,14,08:34 AM,07:56 PM,06:57 AM,05:13 PM,-3,-2,0,-2,12,100,81,0.4,1024,-1,2,61,5
2019-02-07 12:00:00,4,1,0.0,4.0,1,1,14,08:34 AM,07:56 PM,06:57 AM,05:13 PM,0,1,3,1,13,100,83,0.1,1022,2,5,58,6
2019-02-07 15:00:00,4,1,0.0,4.0,1,1,14,08:34 AM,07:56 PM,06:57 AM,05:13 PM,3,2,4,2,12,100,91,0.0,1019,3,10,58,6
2019-02-07 18:00:00,4,1,0.0,4.0,1,0,14,08:34 AM,07:56 PM,06:57 AM,05:13 PM,3,2,4,2,13,100,92,0.1,1018,3,7,59,6
2019-02-07 21:00:00,4,1,0.0,4.0,1,0,14,08:34 AM,07:56 PM,06:57 AM,05:13 PM,3,2,3,2,13,100,98,0.3,1017,2,4,61,4
2019-02-08 00:00:00,15,6,0.0,5.5,3,0,22,09:00 AM,08:55 PM,06:56 AM,05:14 PM,2,3,3,3,9,100,97,0.6,1015,2,6,58,4
2019-02-08 03:00:00,15,6,0.0,5.5,3,0,22,09:00 AM,08:55 PM,06:56 AM,05:14 PM,3,3,3,3,6,100,100,0.4,1013,2,3,100,5
2019-02-08 06:00:00,15,6,0.0,5.5,3,0,22,09:00 AM,08:55 PM,06:56 AM,05:14 PM,3,2,3,2,15,100,97,0.7,1011,2,6,159,5
2019-02-08 09:00:00,15,6,0.0,5.5,3,1,22,09:00 AM,08:55 PM,06:56 AM,05:14 PM,3,1,4,1,22,100,89,0.4,1010,4,3,193,13
2019-02-08 12:00:00,15,6,0.0,5.5,3,2,22,09:00 AM,08:55 PM,06:56 AM,05:14 PM,3,4,7,4,26,93,76,0.8,1009,7,9,222,23
2019-02-08 15:00:00,15,6,0.0,5.5,3,3,22,09:00 AM,08:55 PM,06:56 AM,05:14 PM,-2,2,7,2,28,55,56,0.1,1012,6,10,250,30
2019-02-08 18:00:00,15,6,0.0,5.5,3,0,22,09:00 AM,08:55 PM,06:56 AM,05:14 PM,-7,-3,3,-3,26,8,49,0.0,1016,2,10,258,30
2019-02-08 21:00:00,15,6,0.0,5.5,3,0,22,09:00 AM,08:55 PM,06:56 AM,05:14 PM,-11,-8,-1,-8,25,11,47,0.0,1019,-2,13,273,26
2019-02-09 00:00:00,-3,-7,0.0,8.7,2,0,29,09:25 AM,09:54 PM,06:54 AM,05:15 PM,-13,-10,-4,-10,25,4,47,0.0,1021,-5,19,275,22
2019-02-09 03:00:00,-3,-7,0.0,8.7,2,0,29,09:25 AM,09:54 PM,06:54 AM,05:15 PM,-14,-13,-5,-13,28,4,47,0.0,1025,-6,19,278,28
2019-02-09 06:00:00,-3,-7,0.0,8.7,2,0,29,09:25 AM,09:54 PM,06:54 AM,05:15 PM,-15,-14,-6,-14,32,19,50,0.0,1027,-7,19,284,30
2019-02-09 09:00:00,-3,-7,0.0,8.7,2,2,29,09:25 AM,09:54 PM,06:54 AM,05:15 PM,-17,-14,-6,-14,33,34,43,0.0,1031,-7,19,291,28
2019-02-09 12:00:00,-3,-7,0.0,8.7,2,2,29,09:25 AM,09:54 PM,06:54 AM,05:15 PM,-19,-11,-5,-11,36,11,31,0.0,1033,-6,20,299,20
2019-02-09 15:00:00,-3,-7,0.0,8.7,2,2,29,09:25 AM,09:54 PM,06:54 AM,05:15 PM,-17,-9,-3,-9,32,3,34,0.0,1033,-4,20,304,18
2019-02-09 18:00:00,-3,-7,0.0,8.7,2,0,29,09:25 AM,09:54 PM,06:54 AM,05:15 PM,-18,-11,-5,-11,22,0,35,0.0,1035,-6,20,307,18
2019-02-09 21:00:00,-3,-7,0.0,8.7,2,0,29,09:25 AM,09:54 PM,06:54 AM,05:15 PM,-20,-14,-7,-14,18,1,35,0.0,1037,-8,20,303,14
2019-02-10 00:00:00,1,-8,0.0,8.7,2,0,37,09:51 AM,10:55 PM,06:53 AM,05:17 PM,-19,-14,-8,-14,17,3,40,0.0,1038,-9,20,301,9
2019-02-10 03:00:00,1,-8,0.0,8.7,2,0,37,09:51 AM,10:55 PM,06:53 AM,05:17 PM,-17,-12,-9,-12,13,5,51,0.0,1038,-10,10,301,7
2019-02-10 06:00:00,1,-8,0.0,8.7,2,0,37,09:51 AM,10:55 PM,06:53 AM,05:17 PM,-13,-11,-8,-11,10,8,61,0.0,1037,-9,10,294,9
2019-02-10 09:00:00,1,-8,0.0,8.7,2,2,37,09:51 AM,10:55 PM,06:53 AM,05:17 PM,-12,-10,-5,-10,12,14,58,0.0,1036,-6,10,285,11
2019-02-10 12:00:00,1,-8,0.0,8.7,2,2,37,09:51 AM,10:55 PM,06:53 AM,05:17 PM,-13,-5,-1,-5,14,10,41,0.0,1034,-2,13,292,12
2019-02-10 15:00:00,1,-8,0.0,8.7,2,2,37,09:51 AM,10:55 PM,06:53 AM,05:17 PM,-14,-1,2,-1,14,18,31,0.0,1030,1,20,287,11
2019-02-10 18:00:00,1,-8,0.0,8.7,2,0,37,09:51 AM,10:55 PM,06:53 AM,05:17 PM,-15,-2,2,-2,12,42,35,0.0,1031,0,20,291,12
2019-02-10 21:00:00,1,-8,0.0,8.7,2,0,37,09:51 AM,10:55 PM,06:53 AM,05:17 PM,-16,-3,1,-3,9,62,46,0.0,1036,-3,17,292,6
2019-02-11 00:00:00,2,-4,0.0,5.6,1,0,44,10:18 AM,11:58 PM,06:52 AM,05:18 PM,-13,-4,-2,-4,7,86,55,0.0,1032,-5,10,284,5
2019-02-11 03:00:00,2,-4,0.0,5.6,1,0,44,10:18 AM,11:58 PM,06:52 AM,05:18 PM,-9,-4,-4,-4,4,75,66,0.0,1027,-5,10,198,4
2019-02-11 06:00:00,2,-4,0.0,5.6,1,0,44,10:18 AM,11:58 PM,06:52 AM,05:18 PM,-10,-5,-4,-5,3,78,69,0.0,1027,-5,10,29,3
2019-02-11 09:00:00,2,-4,0.0,5.6,1,1,44,10:18 AM,11:58 PM,06:52 AM,05:18 PM,-9,-5,-2,-5,6,91,63,0.0,1025,-3,10,61,6
2019-02-11 12:00:00,2,-4,0.0,5.6,1,2,44,10:18 AM,11:58 PM,06:52 AM,05:18 PM,-8,-2,1,-2,6,82,52,0.0,1023,0,13,61,9
2019-02-11 15:00:00,2,-4,0.0,5.6,1,2,44,10:18 AM,11:58 PM,06:52 AM,05:18 PM,-8,-1,2,-1,7,35,47,0.0,1026,1,20,33,10
2019-02-11 18:00:00,2,-4,0.0,5.6,1,0,44,10:18 AM,11:58 PM,06:52 AM,05:18 PM,-11,-5,-1,-5,9,14,49,0.0,1028,-2,20,35,6
2019-02-11 21:00:00,2,-4,0.0,5.6,1,0,44,10:18 AM,11:58 PM,06:52 AM,05:18 PM,-14,-9,-5,-9,13,9,48,0.0,1030,-6,17,31,9
2019-02-12 00:00:00,-4,-10,2.0,4.0,2,0,52,10:49 AM,No moonset,06:51 AM,05:19 PM,-15,-12,-7,-12,12,9,52,0.0,1031,-8,10,29,9
2019-02-12 03:00:00,-4,-10,2.0,4.0,2,0,52,10:49 AM,No moonset,06:51 AM,05:19 PM,-16,-14,-9,-14,12,25,52,0.0,1032,-10,10,34,9
2019-02-12 06:00:00,-4,-10,2.0,4.0,2,0,52,10:49 AM,No moonset,06:51 AM,05:19 PM,-17,-15,-10,-15,11,54,53,0.0,1032,-11,10,47,9
2019-02-12 09:00:00,-4,-10,2.0,4.0,2,1,52,10:49 AM,No moonset,06:51 AM,05:19 PM,-16,-12,-8,-12,12,73,49,0.0,1031,-9,10,73,9
2019-02-12 12:00:00,-4,-10,2.0,4.0,2,1,52,10:49 AM,No moonset,06:51 AM,05:19 PM,-13,-9,-5,-9,12,85,51,0.1,1029,-6,8,89,12
2019-02-12 15:00:00,-4,-10,2.0,4.0,2,1,52,10:49 AM,No moonset,06:51 AM,05:19 PM,-9,-9,-4,-9,15,100,68,2.3,1025,-5,6,87,14
2019-02-12 18:00:00,-4,-10,2.0,4.0,2,0,52,10:49 AM,No moonset,06:51 AM,05:19 PM,-5,-8,-3,-8,21,100,80,4.3,1020,-4,10,78,15
2019-02-12 21:00:00,-4,-10,2.0,4.0,2,0,52,10:49 AM,No moonset,06:51 AM,05:19 PM,-3,-9,-4,-9,24,100,87,1.8,1015,-6,8,85,17
2019-02-13 00:00:00,5,1,0.1,7.1,1,0,60,11:25 AM,01:02 AM,06:49 AM,05:20 PM,-1,-7,-4,-7,15,100,88,3.7,1009,-6,2,83,16
2019-02-13 03:00:00,5,1,0.1,7.1,1,0,60,11:25 AM,01:02 AM,06:49 AM,05:20 PM,-1,-3,0,-3,15,100,92,2.3,1001,-1,2,58,12
2019-02-13 06:00:00,5,1,0.1,7.1,1,0,60,11:25 AM,01:02 AM,06:49 AM,05:20 PM,0,-2,1,-2,9,100,93,4.6,996,1,7,93,10
2019-02-13 09:00:00,5,1,0.1,7.1,1,2,60,11:25 AM,01:02 AM,06:49 AM,05:20 PM,1,0,3,0,14,69,85,0.0,995,2,8,265,12
2019-02-13 12:00:00,5,1,0.1,7.1,1,2,60,11:25 AM,01:02 AM,06:49 AM,05:20 PM,-1,2,5,2,27,18,67,0.0,997,5,10,264,16
2019-02-13 15:00:00,5,1,0.1,7.1,1,1,60,11:25 AM,01:02 AM,06:49 AM,05:20 PM,-2,2,6,2,23,54,58,0.1,1000,5,12,254,18
2019-02-13 18:00:00,5,1,0.1,7.1,1,0,60,11:25 AM,01:02 AM,06:49 AM,05:20 PM,-4,1,4,1,20,64,57,0.1,1004,3,15,248,15
2019-02-13 21:00:00,5,1,0.1,7.1,1,0,60,11:25 AM,01:02 AM,06:49 AM,05:20 PM,-7,-2,2,-2,22,30,62,0.0,1007,-0,13,254,15
2019-02-14 00:00:00,3,-3,0.0,7.1,2,0,67,12:06 PM,02:08 AM,06:48 AM,05:22 PM,-7,-7,-2,-7,21,33,67,0.0,1010,-3,10,253,16
2019-02-14 03:00:00,3,-3,0.0,7.1,2,0,67,12:06 PM,02:08 AM,06:48 AM,05:22 PM,-8,-8,-3,-8,23,37,69,0.0,1012,-4,10,240,15
2019-02-14 06:00:00,3,-3,0.0,7.1,2,0,67,12:06 PM,02:08 AM,06:48 AM,05:22 PM,-9,-8,-3,-8,22,54,67,0.0,1013,-4,10,243,15
2019-02-14 09:00:00,3,-3,0.0,7.1,2,2,67,12:06 PM,02:08 AM,06:48 AM,05:22 PM,-8,-6,-1,-6,18,81,61,0.0,1013,-2,13,259,16
2019-02-14 12:00:00,3,-3,0.0,7.1,2,2,67,12:06 PM,02:08 AM,06:48 AM,05:22 PM,-5,-1,3,-1,20,39,57,0.0,1012,2,16,281,13
2019-02-14 15:00:00,3,-3,0.0,7.1,2,2,67,12:06 PM,02:08 AM,06:48 AM,05:22 PM,-4,0,4,0,14,22,56,0.0,1011,3,13,277,14
2019-02-14 18:00:00,3,-3,0.0,7.1,2,0,67,12:06 PM,02:08 AM,06:48 AM,05:22 PM,-4,-1,2,-1,9,23,63,0.0,1013,1,20,246,12
2019-02-14 21:00:00,3,-3,0.0,7.1,2,0,67,12:06 PM,02:08 AM,06:48 AM,05:22 PM,-5,-3,-1,-3,9,32,71,0.0,1014,-2,17,180,7
2019-02-15 00:00:00,8,0,0.0,4.0,3,0,75,12:57 PM,03:15 AM,06:47 AM,05:23 PM,-6,-4,-3,-4,10,50,78,0.0,1016,-4,10,158,5
2019-02-15 03:00:00,8,0,0.0,4.0,3,0,75,12:57 PM,03:15 AM,06:47 AM,05:23 PM,-5,-3,-3,-3,13,60,82,0.0,1016,-4,10,143,5
2019-02-15 06:00:00,8,0,0.0,4.0,3,0,75,12:57 PM,03:15 AM,06:47 AM,05:23 PM,-1,-2,0,-2,17,78,88,0.0,1012,-1,10,143,6
2019-02-15 09:00:00,8,0,0.0,4.0,3,1,75,12:57 PM,03:15 AM,06:47 AM,05:23 PM,1,0,3,0,16,79,88,0.3,1009,2,10,155,8
2019-02-15 12:00:00,8,0,0.0,4.0,3,2,75,12:57 PM,03:15 AM,06:47 AM,05:23 PM,3,5,7,5,17,83,77,0.7,1007,6,11,166,13
2019-02-15 15:00:00,8,0,0.0,4.0,3,2,75,12:57 PM,03:15 AM,06:47 AM,05:23 PM,4,8,9,8,24,86,74,0.3,1004,8,10,188,18
2019-02-15 18:00:00,8,0,0.0,4.0,3,0,75,12:57 PM,03:15 AM,06:47 AM,05:23 PM,3,4,7,4,24,89,79,0.7,1007,6,11,192,17
2019-02-15 21:00:00,8,0,0.0,4.0,3,0,75,12:57 PM,03:15 AM,06:47 AM,05:23 PM,2,1,5,1,20,94,79,0.1,1012,4,12,229,16
2019-02-16 00:00:00,2,-2,0.0,8.7,2,0,82,01:57 PM,04:19 AM,06:45 AM,05:24 PM,-1,-0,3,-0,20,59,78,0.3,1007,2,9,309,10
2019-02-16 03:00:00,2,-2,0.0,8.7,2,0,82,01:57 PM,04:19 AM,06:45 AM,05:24 PM,-5,-4,-0,-4,18,23,73,0.0,1009,-1,10,314,11
2019-02-16 06:00:00,2,-2,0.0,8.7,2,0,82,01:57 PM,04:19 AM,06:45 AM,05:24 PM,-6,-6,-2,-6,15,32,77,0.0,1009,-3,13,310,8
2019-02-16 09:00:00,2,-2,0.0,8.7,2,2,82,01:57 PM,04:19 AM,06:45 AM,05:24 PM,-3,-4,0,-4,15,4,79,0.0,1009,-1,16,308,9
2019-02-16 12:00:00,2,-2,0.0,8.7,2,2,82,01:57 PM,04:19 AM,06:45 AM,05:24 PM,-4,-1,2,-1,19,4,66,0.0,1011,2,13,306,10
2019-02-16 15:00:00,2,-2,0.0,8.7,2,2,82,01:57 PM,04:19 AM,06:45 AM,05:24 PM,-5,-1,3,-1,20,1,60,0.0,1010,2,19,306,13
2019-02-16 18:00:00,2,-2,0.0,8.7,2,0,82,01:57 PM,04:19 AM,06:45 AM,05:24 PM,-6,-3,1,-3,21,1,63,0.0,1011,-0,20,312,15
2019-02-16 21:00:00,2,-2,0.0,8.7,2,0,82,01:57 PM,04:19 AM,06:45 AM,05:24 PM,-8,-7,-3,-7,18,9,65,0.0,1014,-4,17,319,12
2019-02-17 00:00:00,0,-9,0.0,8.7,2,0,90,03:06 PM,05:17 AM,06:44 AM,05:26 PM,-10,-9,-5,-9,16,15,66,0.0,1016,-6,10,325,9
2019-02-17 03:00:00,0,-9,0.0,8.7,2,0,90,03:06 PM,05:17 AM,06:44 AM,05:26 PM,-11,-11,-7,-11,7,1,71,0.0,1019,-8,10,332,6
2019-02-17 06:00:00,0,-9,0.0,8.7,2,0,90,03:06 PM,05:17 AM,06:44 AM,05:26 PM,-12,-11,-8,-11,5,0,73,0.0,1020,-9,10,340,5
2019-02-17 09:00:00,0,-9,0.0,8.7,2,2,90,03:06 PM,05:17 AM,06:44 AM,05:26 PM,-12,-8,-6,-8,5,0,66,0.0,1021,-7,13,234,5
2019-02-17 12:00:00,0,-9,0.0,8.7,2,2,90,03:06 PM,05:17 AM,06:44 AM,05:26 PM,-11,-2,-2,-2,5,3,48,0.0,1020,-3,20,52,4
2019-02-17 15:00:00,0,-9,0.0,8.7,2,2,90,03:06 PM,05:17 AM,06:44 AM,05:26 PM,-10,0,1,0,5,11,43,0.0,1016,0,20,147,6
2019-02-17 18:00:00,0,-9,0.0,8.7,2,0,90,03:06 PM,05:17 AM,06:44 AM,05:26 PM,-9,-3,0,-3,7,14,52,0.0,1014,-1,20,160,12
2019-02-17 21:00:00,0,-9,0.0,8.7,2,0,90,03:06 PM,05:17 AM,06:44 AM,05:26 PM,-8,-6,-2,-6,9,33,65,0.0,1012,-3,17,154,8
2019-02-18 00:00:00,-1,-5,1.0,4.1,1,0,97,04:21 PM,06:09 AM,06:42 AM,05:27 PM,-7,-6,-3,-6,10,83,71,0.0,1014,-4,10,163,7
2019-02-18 03:00:00,-1,-5,1.0,4.1,1,0,97,04:21 PM,06:09 AM,06:42 AM,05:27 PM,-8,-7,-4,-7,12,100,72,1.1,1013,-5,7,139,7
2019-02-18 06:00:00,-1,-5,1.0,4.1,1,0,97,04:21 PM,06:09 AM,06:42 AM,05:27 PM,-9,-7,-4,-7,12,100,68,2.1,1015,-5,5,115,6
2019-02-18 09:00:00,-1,-5,1.0,4.1,1,1,97,04:21 PM,06:09 AM,06:42 AM,05:27 PM,-9,-7,-3,-7,9,100,65,0.1,1014,-4,7,103,8
2019-02-18 12:00:00,-1,-5,1.0,4.1,1,1,97,04:21 PM,06:09 AM,06:42 AM,05:27 PM,-7,-5,-1,-5,8,100,65,0.3,1013,-2,5,149,10
2019-02-18 15:00:00,-1,-5,1.0,4.1,1,1,97,04:21 PM,06:09 AM,06:42 AM,05:27 PM,-6,-4,-0,-4,15,90,68,0.0,1013,-1,10,251,10
2019-02-18 18:00:00,-1,-5,1.0,4.1,1,0,97,04:21 PM,06:09 AM,06:42 AM,05:27 PM,-9,-6,-2,-6,28,52,57,0.1,1020,-3,11,313,12
2019-02-18 21:00:00,-1,-5,1.0,4.1,1,0,97,04:21 PM,06:09 AM,06:42 AM,05:27 PM,-9,-9,-4,-9,23,11,66,0.0,1022,-5,14,319,12
2019-02-19 00:00:00,-3,-12,0.0,8.7,2,0,100,05:38 PM,06:53 AM,06:41 AM,05:28 PM,-11,-13,-7,-13,23,2,70,0.0,1024,-8,10,316,12
2019-02-19 03:00:00,-3,-12,0.0,8.7,2,0,100,05:38 PM,06:53 AM,06:41 AM,05:28 PM,-15,-15,-10,-15,23,0,67,0.0,1027,-11,10,315,10
2019-02-19 06:00:00,-3,-12,0.0,8.7,2,0,100,05:38 PM,06:53 AM,06:41 AM,05:28 PM,-16,-16,-11,-16,18,0,64,0.0,1030,-12,10,319,9
2019-02-19 09:00:00,-3,-12,0.0,8.7,2,2,100,05:38 PM,06:53 AM,06:41 AM,05:28 PM,-16,-14,-9,-14,14,5,59,0.0,1031,-10,10,320,11
2019-02-19 12:00:00,-3,-12,0.0,8.7,2,2,100,05:38 PM,06:53 AM,06:41 AM,05:28 PM,-15,-10,-5,-10,17,15,44,0.0,1031,-6,10,314,13
2019-02-19 15:00:00,-3,-12,0.0,8.7,2,2,100,05:38 PM,06:53 AM,06:41 AM,05:28 PM,-15,-7,-2,-7,18,13,40,0.0,1030,-3,10,305,14
2019-02-19 18:00:00,-3,-12,0.0,8.7,2,0,100,05:38 PM,06:53 AM,06:41 AM,05:28 PM,-14,-9,-4,-9,18,12,46,0.0,1032,-5,10,300,12
2019-02-19 21:00:00,-3,-12,0.0,8.7,2,0,100,05:38 PM,06:53 AM,06:41 AM,05:28 PM,-15,-12,-7,-12,15,23,55,0.0,1033,-8,10,294,9
2019-02-20 00:00:00,-1,-12,0.2,5.6,1,0,88,06:55 PM,07:32 AM,06:39 AM,05:29 PM,-15,-12,-9,-12,11,58,60,0.0,1035,-10,10,296,7
2019-02-20 03:00:00,-1,-12,0.2,5.6,1,0,88,06:55 PM,07:32 AM,06:39 AM,05:29 PM,-16,-11,-11,-11,6,97,65,0.0,1036,-12,10,285,4
2019-02-20 06:00:00,-1,-12,0.2,5.6,1,0,88,06:55 PM,07:32 AM,06:39 AM,05:29 PM,-15,-11,-11,-11,3,67,71,0.0,1037,-12,10,236,2
2019-02-20 09:00:00,-1,-12,0.2,5.6,1,2,88,06:55 PM,07:32 AM,06:39 AM,05:29 PM,-13,-8,-7,-8,2,23,64,0.0,1034,-8,10,189,3
2019-02-20 12:00:00,-1,-12,0.2,5.6,1,1,88,06:55 PM,07:32 AM,06:39 AM,05:29 PM,-11,-5,-2,-5,6,65,49,0.0,1030,-3,10,163,8
2019-02-20 15:00:00,-1,-12,0.2,5.6,1,1,88,06:55 PM,07:32 AM,06:39 AM,05:29 PM,-9,-5,-1,-5,13,79,54,0.0,1029,-2,10,187,9
2019-02-20 18:00:00,-1,-12,0.2,5.6,1,0,88,06:55 PM,07:32 AM,06:39 AM,05:29 PM,-7,-5,-1,-5,15,83,65,0.0,1024,-2,10,186,10
2019-02-20 21:00:00,-1,-12,0.2,5.6,1,0,88,06:55 PM,07:32 AM,06:39 AM,05:29 PM,-9,-7,-3,-7,13,100,66,0.2,1025,-4,7,154,10
2019-02-21 00:00:00,7,-5,0.0,7.2,1,0,80,08:10 PM,08:06 AM,06:38 AM,05:31 PM,-7,-7,-4,-7,13,100,81,0.5,1019,-5,5,146,9
2019-02-21 03:00:00,7,-5,0.0,7.2,1,0,80,08:10 PM,08:06 AM,06:38 AM,05:31 PM,-4,-4,-3,-4,13,100,95,0.2,1016,-4,7,155,7
2019-02-21 06:00:00,7,-5,0.0,7.2,1,0,80,08:10 PM,08:06 AM,06:38 AM,05:31 PM,-3,-4,-2,-4,10,99,92,0.3,1012,-3,2,173,6
2019-02-21 09:00:00,7,-5,0.0,7.2,1,1,80,08:10 PM,08:06 AM,06:38 AM,05:31 PM,-2,-1,0,-1,10,88,85,0.0,1011,-1,5,209,8
2019-02-21 12:00:00,7,-5,0.0,7.2,1,2,80,08:10 PM,08:06 AM,06:38 AM,05:31 PM,-1,2,5,2,18,48,71,0.0,1011,4,10,278,13
2019-02-21 15:00:00,7,-5,0.0,7.2,1,3,80,08:10 PM,08:06 AM,06:38 AM,05:31 PM,0,4,7,4,23,7,63,0.0,1011,7,10,297,15
2019-02-21 18:00:00,7,-5,0.0,7.2,1,0,80,08:10 PM,08:06 AM,06:38 AM,05:31 PM,-1,2,5,2,22,7,66,0.0,1013,4,10,297,14
2019-02-21 21:00:00,7,-5,0.0,7.2,1,0,80,08:10 PM,08:06 AM,06:38 AM,05:31 PM,-4,-1,2,-1,23,13,65,0.0,1017,2,10,296,14
2019-02-22 00:00:00,4,-4,0.0,8.7,2,0,73,09:23 PM,08:38 AM,06:36 AM,05:32 PM,-4,-2,1,-2,21,23,72,0.0,1019,0,10,295,9
2019-02-22 03:00:00,4,-4,0.0,8.7,2,0,73,09:23 PM,08:38 AM,06:36 AM,05:32 PM,-6,-4,-0,-4,17,12,72,0.0,1021,-1,10,292,9
2019-02-22 06:00:00,4,-4,0.0,8.7,2,0,73,09:23 PM,08:38 AM,06:36 AM,05:32 PM,-7,-7,-3,-7,16,10,78,0.0,1024,-4,10,289,7
2019-02-22 09:00:00,4,-4,0.0,8.7,2,1,73,09:23 PM,08:38 AM,06:36 AM,05:32 PM,-6,-5,-1,-5,16,26,75,0.0,1027,-2,10,298,10
2019-02-22 12:00:00,4,-4,0.0,8.7,2,2,73,09:23 PM,08:38 AM,06:36 AM,05:32 PM,-4,0,3,0,15,50,60,0.0,1027,3,10,316,13
2019-02-22 15:00:00,4,-4,0.0,8.7,2,2,73,09:23 PM,08:38 AM,06:36 AM,05:32 PM,-5,2,5,2,14,19,51,0.0,1027,4,10,312,9
2019-02-22 18:00:00,4,-4,0.0,8.7,2,0,73,09:23 PM,08:38 AM,06:36 AM,05:32 PM,-5,0,3,0,15,35,61,0.0,1028,2,10,309,9
2019-02-22 21:00:00,4,-4,0.0,8.7,2,0,73,09:23 PM,08:38 AM,06:36 AM,05:32 PM,-6,-2,1,-2,15,28,73,0.0,1030,-2,13,317,7
2019-02-23 00:00:00,3,-8,0.0,8.7,2,0,65,10:33 PM,09:09 AM,06:35 AM,05:33 PM,-7,-4,-4,-4,7,0,78,0.0,1033,-5,20,334,5
2019-02-23 03:00:00,3,-8,0.0,8.7,2,0,65,10:33 PM,09:09 AM,06:35 AM,05:33 PM,-9,-6,-6,-6,6,6,81,0.0,1033,-7,20,239,4
2019-02-23 06:00:00,3,-8,0.0,8.7,2,0,65,10:33 PM,09:09 AM,06:35 AM,05:33 PM,-10,-7,-7,-7,6,14,82,0.0,1033,-8,20,15,3
2019-02-23 09:00:00,3,-8,0.0,8.7,2,2,65,10:33 PM,09:09 AM,06:35 AM,05:33 PM,-8,-4,-4,-4,4,4,74,0.0,1033,-5,20,54,4
2019-02-23 12:00:00,3,-8,0.0,8.7,2,1,65,10:33 PM,09:09 AM,06:35 AM,05:33 PM,-5,1,2,1,5,27,57,0.0,1030,1,20,128,9
2019-02-23 15:00:00,3,-8,0.0,8.7,2,2,65,10:33 PM,09:09 AM,06:35 AM,05:33 PM,-4,2,4,2,8,51,56,0.0,1027,3,20,172,10
2019-02-23 18:00:00,3,-8,0.0,8.7,2,0,65,10:33 PM,09:09 AM,06:35 AM,05:33 PM,-4,1,4,1,10,32,63,0.0,1026,2,20,169,9
2019-02-23 21:00:00,3,-8,0.0,8.7,2,0,65,10:33 PM,09:09 AM,06:35 AM,05:33 PM,-4,-1,2,-1,11,62,75,0.0,1026,-0,20,161,7
2019-02-24 00:00:00,7,-1,0.0,4.1,1,0,57,11:41 PM,09:41 AM,06:33 AM,05:34 PM,-3,-3,0,-3,8,40,80,0.0,1021,-1,19,139,7
2019-02-24 03:00:00,7,-1,0.0,4.1,1,0,57,11:41 PM,09:41 AM,06:33 AM,05:34 PM,-2,-3,0,-3,10,100,85,0.1,1017,-0,7,110,9
2019-02-24 06:00:00,7,-1,0.0,4.1,1,0,57,11:41 PM,09:41 AM,06:33 AM,05:34 PM,-0,-2,1,-2,15,100,92,0.3,1017,1,2,106,10
2019-02-24 09:00:00,7,-1,0.0,4.1,1,1,57,11:41 PM,09:41 AM,06:33 AM,05:34 PM,1,-1,2,-1,20,100,91,1.2,1009,1,4,111,10
2019-02-24 12:00:00,7,-1,0.0,4.1,1,1,57,11:41 PM,09:41 AM,06:33 AM,05:34 PM,2,2,4,2,28,100,89,2.4,1002,3,8,117,7
2019-02-24 15:00:00,7,-1,0.0,4.1,1,2,57,11:41 PM,09:41 AM,06:33 AM,05:34 PM,3,4,6,4,25,100,82,0.5,995,5,10,125,9
2019-02-24 18:00:00,7,-1,0.0,4.1,1,0,57,11:41 PM,09:41 AM,06:33 AM,05:34 PM,2,5,8,5,17,92,71,0.9,991,7,7,163,15
2019-02-24 21:00:00,7,-1,0.0,4.1,1,0,57,11:41 PM,09:41 AM,06:33 AM,05:34 PM,0,3,7,3,26,57,67,0.0,994,6,5,232,19
2019-02-25 00:00:00,1,-5,0.1,4.1,2,0,50,No moonrise,10:14 AM,06:32 AM,05:36 PM,-1,0,4,0,33,27,70,0.0,1000,4,10,261,18
2019-02-25 03:00:00,1,-5,0.1,4.1,2,0,50,No moonrise,10:14 AM,06:32 AM,05:36 PM,-3,-4,0,-4,28,52,78,0.0,1009,-1,10,249,13
2019-02-25 06:00:00,1,-5,0.1,4.1,2,0,50,No moonrise,10:14 AM,06:32 AM,05:36 PM,-4,-5,-0,-5,26,80,74,0.1,1006,-1,10,252,12
2019-02-25 09:00:00,1,-5,0.1,4.1,2,1,50,No moonrise,10:14 AM,06:32 AM,05:36 PM,-5,-3,1,-3,30,85,64,0.0,1009,1,7,264,18
2019-02-25 12:00:00,1,-5,0.1,4.1,2,1,50,No moonrise,10:14 AM,06:32 AM,05:36 PM,-10,-4,2,-4,40,90,42,0.1,1007,1,5,282,30
2019-02-25 15:00:00,1,-5,0.1,4.1,2,1,50,No moonrise,10:14 AM,06:32 AM,05:36 PM,-10,-4,2,-4,43,91,41,0.0,1010,1,7,286,30
2019-02-25 18:00:00,1,-5,0.1,4.1,2,0,50,No moonrise,10:14 AM,06:32 AM,05:36 PM,-12,-6,0,-6,45,94,41,0.1,1011,-1,5,291,30
2019-02-25 21:00:00,1,-5,0.1,4.1,2,0,50,No moonrise,10:14 AM,06:32 AM,05:36 PM,-13,-10,-3,-10,44,74,43,0.0,1015,-4,10,293,29
2019-02-26 00:00:00,-3,-10,0.0,8.7,2,0,42,12:46 AM,10:51 AM,06:30 AM,05:37 PM,-15,-12,-5,-12,42,23,44,0.0,1018,-6,10,298,26
2019-02-26 03:00:00,-3,-10,0.0,8.7,2,0,42,12:46 AM,10:51 AM,06:30 AM,05:37 PM,-15,-13,-6,-13,34,16,48,0.0,1020,-7,10,302,21
2019-02-26 06:00:00,-3,-10,0.0,8.7,2,0,42,12:46 AM,10:51 AM,06:30 AM,05:37 PM,-15,-13,-6,-13,29,4,51,0.0,1024,-7,10,302,17
2019-02-26 09:00:00,-3,-10,0.0,8.7,2,2,42,12:46 AM,10:51 AM,06:30 AM,05:37 PM,-18,-13,-6,-13,26,8,41,0.0,1026,-7,10,300,20
2019-02-26 12:00:00,-3,-10,0.0,8.7,2,2,42,12:46 AM,10:51 AM,06:30 AM,05:37 PM,-17,-9,-3,-9,27,12,34,0.0,1027,-4,10,299,18
2019-02-26 15:00:00,-3,-10,0.0,8.7,2,2,42,12:46 AM,10:51 AM,06:30 AM,05:37 PM,-16,-8,-3,-8,30,17,34,0.0,1026,-4,10,297,15
2019-02-26 18:00:00,-3,-10,0.0,8.7,2,0,42,12:46 AM,10:51 AM,06:30 AM,05:37 PM,-17,-11,-5,-11,30,9,37,0.0,1026,-6,10,299,17
2019-02-26 21:00:00,-3,-10,0.0,8.7,2,0,42,12:46 AM,10:51 AM,06:30 AM,05:37 PM,-18,-13,-8,-13,24,15,40,0.0,1027,-9,10,304,13
2019-02-27 00:00:00,-4,-13,0.4,5.7,2,0,35,01:47 AM,11:31 AM,06:29 AM,05:38 PM,-19,-15,-10,-15,18,30,43,0.0,1028,-11,10,311,9
2019-02-27 03:00:00,-4,-13,0.4,5.7,2,0,35,01:47 AM,11:31 AM,06:29 AM,05:38 PM,-20,-17,-11,-17,15,39,50,0.0,1028,-12,10,324,8
2019-02-27 06:00:00,-4,-13,0.4,5.7,2,0,35,01:47 AM,11:31 AM,06:29 AM,05:38 PM,-20,-17,-12,-17,10,29,54,0.0,1027,-13,10,337,8
2019-02-27 09:00:00,-4,-13,0.4,5.7,2,1,35,01:47 AM,11:31 AM,06:29 AM,05:38 PM,-17,-15,-10,-15,3,59,55,0.0,1026,-11,10,311,8
2019-02-27 12:00:00,-4,-13,0.4,5.7,2,2,35,01:47 AM,11:31 AM,06:29 AM,05:38 PM,-13,-9,-5,-9,3,74,54,0.0,1024,-6,10,239,8
2019-02-27 15:00:00,-4,-13,0.4,5.7,2,1,35,01:47 AM,11:31 AM,06:29 AM,05:38 PM,-13,-8,-4,-8,6,73,51,0.1,1021,-5,8,221,10
2019-02-27 18:00:00,-4,-13,0.4,5.7,2,0,35,01:47 AM,11:31 AM,06:29 AM,05:38 PM,-15,-12,-7,-12,8,100,52,0.1,1020,-8,7,173,9
2019-02-27 21:00:00,-4,-13,0.4,5.7,2,0,35,01:47 AM,11:31 AM,06:29 AM,05:38 PM,-14,-13,-8,-13,11,100,60,0.4,1020,-9,7,139,6
2019-02-28 00:00:00,-2,-13,0.3,7.2,1,0,27,02:44 AM,12:16 PM,06:27 AM,05:39 PM,-15,-14,-10,-14,9,100,63,0.7,1020,-11,5,124,6
2019-02-28 03:00:00,-2,-13,0.3,7.2,1,0,27,02:44 AM,12:16 PM,06:27 AM,05:39 PM,-16,-16,-11,-16,8,100,69,0.3,1021,-12,7,118,7
2019-02-28 06:00:00,-2,-13,0.3,7.2,1,0,27,02:44 AM,12:16 PM,06:27 AM,05:39 PM,-15,-16,-12,-16,5,95,73,0.6,1022,-13,5,93,9
2019-02-28 09:00:00,-2,-13,0.3,7.2,1,2,27,02:44 AM,12:16 PM,06:27 AM,05:39 PM,-14,-13,-9,-13,6,68,65,0.0,1023,-10,10,147,7
2019-02-28 12:00:00,-2,-13,0.3,7.2,1,2,27,02:44 AM,12:16 PM,06:27 AM,05:39 PM,-13,-7,-3,-7,11,29,47,0.0,1024,-4,10,327,9
2019-02-28 15:00:00,-2,-13,0.3,7.2,1,2,27,02:44 AM,12:16 PM,06:27 AM,05:39 PM,-12,-5,-1,-5,11,13,42,0.0,1023,-2,10,340,11
2019-02-28 18:00:00,-2,-13,0.3,7.2,1,0,27,02:44 AM,12:16 PM,06:27 AM,05:39 PM,-12,-7,-3,-7,11,16,49,0.0,1024,-4,10,348,10
2019-02-28 21:00:00,-2,-13,0.3,7.2,1,0,27,02:44 AM,12:16 PM,06:27 AM,05:39 PM,-12,-9,-5,-9,8,34,61,0.0,1025,-6,10,348,8
2019-03-01 00:00:00,1,-12,0.0,4.2,1,0,26,03:36 AM,01:05 PM,06:26 AM,05:40 PM,-14,-13,-9,-13,7,64,65,0.0,1027,-10,10,240,6
2019-03-01 03:00:00,1,-12,0.0,4.2,1,0,26,03:36 AM,01:05 PM,06:26 AM,05:40 PM,-15,-14,-10,-14,6,83,70,0.0,1028,-11,10,33,5
2019-03-01 06:00:00,1,-12,0.0,4.2,1,0,26,03:36 AM,01:05 PM,06:26 AM,05:40 PM,-15,-13,-10,-13,4,90,72,0.0,1029,-11,10,85,4
2019-03-01 09:00:00,1,-12,0.0,4.2,1,1,26,03:36 AM,01:05 PM,06:26 AM,05:40 PM,-13,-7,-7,-7,5,98,63,0.0,1030,-8,10,159,5
2019-03-01 12:00:00,1,-12,0.0,4.2,1,1,26,03:36 AM,01:05 PM,06:26 AM,05:40 PM,-11,-3,-1,-3,9,96,46,0.0,1030,-2,10,194,8
2019-03-01 15:00:00,1,-12,0.0,4.2,1,1,26,03:36 AM,01:05 PM,06:26 AM,05:40 PM,-10,-2,2,-2,10,100,43,0.0,1029,1,10,190,9
2019-03-01 18:00:00,1,-12,0.0,4.2,1,0,26,03:36 AM,01:05 PM,06:26 AM,05:40 PM,-9,-4,0,-4,12,83,52,0.0,1026,-1,10,178,9
2019-03-01 21:00:00,1,-12,0.0,4.2,1,0,26,03:36 AM,01:05 PM,06:26 AM,05:40 PM,-9,-6,-3,-6,10,39,62,0.0,1025,-4,10,155,8
2019-03-02 00:00:00,3,-6,1.2,4.2,2,0,19,04:21 AM,01:58 PM,06:24 AM,05:42 PM,-10,-7,-4,-7,5,26,64,0.0,1028,-5,10,103,7
2019-03-02 03:00:00,3,-6,1.2,4.2,2,0,19,04:21 AM,01:58 PM,06:24 AM,05:42 PM,-10,-8,-5,-8,10,62,69,0.0,1026,-6,10,37,5
2019-03-02 06:00:00,3,-6,1.2,4.2,2,0,19,04:21 AM,01:58 PM,06:24 AM,05:42 PM,-10,-8,-5,-8,14,100,72,0.1,1024,-6,8,28,5
2019-03-02 09:00:00,3,-6,1.2,4.2,2,1,19,04:21 AM,01:58 PM,06:24 AM,05:42 PM,-9,-7,-3,-7,16,100,69,0.5,1021,-4,4,29,8
2019-03-02 12:00:00,3,-6,1.2,4.2,2,1,19,04:21 AM,01:58 PM,06:24 AM,05:42 PM,-8,-5,-1,-5,15,100,62,0.8,1017,-2,5,27,12
2019-03-02 15:00:00,3,-6,1.2,4.2,2,1,19,04:21 AM,01:58 PM,06:24 AM,05:42 PM,-5,-2,1,-2,10,100,64,0.0,1017,1,10,38,10
2019-03-02 18:00:00,3,-6,1.2,4.2,2,0,19,04:21 AM,01:58 PM,06:24 AM,05:42 PM,-4,2,4,2,6,100,71,0.0,1015,2,10,89,9
2019-03-02 21:00:00,3,-6,1.2,4.2,2,0,19,04:21 AM,01:58 PM,06:24 AM,05:42 PM,-10,0,4,0,9,89,60,0.0,1012,0,10,176,17
2019-03-03 00:00:00,5,-10,1.1,8.7,2,0,12,05:02 AM,02:54 PM,06:22 AM,05:43 PM,-12,-5,-1,-5,12,56,60,0.0,1011,-3,10,249,13
2019-03-03 03:00:00,5,-10,1.1,8.7,2,0,12,05:02 AM,02:54 PM,06:22 AM,05:43 PM,-14,-14,-8,-14,17,45,60,0.0,1011,-9,10,287,14
2019-03-03 06:00:00,5,-10,1.1,8.7,2,0,12,05:02 AM,02:54 PM,06:22 AM,05:43 PM,-15,-16,-9,-16,19,49,62,0.0,1013,-10,10,307,14
2019-03-03 09:00:00,5,-10,1.1,8.7,2,1,12,05:02 AM,02:54 PM,06:22 AM,05:43 PM,-14,-14,-8,-14,13,31,60,0.0,1015,-9,10,303,13
2019-03-03 12:00:00,5,-10,1.1,8.7,2,2,12,05:02 AM,02:54 PM,06:22 AM,05:43 PM,-14,-10,-4,-10,8,55,49,0.0,1016,-5,10,289,15
2019-03-03 15:00:00,5,-10,1.1,8.7,2,1,12,05:02 AM,02:54 PM,06:22 AM,05:43 PM,-9,-5,-1,-5,6,30,51,0.0,1016,-1,10,247,13
2019-03-03 18:00:00,5,-10,1.1,8.7,2,0,12,05:02 AM,02:54 PM,06:22 AM,05:43 PM,-6,2,5,2,10,79,60,0.0,1017,4,10,189,10
2019-03-03 21:00:00,5,-10,1.1,8.7,2,0,12,05:02 AM,02:54 PM,06:22 AM,05:43 PM,-10,0,4,0,10,100,70,1.3,1018,1,7,168,13
2019-03-04 00:00:00,2,-11,8.2,5.7,1,0,4,05:38 AM,03:52 PM,06:21 AM,05:44 PM,-6,-7,-4,-7,8,100,87,2.6,1017,-4,2,117,6
2019-03-04 03:00:00,2,-11,8.2,5.7,1,0,4,05:38 AM,03:52 PM,06:21 AM,05:44 PM,-15,-15,-10,-15,10,100,67,2.3,1019,-11,2,55,10
2019-03-04 06:00:00,2,-11,8.2,5.7,1,0,4,05:38 AM,03:52 PM,06:21 AM,05:44 PM,-15,-15,-10,-15,17,100,69,4.4,1020,-11,2,127,11
2019-03-04 09:00:00,2,-11,8.2,5.7,1,1,4,05:38 AM,03:52 PM,06:21 AM,05:44 PM,-9,-10,-5,-10,18,92,75,0.3,1016,-6,3,344,10
2019-03-04 12:00:00,2,-11,8.2,5.7,1,2,4,05:38 AM,03:52 PM,06:21 AM,05:44 PM,0,-2,2,-2,19,65,87,0.1,1006,2,7,324,15
2019-03-04 15:00:00,2,-11,8.2,5.7,1,2,4,05:38 AM,03:52 PM,06:21 AM,05:44 PM,-1,-3,2,-3,22,28,80,0.0,1007,2,10,306,18
2019-03-04 18:00:00,2,-11,8.2,5.7,1,0,4,05:38 AM,03:52 PM,06:21 AM,05:44 PM,-5,-3,1,-3,24,1,78,0.0,1008,-0,10,299,17
2019-03-04 21:00:00,2,-11,8.2,5.7,1,0,4,05:38 AM,03:52 PM,06:21 AM,05:44 PM,-10,-3,-0,-3,24,1,80,0.0,1012,-3,10,301,14
2019-03-05 00:00:00,-2,-10,0.0,8.7,2,0,0,06:09 AM,04:50 PM,06:19 AM,05:45 PM,-12,-8,-4,-8,16,1,82,0.0,1016,-7,10,304,10
2019-03-05 03:00:00,-2,-10,0.0,8.7,2,0,0,06:09 AM,04:50 PM,06:19 AM,05:45 PM,-12,-14,-10,-14,11,0,85,0.0,1017,-10,10,288,8
2019-03-05 06:00:00,-2,-10,0.0,8.7,2,0,0,06:09 AM,04:50 PM,06:19 AM,05:45 PM,-12,-14,-10,-14,8,0,86,0.0,1018,-10,10,261,6
2019-03-05 09:00:00,-2,-10,0.0,8.7,2,2,0,06:09 AM,04:50 PM,06:19 AM,05:45 PM,-11,-11,-8,-11,6,5,79,0.0,1019,-8,10,245,5
2019-03-05 12:00:00,-2,-10,0.0,8.7,2,2,0,06:09 AM,04:50 PM,06:19 AM,05:45 PM,-10,-8,-4,-8,10,24,65,0.0,1017,-4,10,239,9
2019-03-05 15:00:00,-2,-10,0.0,8.7,2,1,0,06:09 AM,04:50 PM,06:19 AM,05:45 PM,-8,-7,-2,-7,14,59,66,0.0,1015,-2,10,223,12
2019-03-05 18:00:00,-2,-10,0.0,8.7,2,0,0,06:09 AM,04:50 PM,06:19 AM,05:45 PM,-7,-8,-4,-8,15,87,77,0.1,1014,-4,10,220,11
2019-03-05 21:00:00,-2,-10,0.0,8.7,2,0,0,06:09 AM,04:50 PM,06:19 AM,05:45 PM,-8,-9,-6,-9,12,78,90,0.0,1014,-7,8,252,6
2019-03-06 00:00:00,-5,-12,0.0,5.7,2,0,0,06:37 AM,05:49 PM,06:18 AM,05:46 PM,-9,-10,-6,-10,14,70,86,0.1,1015,-9,7,322,9
2019-03-06 03:00:00,-5,-12,0.0,5.7,2,0,0,06:37 AM,05:49 PM,06:18 AM,05:46 PM,-13,-16,-10,-16,16,11,83,0.0,1015,-10,10,301,10
2019-03-06 06:00:00,-5,-12,0.0,5.7,2,0,0,06:37 AM,05:49 PM,06:18 AM,05:46 PM,-14,-17,-12,-17,16,7,84,0.0,1016,-12,10,289,10
2019-03-06 09:00:00,-5,-12,0.0,5.7,2,1,0,06:37 AM,05:49 PM,06:18 AM,05:46 PM,-14,-16,-10,-16,17,42,74,0.0,1018,-10,10,289,13
2019-03-06 12:00:00,-5,-12,0.0,5.7,2,2,0,06:37 AM,05:49 PM,06:18 AM,05:46 PM,-15,-14,-7,-14,24,84,53,0.0,1018,-7,10,299,21
2019-03-06 15:00:00,-5,-12,0.0,5.7,2,1,0,06:37 AM,05:49 PM,06:18 AM,05:46 PM,-14,-12,-5,-12,24,69,50,0.0,1018,-5,10,297,21
2019-03-06 18:00:00,-5,-12,0.0,5.7,2,0,0,06:37 AM,05:49 PM,06:18 AM,05:46 PM,-13,-13,-7,-13,21,73,62,0.0,1019,-7,10,292,15
2019-03-06 21:00:00,-5,-12,0.0,5.7,2,0,0,06:37 AM,05:49 PM,06:18 AM,05:46 PM,-14,-16,-11,-16,17,23,79,0.0,1022,-11,10,285,8
2019-03-07 00:00:00,-3,-15,0.0,5.7,2,0,3,07:04 AM,06:48 PM,06:16 AM,05:48 PM,-15,-17,-13,-17,15,38,84,0.0,1024,-13,10,282,8
2019-03-07 03:00:00,-3,-15,0.0,5.7,2,0,3,07:04 AM,06:48 PM,06:16 AM,05:48 PM,-16,-18,-14,-18,12,43,86,0.0,1024,-14,10,271,6
2019-03-07 06:00:00,-3,-15,0.0,5.7,2,0,3,07:04 AM,06:48 PM,06:16 AM,05:48 PM,-17,-18,-14,-18,9,38,84,0.0,1024,-14,10,252,5
2019-03-07 09:00:00,-3,-15,0.0,5.7,2,1,3,07:04 AM,06:48 PM,06:16 AM,05:48 PM,-16,-15,-11,-15,10,55,73,0.0,1025,-11,10,249,7
2019-03-07 12:00:00,-3,-15,0.0,5.7,2,1,3,07:04 AM,06:48 PM,06:16 AM,05:48 PM,-13,-10,-6,-10,14,71,55,0.0,1024,-6,10,263,12
2019-03-07 15:00:00,-3,-15,0.0,5.7,2,1,3,07:04 AM,06:48 PM,06:16 AM,05:48 PM,-11,-8,-3,-8,17,83,53,0.0,1023,-3,9,270,14
2019-03-07 18:00:00,-3,-15,0.0,5.7,2,0,3,07:04 AM,06:48 PM,06:16 AM,05:48 PM,-10,-8,-4,-8,17,59,64,0.1,1024,-4,8,280,12
2019-03-07 21:00:00,-3,-15,0.0,5.7,2,0,3,07:04 AM,06:48 PM,06:16 AM,05:48 PM,-10,-11,-7,-11,14,19,81,0.0,1026,-7,10,287,8
2019-03-08 00:00:00,1,-12,0.0,7.2,2,0,10,07:30 AM,07:48 PM,06:14 AM,05:49 PM,-11,-12,-9,-12,9,0,84,0.0,1029,-9,10,272,5
2019-03-08 03:00:00,1,-12,0.0,7.2,2,0,10,07:30 AM,07:48 PM,06:14 AM,05:49 PM,-12,-12,-10,-12,6,3,88,0.0,1030,-10,10,247,4
2019-03-08 06:00:00,1,-12,0.0,7.2,2,0,10,07:30 AM,07:48 PM,06:14 AM,05:49 PM,-13,-14,-12,-14,9,16,87,0.0,1030,-12,10,216,4
2019-03-08 09:00:00,1,-12,0.0,7.2,2,2,10,07:30 AM,07:48 PM,06:14 AM,05:49 PM,-12,-11,-8,-11,9,32,76,0.0,1030,-8,10,215,6
2019-03-08 12:00:00,1,-12,0.0,7.2,2,1,10,07:30 AM,07:48 PM,06:14 AM,05:49 PM,-9,-5,-1,-5,10,51,58,0.0,1028,-1,10,220,9
2019-03-08 15:00:00,1,-12,0.0,7.2,2,2,10,07:30 AM,07:48 PM,06:14 AM,05:49 PM,-6,-2,1,-2,14,63,59,0.0,1026,1,10,221,12
2019-03-08 18:00:00,1,-12,0.0,7.2,2,0,10,07:30 AM,07:48 PM,06:14 AM,05:49 PM,-5,-2,1,-2,16,23,71,0.0,1025,0,10,212,11
2019-03-08 21:00:00,1,-12,0.0,7.2,2,0,10,07:30 AM,07:48 PM,06:14 AM,05:49 PM,-6,-5,-2,-5,16,34,89,0.0,1025,-4,10,209,8
2019-03-09 00:00:00,10,-6,0.0,8.7,2,0,17,07:55 AM,08:49 PM,06:13 AM,05:50 PM,-7,-9,-6,-9,12,9,90,0.0,1024,-6,10,228,6
2019-03-09 03:00:00,10,-6,0.0,8.7,2,0,17,07:55 AM,08:49 PM,06:13 AM,05:50 PM,-6,-7,-5,-7,8,3,91,0.0,1024,-5,10,240,4
2019-03-09 06:00:00,10,-6,0.0,8.7,2,0,17,07:55 AM,08:49 PM,06:13 AM,05:50 PM,-6,-5,-4,-5,6,0,91,0.0,1025,-4,10,262,3
2019-03-09 09:00:00,10,-6,0.0,8.7,2,2,17,07:55 AM,08:49 PM,06:13 AM,05:50 PM,-5,-3,-1,-3,6,0,79,0.0,1026,-1,10,303,5
2019-03-09 12:00:00,10,-6,0.0,8.7,2,3,17,07:55 AM,08:49 PM,06:13 AM,05:50 PM,-2,5,6,5,6,0,56,0.0,1027,6,10,222,6
2019-03-09 15:00:00,10,-6,0.0,8.7,2,3,17,07:55 AM,08:49 PM,06:13 AM,05:50 PM,-0,9,9,9,5,2,53,0.0,1027,9,10,26,4
2019-03-09 18:00:00,10,-6,0.0,8.7,2,0,17,07:55 AM,08:49 PM,06:13 AM,05:50 PM,-2,6,7,6,7,6,66,0.0,1028,6,10,81,5
2019-03-09 21:00:00,10,-6,0.0,8.7,2,0,17,07:55 AM,08:49 PM,06:13 AM,05:50 PM,-3,4,6,4,12,29,86,0.0,1029,4,10,88,6
2019-03-10 00:00:00,5,-2,0.0,4.3,2,0,24,08:21 AM,09:51 PM,06:11 AM,05:51 PM,-4,-1,1,-1,15,53,89,0.0,1030,0,10,97,8
2019-03-10 03:00:00,5,-2,0.0,4.3,2,0,24,08:21 AM,09:51 PM,06:11 AM,05:51 PM,-4,-6,-2,-6,17,36,87,0.0,1029,-2,10,110,10
2019-03-10 06:00:00,5,-2,0.0,4.3,2,0,24,08:21 AM,09:51 PM,06:11 AM,05:51 PM,-3,-5,-1,-5,21,88,86,0.0,1028,-1,10,111,13
2019-03-10 09:00:00,5,-2,0.0,4.3,2,1,24,08:21 AM,09:51 PM,06:11 AM,05:51 PM,-2,-5,-0,-5,24,100,91,0.6,1026,-0,10,113,17
2019-03-10 12:00:00,5,-2,0.0,4.3,2,1,24,08:21 AM,09:51 PM,06:11 AM,05:51 PM,-1,-4,0,-4,25,100,92,1.2,1023,0,7,116,17
2019-03-10 15:00:00,5,-2,0.0,4.3,2,1,24,08:21 AM,09:51 PM,06:11 AM,05:51 PM,1,-2,2,-2,21,100,95,0.2,1018,2,2,109,13
2019-03-10 18:00:00,5,-2,0.0,4.3,2,0,24,08:21 AM,09:51 PM,06:11 AM,05:51 PM,4,3,4,3,9,100,97,0.1,1014,4,1,159,6
2019-03-10 21:00:00,5,-2,0.0,4.3,2,0,24,08:21 AM,09:51 PM,06:11 AM,05:51 PM,2,1,2,1,6,74,97,0.0,1014,2,1,238,3
2019-03-11 00:00:00,5,-2,0.0,7.2,2,0,32,08:51 AM,10:54 PM,06:09 AM,05:52 PM,-0,-2,1,-2,15,17,94,0.0,1015,1,5,247,7
2019-03-11 03:00:00,5,-2,0.0,7.2,2,0,32,08:51 AM,10:54 PM,06:09 AM,05:52 PM,-1,-2,1,-2,17,9,92,0.0,1014,1,10,264,8
2019-03-11 06:00:00,5,-2,0.0,7.2,2,0,32,08:51 AM,10:54 PM,06:09 AM,05:52 PM,-2,-3,-1,-3,15,9,90,0.0,1015,-1,10,253,7
2019-03-11 09:00:00,5,-2,0.0,7.2,2,2,32,08:51 AM,10:54 PM,06:09 AM,05:52 PM,-1,-2,1,-2,17,7,85,0.0,1015,1,10,256,11
2019-03-11 12:00:00,5,-2,0.0,7.2,2,1,32,08:51 AM,10:54 PM,06:09 AM,05:52 PM,-0,0,4,0,23,40,73,0.0,1016,4,10,274,18
2019-03-11 15:00:00,5,-2,0.0,7.2,2,2,32,08:51 AM,10:54 PM,06:09 AM,05:52 PM,-0,1,5,1,23,81,71,0.0,1015,5,10,269,17
2019-03-11 18:00:00,5,-2,0.0,7.2,2,0,32,08:51 AM,10:54 PM,06:09 AM,05:52 PM,-1,-0,3,-0,20,51,78,0.0,1015,3,10,271,12
2019-03-11 21:00:00,5,-2,0.0,7.2,2,0,32,08:51 AM,10:54 PM,06:09 AM,05:52 PM,-3,-4,-0,-4,24,24,82,0.0,1017,-0,10,285,12
